20260514_084740,S01,G1,star_first,121,4.0,116,data\raw\S01\20260514_084740_S01_G1_T121.csv,2026-05-14T08:47:45
20260514_084740,S01,G1,star_first,122,4.0,120,data\raw\S01\20260514_084740_S01_G1_T122.csv,2026-05-14T08:47:50
20260514_084740,S01,G1,star_first,123,4.0,115,data\raw\S01\20260514_084740_S01_G1_T123.csv,2026-05-14T08:47:55
20260514_084740,S01,G1,star_first,124,4.0,119,data\raw\S01\20260514_084740_S01_G1_T124.csv,2026-05-14T08:48:00
20260514_084740,S01,G1,star_first,125,4.0,123,data\raw\S01\20260514_084740_S01_G1_T125.csv,2026-05-14T08:48:06
20260514_084740,S01,G1,star_first,126,4.0,122,data\raw\S01\20260514_084740_S01_G1_T126.csv,2026-05-14T08:48:11
20260514_084740,S01,G1,star_first,127,4.0,110,data\raw\S01\20260514_084740_S01_G1_T127.csv,2026-05-14T08:48:16
20260514_084740,S01,G1,star_first,128,4.0,118,data\raw\S01\20260514_084740_S01_G1_T128.csv,2026-05-14T08:48:21
20260514_084740,S01,G1,star_first,129,4.0,122,data\raw\S01\20260514_084740_S01_G1_T129.csv,2026-05-14T08:48:26
20260514_084740,S01,G1,star_first,130,4.0,111,data\raw\S01\20260514_084740_S01_G1_T130.csv,2026-05-14T08:48:31
20260514_084740,S01,G1,star_first,131,4.0,126,data\raw\S01\20260514_084740_S01_G1_T131.csv,2026-05-14T08:48:37
20260514_084740,S01,G1,star_first,132,4.0,117,data\raw\S01\20260514_084740_S01_G1_T132.csv,2026-05-14T08:48:42
20260514_084740,S01,G1,star_first,133,4.0,117,data\raw\S01\20260514_084740_S01_G1_T133.csv,2026-05-14T08:48:47
20260514_084740,S01,G1,star_first,134,4.0,116,data\raw\S01\20260514_084740_S01_G1_T134.csv,2026-05-14T08:48:52
20260514_084740,S01,G1,star_first,135,4.0,129,data\raw\S01\20260514_084740_S01_G1_T135.csv,2026-05-14T08:48:57
20260514_084740,S01,G1,star_first,136,4.0,128,data\raw\S01\20260514_084740_S01_G1_T136.csv,2026-05-14T08:49:02
20260514_084740,S01,G1,star_first,137,4.0,118,data\raw\S01\20260514_084740_S01_G1_T137.csv,2026-05-14T08:49:08
20260514_084740,S01,G1,star_first,138,4.0,117,data\raw\S01\20260514_084740_S01_G1_T138.csv,2026-05-14T08:49:13
20260514_084740,S01,G1,star_first,139,4.0,112,data\raw\S01\20260514_084740_S01_G1_T139.csv,2026-05-14T08:49:18
20260514_084740,S01,G1,star_first,140,4.0,116,data\raw\S01\20260514_084740_S01_G1_T140.csv,2026-05-14T08:49:23
20260514_084740,S01,G1,star_first,141,4.0,109,data\raw\S01\20260514_084740_S01_G1_T141.csv,2026-05-14T08:49:29
20260514_084740,S01,G1,star_first,142,4.0,123,data\raw\S01\20260514_084740_S01_G1_T142.csv,2026-05-14T08:49:34
20260514_084740,S01,G1,star_first,143,4.0,118,data\raw\S01\20260514_084740_S01_G1_T143.csv,2026-05-14T08:49:39
20260514_084740,S01,G1,star_first,144,4.0,121,data\raw\S01\20260514_084740_S01_G1_T144.csv,2026-05-14T08:49:44
20260514_084740,S01,G1,star_first,145,4.0,129,data\raw\S01\20260514_084740_S01_G1_T145.csv,2026-05-14T08:49:50
20260514_084740,S01,G1,star_first,146,4.0,128,data\raw\S01\20260514_084740_S01_G1_T146.csv,2026-05-14T08:49:55
20260514_084740,S01,G1,star_first,147,4.0,117,data\raw\S01\20260514_084740_S01_G1_T147.csv,2026-05-14T08:50:00
20260514_084740,S01,G1,star_first,148,4.0,124,data\raw\S01\20260514_084740_S01_G1_T148.csv,2026-05-14T08:50:05
20260514_084740,S01,G1,star_first,149,4.0,114,data\raw\S01\20260514_084740_S01_G1_T149.csv,2026-05-14T08:50:10
20260514_084740,S01,G1,star_first,150,4.0,115,data\raw\S01\20260514_084740_S01_G1_T150.csv,2026-05-14T08:50:15
20260514_085956,S01,G2,select_wrist_rotate,1,4.0,119,data\raw\S01\20260514_085956_S01_G2_T001.csv,2026-05-14T09:00:01
20260514_085956,S01,G2,select_wrist_rotate,2,4.0,127,data\raw\S01\20260514_085956_S01_G2_T002.csv,2026-05-14T09:00:06
20260514_085956,S01,G2,select_wrist_rotate,3,4.0,120,data\raw\S01\20260514_085956_S01_G2_T003.csv,2026-05-14T09:00:12
20260514_085956,S01,G2,select_wrist_rotate,4,4.0,118,data\raw\S01\20260514_085956_S01_G2_T004.csv,2026-05-14T09:00:17
20260514_085956,S01,G2,select_wrist_rotate,5,4.0,117,data\raw\S01\20260514_085956_S01_G2_T005.csv,2026-05-14T09:00:22
20260514_085956,S01,G2,select_wrist_rotate,6,4.0,113,data\raw\S01\20260514_085956_S01_G2_T006.csv,2026-05-14T09:00:27
20260514_085956,S01,G2,select_wrist_rotate,7,4.0,113,data\raw\S01\20260514_085956_S01_G2_T007.csv,2026-05-14T09:00:32
20260514_085956,S01,G2,select_wrist_rotate,8,4.0,120,data\raw\S01\20260514_085956_S01_G2_T008.csv,2026-05-14T09:00:38
20260514_085956,S01,G2,select_wrist_rotate,9,4.0,113,data\raw\S01\20260514_085956_S01_G2_T009.csv,2026-05-14T09:00:43
20260514_085956,S01,G2,select_wrist_rotate,10,4.0,114,data\raw\S01\20260514_085956_S01_G2_T010.csv,2026-05-14T09:00:48
20260514_085956,S01,G2,select_wrist_rotate,11,4.0,115,data\raw\S01\20260514_085956_S01_G2_T011.csv,2026-05-14T09:00:53
20260514_085956,S01,G2,select_wrist_rotate,12,4.0,112,data\raw\S01\20260514_085956_S01_G2_T012.csv,2026-05-14T09:00:59
20260514_085956,S01,G2,select_wrist_rotate,13,4.0,114,data\raw\S01\20260514_085956_S01_G2_T013.csv,2026-05-14T09:01:04
20260514_085956,S01,G2,select_wrist_rotate,14,4.0,120,data\raw\S01\20260514_085956_S01_G2_T014.csv,2026-05-14T09:01:09
20260514_085956,S01,G2,select_wrist_rotate,15,4.0,119,data\raw\S01\20260514_085956_S01_G2_T015.csv,2026-05-14T09:01:14
20260514_085956,S01,G2,select_wrist_rotate,16,4.0,124,data\raw\S01\20260514_085956_S01_G2_T016.csv,2026-05-14T09:01:19
20260514_085956,S01,G2,select_wrist_rotate,17,4.0,126,data\raw\S01\20260514_085956_S01_G2_T017.csv,2026-05-14T09:01:24
20260514_085956,S01,G2,select_wrist_rotate,18,4.0,115,data\raw\S01\20260514_085956_S01_G2_T018.csv,2026-05-14T09:01:30
20260514_085956,S01,G2,select_wrist_rotate,19,4.0,115,data\raw\S01\20260514_085956_S01_G2_T019.csv,2026-05-14T09:01:35
20260514_085956,S01,G2,select_wrist_rotate,20,4.0,121,data\raw\S01\20260514_085956_S01_G2_T020.csv,2026-05-14T09:01:40
20260514_085956,S01,G2,select_wrist_rotate,21,4.0,110,data\raw\S01\20260514_085956_S01_G2_T021.csv,2026-05-14T09:01:45
20260514_085956,S01,G2,select_wrist_rotate,22,4.0,109,data\raw\S01\20260514_085956_S01_G2_T022.csv,2026-05-14T09:01:50
20260514_085956,S01,G2,select_wrist_rotate,23,4.0,113,data\raw\S01\20260514_085956_S01_G2_T023.csv,2026-05-14T09:01:55
20260514_085956,S01,G2,select_wrist_rotate,24,4.0,114,data\raw\S01\20260514_085956_S01_G2_T024.csv,2026-05-14T09:02:01
20260514_085956,S01,G2,select_wrist_rotate,25,4.0,118,data\raw\S01\20260514_085956_S01_G2_T025.csv,2026-05-14T09:02:06
20260514_085956,S01,G2,select_wrist_rotate,26,4.0,126,data\raw\S01\20260514_085956_S01_G2_T026.csv,2026-05-14T09:02:11
20260514_085956,S01,G2,select_wrist_rotate,27,4.0,126,data\raw\S01\20260514_085956_S01_G2_T027.csv,2026-05-14T09:02:16
20260514_085956,S01,G2,select_wrist_rotate,28,4.0,114,data\raw\S01\20260514_085956_S01_G2_T028.csv,2026-05-14T09:02:21
20260514_085956,S01,G2,select_wrist_rotate,29,4.0,118,data\raw\S01\20260514_085956_S01_G2_T029.csv,2026-05-14T09:02:27
20260514_085956,S01,G2,select_wrist_rotate,30,4.0,119,data\raw\S01\20260514_085956_S01_G2_T030.csv,2026-05-14T09:02:32
20260514_090514,S01,G3,tv_favorite_chanel,1,4.0,112,data\raw\S01\20260514_090514_S01_G3_T001.csv,2026-05-14T09:05:19
20260514_090514,S01,G3,tv_favorite_chanel,2,4.0,123,data\raw\S01\20260514_090514_S01_G3_T002.csv,2026-05-14T09:05:24
20260514_090514,S01,G3,tv_favorite_chanel,3,4.0,117,data\raw\S01\20260514_090514_S01_G3_T003.csv,2026-05-14T09:05:29
20260514_090514,S01,G3,tv_favorite_chanel,4,4.0,113,data\raw\S01\20260514_090514_S01_G3_T004.csv,2026-05-14T09:05:35
20260514_090514,S01,G3,tv_favorite_chanel,5,4.0,112,data\raw\S01\20260514_090514_S01_G3_T005.csv,2026-05-14T09:05:40
20260514_090514,S01,G3,tv_favorite_chanel,6,4.0,114,data\raw\S01\20260514_090514_S01_G3_T006.csv,2026-05-14T09:05:45
20260514_090514,S01,G3,tv_favorite_chanel,7,4.0,112,data\raw\S01\20260514_090514_S01_G3_T007.csv,2026-05-14T09:05:50
20260514_090514,S01,G3,tv_favorite_chanel,8,4.0,113,data\raw\S01\20260514_090514_S01_G3_T008.csv,2026-05-14T09:05:55
20260514_090514,S01,G3,tv_favorite_chanel,9,4.0,118,data\raw\S01\20260514_090514_S01_G3_T009.csv,2026-05-14T09:06:00
20260514_090514,S01,G3,tv_favorite_chanel,10,4.0,118,data\raw\S01\20260514_090514_S01_G3_T010.csv,2026-05-14T09:06:06
20260514_090514,S01,G3,tv_favorite_chanel,11,4.0,125,data\raw\S01\20260514_090514_S01_G3_T011.csv,2026-05-14T09:06:11
20260514_090514,S01,G3,tv_favorite_chanel,12,4.0,118,data\raw\S01\20260514_090514_S01_G3_T012.csv,2026-05-14T09:06:16
20260514_090514,S01,G3,tv_favorite_chanel,13,4.0,116,data\raw\S01\20260514_090514_S01_G3_T013.csv,2026-05-14T09:06:21
20260514_090514,S01,G3,tv_favorite_chanel,14,4.0,111,data\raw\S01\20260514_090514_S01_G3_T014.csv,2026-05-14T09:06:26
20260514_090514,S01,G3,tv_favorite_chanel,15,4.0,114,data\raw\S01\20260514_090514_S01_G3_T015.csv,2026-05-14T09:06:32
20260514_090514,S01,G3,tv_favorite_chanel,16,4.0,122,data\raw\S01\20260514_090514_S01_G3_T016.csv,2026-05-14T09:06:37
20260514_090514,S01,G3,tv_favorite_chanel,17,4.0,114,data\raw\S01\20260514_090514_S01_G3_T017.csv,2026-05-14T09:06:42
20260514_090514,S01,G3,tv_favorite_chanel,18,4.0,113,data\raw\S01\20260514_090514_S01_G3_T018.csv,2026-05-14T09:06:47
20260514_090514,S01,G3,tv_favorite_chanel,19,4.0,114,data\raw\S01\20260514_090514_S01_G3_T019.csv,2026-05-14T09:06:52
20260514_090514,S01,G3,tv_favorite_chanel,20,4.0,121,data\raw\S01\20260514_090514_S01_G3_T020.csv,2026-05-14T09:06:57
20260514_090514,S01,G3,tv_favorite_chanel,21,4.0,117,data\raw\S01\20260514_090514_S01_G3_T021.csv,2026-05-14T09:07:03
20260514_090514,S01,G3,tv_favorite_chanel,22,4.0,113,data\raw\S01\20260514_090514_S01_G3_T022.csv,2026-05-14T09:07:08
20260514_090514,S01,G3,tv_favorite_chanel,23,4.0,128,data\raw\S01\20260514_090514_S01_G3_T023.csv,2026-05-14T09:07:13
20260514_090514,S01,G3,tv_favorite_chanel,24,4.0,121,data\raw\S01\20260514_090514_S01_G3_T024.csv,2026-05-14T09:07:18
20260514_090514,S01,G3,tv_favorite_chanel,25,4.0,122,data\raw\S01\20260514_090514_S01_G3_T025.csv,2026-05-14T09:07:24
20260514_090514,S01,G3,tv_favorite_chanel,26,4.0,119,data\raw\S01\20260514_090514_S01_G3_T026.csv,2026-05-14T09:07:29
20260514_090514,S01,G3,tv_favorite_chanel,27,4.0,114,data\raw\S01\20260514_090514_S01_G3_T027.csv,2026-05-14T09:07:34
20260514_090514,S01,G3,tv_favorite_chanel,28,4.0,119,data\raw\S01\20260514_090514_S01_G3_T028.csv,2026-05-14T09:07:39
20260514_090514,S01,G3,tv_favorite_chanel,29,4.0,113,data\raw\S01\20260514_090514_S01_G3_T029.csv,2026-05-14T09:07:44
20260514_090514,S01,G3,tv_favorite_chanel,30,4.0,119,data\raw\S01\20260514_090514_S01_G3_T030.csv,2026-05-14T09:07:49
20260514_091624,S01,G4,tv_swtich_source,1,4.0,112,data\raw\S01\20260514_091624_S01_G4_T001.csv,2026-05-14T09:16:29
20260514_091624,S01,G4,tv_swtich_source,2,4.0,113,data\raw\S01\20260514_091624_S01_G4_T002.csv,2026-05-14T09:16:34
20260514_091624,S01,G4,tv_swtich_source,3,4.0,110,data\raw\S01\20260514_091624_S01_G4_T003.csv,2026-05-14T09:16:39
20260514_091624,S01,G4,tv_swtich_source,4,4.0,116,data\raw\S01\20260514_091624_S01_G4_T004.csv,2026-05-14T09:16:44
20260514_091624,S01,G4,tv_swtich_source,5,4.0,115,data\raw\S01\20260514_091624_S01_G4_T005.csv,2026-05-14T09:16:49
20260514_091624,S01,G4,tv_swtich_source,6,4.0,123,data\raw\S01\20260514_091624_S01_G4_T006.csv,2026-05-14T09:16:55
20260514_091624,S01,G4,tv_swtich_source,7,4.0,127,data\raw\S01\20260514_091624_S01_G4_T007.csv,2026-05-14T09:17:00
20260514_091624,S01,G4,tv_swtich_source,8,4.0,121,data\raw\S01\20260514_091624_S01_G4_T008.csv,2026-05-14T09:17:05
20260514_091624,S01,G4,tv_swtich_source,9,4.0,116,data\raw\S01\20260514_091624_S01_G4_T009.csv,2026-05-14T09:17:10
20260514_091624,S01,G4,tv_swtich_source,10,4.0,114,data\raw\S01\20260514_091624_S01_G4_T010.csv,2026-05-14T09:17:15
20260514_091624,S01,G4,tv_swtich_source,11,4.0,111,data\raw\S01\20260514_091624_S01_G4_T011.csv,2026-05-14T09:17:21
20260514_091624,S01,G4,tv_swtich_source,12,4.0,114,data\raw\S01\20260514_091624_S01_G4_T012.csv,2026-05-14T09:17:26
20260514_091624,S01,G4,tv_swtich_source,13,4.0,116,data\raw\S01\20260514_091624_S01_G4_T013.csv,2026-05-14T09:17:31
20260514_091624,S01,G4,tv_swtich_source,14,4.0,108,data\raw\S01\20260514_091624_S01_G4_T014.csv,2026-05-14T09:17:36
20260514_091624,S01,G4,tv_swtich_source,15,4.0,121,data\raw\S01\20260514_091624_S01_G4_T015.csv,2026-05-14T09:17:41
20260514_091624,S01,G4,tv_swtich_source,16,4.0,121,data\raw\S01\20260514_091624_S01_G4_T016.csv,2026-05-14T09:17:46
20260514_091624,S01,G4,tv_swtich_source,17,4.0,117,data\raw\S01\20260514_091624_S01_G4_T017.csv,2026-05-14T09:17:52
20260514_091624,S01,G4,tv_swtich_source,18,4.0,118,data\raw\S01\20260514_091624_S01_G4_T018.csv,2026-05-14T09:17:57
20260514_091624,S01,G4,tv_swtich_source,19,4.0,117,data\raw\S01\20260514_091624_S01_G4_T019.csv,2026-05-14T09:18:02
20260514_091624,S01,G4,tv_swtich_source,20,4.0,112,data\raw\S01\20260514_091624_S01_G4_T020.csv,2026-05-14T09:18:07
20260514_091624,S01,G4,tv_swtich_source,21,4.0,122,data\raw\S01\20260514_091624_S01_G4_T021.csv,2026-05-14T09:18:12
20260514_091624,S01,G4,tv_swtich_source,22,4.0,113,data\raw\S01\20260514_091624_S01_G4_T022.csv,2026-05-14T09:18:17
20260514_091624,S01,G4,tv_swtich_source,23,4.0,126,data\raw\S01\20260514_091624_S01_G4_T023.csv,2026-05-14T09:18:23
20260514_091624,S01,G4,tv_swtich_source,24,4.0,126,data\raw\S01\20260514_091624_S01_G4_T024.csv,2026-05-14T09:18:28
20260514_091624,S01,G4,tv_swtich_source,25,4.0,119,data\raw\S01\20260514_091624_S01_G4_T025.csv,2026-05-14T09:18:33
20260514_091624,S01,G4,tv_swtich_source,26,4.0,119,data\raw\S01\20260514_091624_S01_G4_T026.csv,2026-05-14T09:18:38
20260514_091624,S01,G4,tv_swtich_source,27,4.0,113,data\raw\S01\20260514_091624_S01_G4_T027.csv,2026-05-14T09:18:43
20260514_091624,S01,G4,tv_swtich_source,28,4.0,115,data\raw\S01\20260514_091624_S01_G4_T028.csv,2026-05-14T09:18:49
20260514_091624,S01,G4,tv_swtich_source,29,4.0,121,data\raw\S01\20260514_091624_S01_G4_T029.csv,2026-05-14T09:18:54
20260514_091624,S01,G4,tv_swtich_source,30,4.0,108,data\raw\S01\20260514_091624_S01_G4_T030.csv,2026-05-14T09:18:59
20260514_091624,S01,G4,tv_swtich_source,31,4.0,123,data\raw\S01\20260514_091624_S01_G4_T031.csv,2026-05-14T09:19:04
20260514_091624,S01,G4,tv_swtich_source,32,4.0,120,data\raw\S01\20260514_091624_S01_G4_T032.csv,2026-05-14T09:19:09
20260514_091624,S01,G4,tv_swtich_source,33,4.0,115,data\raw\S01\20260514_091624_S01_G4_T033.csv,2026-05-14T09:19:15
20260514_091624,S01,G4,tv_swtich_source,34,4.0,120,data\raw\S01\20260514_091624_S01_G4_T034.csv,2026-05-14T09:19:20
20260514_091624,S01,G4,tv_swtich_source,35,4.0,122,data\raw\S01\20260514_091624_S01_G4_T035.csv,2026-05-14T09:19:25
20260514_091624,S01,G4,tv_swtich_source,36,4.0,122,data\raw\S01\20260514_091624_S01_G4_T036.csv,2026-05-14T09:19:30
20260514_091624,S01,G4,tv_swtich_source,37,4.0,114,data\raw\S01\20260514_091624_S01_G4_T037.csv,2026-05-14T09:19:35
20260514_091624,S01,G4,tv_swtich_source,38,4.0,118,data\raw\S01\20260514_091624_S01_G4_T038.csv,2026-05-14T09:19:41
20260514_091624,S01,G4,tv_swtich_source,39,4.0,119,data\raw\S01\20260514_091624_S01_G4_T039.csv,2026-05-14T09:19:46
20260514_091624,S01,G4,tv_swtich_source,40,4.0,117,data\raw\S01\20260514_091624_S01_G4_T040.csv,2026-05-14T09:19:51
20260514_091624,S01,G4,tv_swtich_source,41,4.0,123,data\raw\S01\20260514_091624_S01_G4_T041.csv,2026-05-14T09:19:56
20260514_091624,S01,G4,tv_swtich_source,42,4.0,117,data\raw\S01\20260514_091624_S01_G4_T042.csv,2026-05-14T09:20:01
20260514_091624,S01,G4,tv_swtich_source,43,4.0,122,data\raw\S01\20260514_091624_S01_G4_T043.csv,2026-05-14T09:20:07
20260514_091624,S01,G4,tv_swtich_source,44,4.0,114,data\raw\S01\20260514_091624_S01_G4_T044.csv,2026-05-14T09:20:12
20260514_091624,S01,G4,tv_swtich_source,45,4.0,121,data\raw\S01\20260514_091624_S01_G4_T045.csv,2026-05-14T09:20:17
20260514_091624,S01,G4,tv_swtich_source,46,4.0,121,data\raw\S01\20260514_091624_S01_G4_T046.csv,2026-05-14T09:20:22
20260514_091624,S01,G4,tv_swtich_source,47,4.0,128,data\raw\S01\20260514_091624_S01_G4_T047.csv,2026-05-14T09:20:27
20260514_091624,S01,G4,tv_swtich_source,48,4.0,117,data\raw\S01\20260514_091624_S01_G4_T048.csv,2026-05-14T09:20:33
20260514_091624,S01,G4,tv_swtich_source,49,4.0,124,data\raw\S01\20260514_091624_S01_G4_T049.csv,2026-05-14T09:20:38
20260514_091624,S01,G4,tv_swtich_source,50,4.0,122,data\raw\S01\20260514_091624_S01_G4_T050.csv,2026-05-14T09:20:43
20260514_092556,S01,G5,tv_channel_up,1,4.0,114,data\raw\S01\20260514_092556_S01_G5_T001.csv,2026-05-14T09:26:02
20260514_092556,S01,G5,tv_channel_up,2,4.0,109,data\raw\S01\20260514_092556_S01_G5_T002.csv,2026-05-14T09:26:07
20260514_092556,S01,G5,tv_channel_up,3,4.0,113,data\raw\S01\20260514_092556_S01_G5_T003.csv,2026-05-14T09:26:12
20260514_092556,S01,G5,tv_channel_up,4,4.0,114,data\raw\S01\20260514_092556_S01_G5_T004.csv,2026-05-14T09:26:17
20260514_092556,S01,G5,tv_channel_up,5,4.0,113,data\raw\S01\20260514_092556_S01_G5_T005.csv,2026-05-14T09:26:22
20260514_092556,S01,G5,tv_channel_up,6,4.0,108,data\raw\S01\20260514_092556_S01_G5_T006.csv,2026-05-14T09:26:27
20260514_092556,S01,G5,tv_channel_up,7,4.0,116,data\raw\S01\20260514_092556_S01_G5_T007.csv,2026-05-14T09:26:33
20260514_092556,S01,G5,tv_channel_up,8,4.0,122,data\raw\S01\20260514_092556_S01_G5_T008.csv,2026-05-14T09:26:38
20260514_092556,S01,G5,tv_channel_up,9,4.0,122,data\raw\S01\20260514_092556_S01_G5_T009.csv,2026-05-14T09:26:43
20260514_092556,S01,G5,tv_channel_up,10,4.0,121,data\raw\S01\20260514_092556_S01_G5_T010.csv,2026-05-14T09:26:48
20260514_092556,S01,G5,tv_channel_up,11,4.0,121,data\raw\S01\20260514_092556_S01_G5_T011.csv,2026-05-14T09:26:53
20260514_092556,S01,G5,tv_channel_up,12,4.0,114,data\raw\S01\20260514_092556_S01_G5_T012.csv,2026-05-14T09:26:59
20260514_092556,S01,G5,tv_channel_up,13,4.0,111,data\raw\S01\20260514_092556_S01_G5_T013.csv,2026-05-14T09:27:04
20260514_092556,S01,G5,tv_channel_up,14,4.0,112,data\raw\S01\20260514_092556_S01_G5_T014.csv,2026-05-14T09:27:09
20260514_092556,S01,G5,tv_channel_up,15,4.0,126,data\raw\S01\20260514_092556_S01_G5_T015.csv,2026-05-14T09:27:14
20260514_092556,S01,G5,tv_channel_up,16,4.0,113,data\raw\S01\20260514_092556_S01_G5_T016.csv,2026-05-14T09:27:19
20260514_092556,S01,G5,tv_channel_up,17,4.0,110,data\raw\S01\20260514_092556_S01_G5_T017.csv,2026-05-14T09:27:24
20260514_092556,S01,G5,tv_channel_up,18,4.0,110,data\raw\S01\20260514_092556_S01_G5_T018.csv,2026-05-14T09:27:29
20260514_092556,S01,G5,tv_channel_up,19,4.0,111,data\raw\S01\20260514_092556_S01_G5_T019.csv,2026-05-14T09:27:34
20260514_092556,S01,G5,tv_channel_up,20,4.0,116,data\raw\S01\20260514_092556_S01_G5_T020.csv,2026-05-14T09:27:40
20260514_092556,S01,G5,tv_channel_up,21,4.0,122,data\raw\S01\20260514_092556_S01_G5_T021.csv,2026-05-14T09:27:45
20260514_092556,S01,G5,tv_channel_up,22,4.0,120,data\raw\S01\20260514_092556_S01_G5_T022.csv,2026-05-14T09:27:50
20260514_092556,S01,G5,tv_channel_up,23,4.0,119,data\raw\S01\20260514_092556_S01_G5_T023.csv,2026-05-14T09:27:55
20260514_092556,S01,G5,tv_channel_up,24,4.0,115,data\raw\S01\20260514_092556_S01_G5_T024.csv,2026-05-14T09:28:00
20260514_092556,S01,G5,tv_channel_up,25,4.0,114,data\raw\S01\20260514_092556_S01_G5_T025.csv,2026-05-14T09:28:06
20260514_092556,S01,G5,tv_channel_up,26,4.0,112,data\raw\S01\20260514_092556_S01_G5_T026.csv,2026-05-14T09:28:11
20260514_092556,S01,G5,tv_channel_up,27,4.0,114,data\raw\S01\20260514_092556_S01_G5_T027.csv,2026-05-14T09:28:16
20260514_092556,S01,G5,tv_channel_up,28,4.0,110,data\raw\S01\20260514_092556_S01_G5_T028.csv,2026-05-14T09:28:21
20260514_092556,S01,G5,tv_channel_up,29,4.0,108,data\raw\S01\20260514_092556_S01_G5_T029.csv,2026-05-14T09:28:26
20260514_092556,S01,G5,tv_channel_up,30,4.0,113,data\raw\S01\20260514_092556_S01_G5_T030.csv,2026-05-14T09:28:32
20260514_092556,S01,G5,tv_channel_up,31,4.0,119,data\raw\S01\20260514_092556_S01_G5_T031.csv,2026-05-14T09:28:37
20260514_092556,S01,G5,tv_channel_up,32,4.0,113,data\raw\S01\20260514_092556_S01_G5_T032.csv,2026-05-14T09:28:42
20260514_092556,S01,G5,tv_channel_up,33,4.0,111,data\raw\S01\20260514_092556_S01_G5_T033.csv,2026-05-14T09:28:47
20260514_092556,S01,G5,tv_channel_up,34,4.0,119,data\raw\S01\20260514_092556_S01_G5_T034.csv,2026-05-14T09:28:52
20260514_092556,S01,G5,tv_channel_up,35,4.0,120,data\raw\S01\20260514_092556_S01_G5_T035.csv,2026-05-14T09:28:57
20260514_092556,S01,G5,tv_channel_up,36,4.0,120,data\raw\S01\20260514_092556_S01_G5_T036.csv,2026-05-14T09:29:03
20260514_092556,S01,G5,tv_channel_up,37,4.0,111,data\raw\S01\20260514_092556_S01_G5_T037.csv,2026-05-14T09:29:08
20260514_092556,S01,G5,tv_channel_up,38,4.0,104,data\raw\S01\20260514_092556_S01_G5_T038.csv,2026-05-14T09:29:13
20260514_092556,S01,G5,tv_channel_up,39,4.0,109,data\raw\S01\20260514_092556_S01_G5_T039.csv,2026-05-14T09:29:18
20260514_092556,S01,G5,tv_channel_up,40,4.0,119,data\raw\S01\20260514_092556_S01_G5_T040.csv,2026-05-14T09:29:23
20260514_092556,S01,G5,tv_channel_up,41,4.0,119,data\raw\S01\20260514_092556_S01_G5_T041.csv,2026-05-14T09:29:28
20260514_092556,S01,G5,tv_channel_up,42,4.0,112,data\raw\S01\20260514_092556_S01_G5_T042.csv,2026-05-14T09:29:34
20260514_092556,S01,G5,tv_channel_up,43,4.0,111,data\raw\S01\20260514_092556_S01_G5_T043.csv,2026-05-14T09:29:39
20260514_092556,S01,G5,tv_channel_up,44,4.0,112,data\raw\S01\20260514_092556_S01_G5_T044.csv,2026-05-14T09:29:44
20260514_092556,S01,G5,tv_channel_up,45,4.0,120,data\raw\S01\20260514_092556_S01_G5_T045.csv,2026-05-14T09:29:49
20260514_092556,S01,G5,tv_channel_up,46,4.0,118,data\raw\S01\20260514_092556_S01_G5_T046.csv,2026-05-14T09:29:55
20260514_092556,S01,G5,tv_channel_up,47,4.0,114,data\raw\S01\20260514_092556_S01_G5_T047.csv,2026-05-14T09:30:00
20260514_092556,S01,G5,tv_channel_up,48,4.0,111,data\raw\S01\20260514_092556_S01_G5_T048.csv,2026-05-14T09:30:05
20260514_092556,S01,G5,tv_channel_up,49,4.0,120,data\raw\S01\20260514_092556_S01_G5_T049.csv,2026-05-14T09:30:10
20260514_092556,S01,G5,tv_channel_up,50,4.0,120,data\raw\S01\20260514_092556_S01_G5_T050.csv,2026-05-14T09:30:16
20260514_094626,S01,G6,tv_channel_down,1,4.0,129,data\raw\S01\20260514_094626_S01_G6_T001.csv,2026-05-14T09:46:31
20260514_094704,S01,G6,tv_channel_down,51,4.0,111,data\raw\S01\20260514_094704_S01_G6_T051.csv,2026-05-14T09:47:10
20260514_094704,S01,G6,tv_channel_down,52,4.0,111,data\raw\S01\20260514_094704_S01_G6_T052.csv,2026-05-14T09:47:15
20260514_094704,S01,G6,tv_channel_down,53,4.0,117,data\raw\S01\20260514_094704_S01_G6_T053.csv,2026-05-14T09:47:20
20260514_094704,S01,G6,tv_channel_down,54,4.0,112,data\raw\S01\20260514_094704_S01_G6_T054.csv,2026-05-14T09:47:25
20260514_094704,S01,G6,tv_channel_down,55,4.0,117,data\raw\S01\20260514_094704_S01_G6_T055.csv,2026-05-14T09:47:30
20260514_094704,S01,G6,tv_channel_down,56,4.0,117,data\raw\S01\20260514_094704_S01_G6_T056.csv,2026-05-14T09:47:35
20260514_094704,S01,G6,tv_channel_down,57,4.0,112,data\raw\S01\20260514_094704_S01_G6_T057.csv,2026-05-14T09:47:41
20260514_094704,S01,G6,tv_channel_down,58,4.0,112,data\raw\S01\20260514_094704_S01_G6_T058.csv,2026-05-14T09:47:46
20260514_094704,S01,G6,tv_channel_down,59,4.0,115,data\raw\S01\20260514_094704_S01_G6_T059.csv,2026-05-14T09:47:51
20260514_094704,S01,G6,tv_channel_down,60,4.0,122,data\raw\S01\20260514_094704_S01_G6_T060.csv,2026-05-14T09:47:56
20260514_094704,S01,G6,tv_channel_down,61,4.0,109,data\raw\S01\20260514_094704_S01_G6_T061.csv,2026-05-14T09:48:01
20260514_094704,S01,G6,tv_channel_down,62,4.0,124,data\raw\S01\20260514_094704_S01_G6_T062.csv,2026-05-14T09:48:07
20260514_094704,S01,G6,tv_channel_down,63,4.0,110,data\raw\S01\20260514_094704_S01_G6_T063.csv,2026-05-14T09:48:12
20260514_094704,S01,G6,tv_channel_down,64,4.0,120,data\raw\S01\20260514_094704_S01_G6_T064.csv,2026-05-14T09:48:17
20260514_094704,S01,G6,tv_channel_down,65,4.0,111,data\raw\S01\20260514_094704_S01_G6_T065.csv,2026-05-14T09:48:22
20260514_094704,S01,G6,tv_channel_down,66,4.0,121,data\raw\S01\20260514_094704_S01_G6_T066.csv,2026-05-14T09:48:27
20260514_094704,S01,G6,tv_channel_down,67,4.0,124,data\raw\S01\20260514_094704_S01_G6_T067.csv,2026-05-14T09:48:32
20260514_094704,S01,G6,tv_channel_down,68,4.0,117,data\raw\S01\20260514_094704_S01_G6_T068.csv,2026-05-14T09:48:38
20260514_094704,S01,G6,tv_channel_down,69,4.0,121,data\raw\S01\20260514_094704_S01_G6_T069.csv,2026-05-14T09:48:43
20260514_094704,S01,G6,tv_channel_down,70,4.0,111,data\raw\S01\20260514_094704_S01_G6_T070.csv,2026-05-14T09:48:48
20260514_094704,S01,G6,tv_channel_down,71,4.0,115,data\raw\S01\20260514_094704_S01_G6_T071.csv,2026-05-14T09:48:53
20260514_094704,S01,G6,tv_channel_down,72,4.0,111,data\raw\S01\20260514_094704_S01_G6_T072.csv,2026-05-14T09:48:58
20260514_094704,S01,G6,tv_channel_down,73,4.0,120,data\raw\S01\20260514_094704_S01_G6_T073.csv,2026-05-14T09:49:03
20260514_094704,S01,G6,tv_channel_down,74,4.0,117,data\raw\S01\20260514_094704_S01_G6_T074.csv,2026-05-14T09:49:08
20260514_094704,S01,G6,tv_channel_down,75,4.0,111,data\raw\S01\20260514_094704_S01_G6_T075.csv,2026-05-14T09:49:14
20260514_094704,S01,G6,tv_channel_down,76,4.0,111,data\raw\S01\20260514_094704_S01_G6_T076.csv,2026-05-14T09:49:19
20260514_094704,S01,G6,tv_channel_down,77,4.0,122,data\raw\S01\20260514_094704_S01_G6_T077.csv,2026-05-14T09:49:24
20260514_094704,S01,G6,tv_channel_down,78,4.0,119,data\raw\S01\20260514_094704_S01_G6_T078.csv,2026-05-14T09:49:29
20260514_094704,S01,G6,tv_channel_down,79,4.0,117,data\raw\S01\20260514_094704_S01_G6_T079.csv,2026-05-14T09:49:34
20260514_094704,S01,G6,tv_channel_down,80,4.0,123,data\raw\S01\20260514_094704_S01_G6_T080.csv,2026-05-14T09:49:39
20260514_094704,S01,G6,tv_channel_down,81,4.0,122,data\raw\S01\20260514_094704_S01_G6_T081.csv,2026-05-14T09:49:45
20260514_094704,S01,G6,tv_channel_down,82,4.0,118,data\raw\S01\20260514_094704_S01_G6_T082.csv,2026-05-14T09:49:50
20260514_094704,S01,G6,tv_channel_down,83,4.0,111,data\raw\S01\20260514_094704_S01_G6_T083.csv,2026-05-14T09:49:55
20260514_094704,S01,G6,tv_channel_down,84,4.0,118,data\raw\S01\20260514_094704_S01_G6_T084.csv,2026-05-14T09:50:00
20260514_094704,S01,G6,tv_channel_down,85,4.0,122,data\raw\S01\20260514_094704_S01_G6_T085.csv,2026-05-14T09:50:05
20260514_094704,S01,G6,tv_channel_down,86,4.0,122,data\raw\S01\20260514_094704_S01_G6_T086.csv,2026-05-14T09:50:10
20260514_094704,S01,G6,tv_channel_down,87,4.0,113,data\raw\S01\20260514_094704_S01_G6_T087.csv,2026-05-14T09:50:16
20260514_094704,S01,G6,tv_channel_down,88,4.0,114,data\raw\S01\20260514_094704_S01_G6_T088.csv,2026-05-14T09:50:21
20260514_094704,S01,G6,tv_channel_down,89,4.0,122,data\raw\S01\20260514_094704_S01_G6_T089.csv,2026-05-14T09:50:26
20260514_094704,S01,G6,tv_channel_down,90,4.0,123,data\raw\S01\20260514_094704_S01_G6_T090.csv,2026-05-14T09:50:31
20260514_094704,S01,G6,tv_channel_down,91,4.0,120,data\raw\S01\20260514_094704_S01_G6_T091.csv,2026-05-14T09:50:37
20260514_094704,S01,G6,tv_channel_down,92,4.0,120,data\raw\S01\20260514_094704_S01_G6_T092.csv,2026-05-14T09:50:42
20260514_094704,S01,G6,tv_channel_down,93,4.0,121,data\raw\S01\20260514_094704_S01_G6_T093.csv,2026-05-14T09:50:47
20260514_094704,S01,G6,tv_channel_down,94,4.0,120,data\raw\S01\20260514_094704_S01_G6_T094.csv,2026-05-14T09:50:52
20260514_094704,S01,G6,tv_channel_down,95,4.0,121,data\raw\S01\20260514_094704_S01_G6_T095.csv,2026-05-14T09:50:57
20260514_094704,S01,G6,tv_channel_down,96,4.0,118,data\raw\S01\20260514_094704_S01_G6_T096.csv,2026-05-14T09:51:02
20260514_094704,S01,G6,tv_channel_down,97,4.0,125,data\raw\S01\20260514_094704_S01_G6_T097.csv,2026-05-14T09:51:08
20260514_094704,S01,G6,tv_channel_down,98,4.0,114,data\raw\S01\20260514_094704_S01_G6_T098.csv,2026-05-14T09:51:13
20260514_094704,S01,G6,tv_channel_down,99,4.0,114,data\raw\S01\20260514_094704_S01_G6_T099.csv,2026-05-14T09:51:18
20260514_094704,S01,G6,tv_channel_down,100,4.0,110,data\raw\S01\20260514_094704_S01_G6_T100.csv,2026-05-14T09:51:23
20260514_095425,S01,G7,tv_voice_search,1,4.0,115,data\raw\S01\20260514_095425_S01_G7_T001.csv,2026-05-14T09:54:30
20260514_095425,S01,G7,tv_voice_search,2,4.0,124,data\raw\S01\20260514_095425_S01_G7_T002.csv,2026-05-14T09:54:36
20260514_095425,S01,G7,tv_voice_search,3,4.0,122,data\raw\S01\20260514_095425_S01_G7_T003.csv,2026-05-14T09:54:41
20260514_095425,S01,G7,tv_voice_search,4,4.0,123,data\raw\S01\20260514_095425_S01_G7_T004.csv,2026-05-14T09:54:46
20260514_095425,S01,G7,tv_voice_search,5,4.0,123,data\raw\S01\20260514_095425_S01_G7_T005.csv,2026-05-14T09:54:51
20260514_095425,S01,G7,tv_voice_search,6,4.0,115,data\raw\S01\20260514_095425_S01_G7_T006.csv,2026-05-14T09:54:56
20260514_095425,S01,G7,tv_voice_search,7,4.0,111,data\raw\S01\20260514_095425_S01_G7_T007.csv,2026-05-14T09:55:02
20260514_095425,S01,G7,tv_voice_search,8,4.0,117,data\raw\S01\20260514_095425_S01_G7_T008.csv,2026-05-14T09:55:07
20260514_095425,S01,G7,tv_voice_search,9,4.0,121,data\raw\S01\20260514_095425_S01_G7_T009.csv,2026-05-14T09:55:12
20260514_095425,S01,G7,tv_voice_search,10,4.0,106,data\raw\S01\20260514_095425_S01_G7_T010.csv,2026-05-14T09:55:17
20260514_095425,S01,G7,tv_voice_search,11,4.0,108,data\raw\S01\20260514_095425_S01_G7_T011.csv,2026-05-14T09:55:22
20260514_095425,S01,G7,tv_voice_search,12,4.0,117,data\raw\S01\20260514_095425_S01_G7_T012.csv,2026-05-14T09:55:27
20260514_095425,S01,G7,tv_voice_search,13,4.0,128,data\raw\S01\20260514_095425_S01_G7_T013.csv,2026-05-14T09:55:32
20260514_095425,S01,G7,tv_voice_search,14,4.0,125,data\raw\S01\20260514_095425_S01_G7_T014.csv,2026-05-14T09:55:38
20260514_095425,S01,G7,tv_voice_search,15,4.0,110,data\raw\S01\20260514_095425_S01_G7_T015.csv,2026-05-14T09:55:43
20260514_095425,S01,G7,tv_voice_search,16,4.0,116,data\raw\S01\20260514_095425_S01_G7_T016.csv,2026-05-14T09:55:48
20260514_095425,S01,G7,tv_voice_search,17,4.0,125,data\raw\S01\20260514_095425_S01_G7_T017.csv,2026-05-14T09:55:53
20260514_095425,S01,G7,tv_voice_search,18,4.0,122,data\raw\S01\20260514_095425_S01_G7_T018.csv,2026-05-14T09:55:59
20260514_095425,S01,G7,tv_voice_search,19,4.0,120,data\raw\S01\20260514_095425_S01_G7_T019.csv,2026-05-14T09:56:04
20260514_095425,S01,G7,tv_voice_search,20,4.0,114,data\raw\S01\20260514_095425_S01_G7_T020.csv,2026-05-14T09:56:09
20260514_095425,S01,G7,tv_voice_search,21,4.0,123,data\raw\S01\20260514_095425_S01_G7_T021.csv,2026-05-14T09:56:14
20260514_095425,S01,G7,tv_voice_search,22,4.0,119,data\raw\S01\20260514_095425_S01_G7_T022.csv,2026-05-14T09:56:19
20260514_095425,S01,G7,tv_voice_search,23,4.0,118,data\raw\S01\20260514_095425_S01_G7_T023.csv,2026-05-14T09:56:24
20260514_095425,S01,G7,tv_voice_search,24,4.0,120,data\raw\S01\20260514_095425_S01_G7_T024.csv,2026-05-14T09:56:30
20260514_095425,S01,G7,tv_voice_search,25,4.0,119,data\raw\S01\20260514_095425_S01_G7_T025.csv,2026-05-14T09:56:35
20260514_095425,S01,G7,tv_voice_search,26,4.0,115,data\raw\S01\20260514_095425_S01_G7_T026.csv,2026-05-14T09:56:40
20260514_095425,S01,G7,tv_voice_search,27,4.0,123,data\raw\S01\20260514_095425_S01_G7_T027.csv,2026-05-14T09:56:45
20260514_095425,S01,G7,tv_voice_search,28,4.0,111,data\raw\S01\20260514_095425_S01_G7_T028.csv,2026-05-14T09:56:50
20260514_095425,S01,G7,tv_voice_search,29,4.0,122,data\raw\S01\20260514_095425_S01_G7_T029.csv,2026-05-14T09:56:55
20260514_095425,S01,G7,tv_voice_search,30,4.0,115,data\raw\S01\20260514_095425_S01_G7_T030.csv,2026-05-14T09:57:01
20260514_095425,S01,G7,tv_voice_search,31,4.0,116,data\raw\S01\20260514_095425_S01_G7_T031.csv,2026-05-14T09:57:06
20260514_095425,S01,G7,tv_voice_search,32,4.0,118,data\raw\S01\20260514_095425_S01_G7_T032.csv,2026-05-14T09:57:11
20260514_095425,S01,G7,tv_voice_search,33,4.0,108,data\raw\S01\20260514_095425_S01_G7_T033.csv,2026-05-14T09:57:16
20260514_095425,S01,G7,tv_voice_search,34,4.0,121,data\raw\S01\20260514_095425_S01_G7_T034.csv,2026-05-14T09:57:21
20260514_095425,S01,G7,tv_voice_search,35,4.0,122,data\raw\S01\20260514_095425_S01_G7_T035.csv,2026-05-14T09:57:27
20260514_095425,S01,G7,tv_voice_search,36,4.0,115,data\raw\S01\20260514_095425_S01_G7_T036.csv,2026-05-14T09:57:32
20260514_095425,S01,G7,tv_voice_search,37,4.0,122,data\raw\S01\20260514_095425_S01_G7_T037.csv,2026-05-14T09:57:37
20260514_095425,S01,G7,tv_voice_search,38,4.0,121,data\raw\S01\20260514_095425_S01_G7_T038.csv,2026-05-14T09:57:42
20260514_095425,S01,G7,tv_voice_search,39,4.0,117,data\raw\S01\20260514_095425_S01_G7_T039.csv,2026-05-14T09:57:47
20260514_095425,S01,G7,tv_voice_search,40,4.0,122,data\raw\S01\20260514_095425_S01_G7_T040.csv,2026-05-14T09:57:53
20260514_095425,S01,G7,tv_voice_search,41,4.0,110,data\raw\S01\20260514_095425_S01_G7_T041.csv,2026-05-14T09:57:58
20260514_095425,S01,G7,tv_voice_search,42,4.0,118,data\raw\S01\20260514_095425_S01_G7_T042.csv,2026-05-14T09:58:03
20260514_095425,S01,G7,tv_voice_search,43,4.0,119,data\raw\S01\20260514_095425_S01_G7_T043.csv,2026-05-14T09:58:08
20260514_095425,S01,G7,tv_voice_search,44,4.0,117,data\raw\S01\20260514_095425_S01_G7_T044.csv,2026-05-14T09:58:13
20260514_095425,S01,G7,tv_voice_search,45,4.0,115,data\raw\S01\20260514_095425_S01_G7_T045.csv,2026-05-14T09:58:19
20260514_095425,S01,G7,tv_voice_search,46,4.0,122,data\raw\S01\20260514_095425_S01_G7_T046.csv,2026-05-14T09:58:24
20260514_095425,S01,G7,tv_voice_search,47,4.0,118,data\raw\S01\20260514_095425_S01_G7_T047.csv,2026-05-14T09:58:29
20260514_095425,S01,G7,tv_voice_search,48,4.0,114,data\raw\S01\20260514_095425_S01_G7_T048.csv,2026-05-14T09:58:34
20260514_095425,S01,G7,tv_voice_search,49,4.0,109,data\raw\S01\20260514_095425_S01_G7_T049.csv,2026-05-14T09:58:39
20260514_095425,S01,G7,tv_voice_search,50,4.0,111,data\raw\S01\20260514_095425_S01_G7_T050.csv,2026-05-14T09:58:44
20260514_100203,S01,G8,speaker_volume_up,51,4.0,111,data\raw\S01\20260514_100203_S01_G8_T051.csv,2026-05-14T10:02:08
20260514_100203,S01,G8,speaker_volume_up,52,4.0,116,data\raw\S01\20260514_100203_S01_G8_T052.csv,2026-05-14T10:02:13
20260514_100203,S01,G8,speaker_volume_up,53,4.0,107,data\raw\S01\20260514_100203_S01_G8_T053.csv,2026-05-14T10:02:18
20260514_100203,S01,G8,speaker_volume_up,54,4.0,112,data\raw\S01\20260514_100203_S01_G8_T054.csv,2026-05-14T10:02:23
20260514_100203,S01,G8,speaker_volume_up,55,4.0,118,data\raw\S01\20260514_100203_S01_G8_T055.csv,2026-05-14T10:02:28
20260514_100203,S01,G8,speaker_volume_up,56,4.0,121,data\raw\S01\20260514_100203_S01_G8_T056.csv,2026-05-14T10:02:34
20260514_100203,S01,G8,speaker_volume_up,57,4.0,122,data\raw\S01\20260514_100203_S01_G8_T057.csv,2026-05-14T10:02:39
20260514_100203,S01,G8,speaker_volume_up,58,4.0,114,data\raw\S01\20260514_100203_S01_G8_T058.csv,2026-05-14T10:02:44
20260514_100203,S01,G8,speaker_volume_up,59,4.0,107,data\raw\S01\20260514_100203_S01_G8_T059.csv,2026-05-14T10:02:49
20260514_100203,S01,G8,speaker_volume_up,60,4.0,114,data\raw\S01\20260514_100203_S01_G8_T060.csv,2026-05-14T10:02:54
20260514_100203,S01,G8,speaker_volume_up,61,4.0,112,data\raw\S01\20260514_100203_S01_G8_T061.csv,2026-05-14T10:02:59
20260514_100203,S01,G8,speaker_volume_up,62,4.0,124,data\raw\S01\20260514_100203_S01_G8_T062.csv,2026-05-14T10:03:05
20260514_100203,S01,G8,speaker_volume_up,63,4.0,121,data\raw\S01\20260514_100203_S01_G8_T063.csv,2026-05-14T10:03:10
20260514_100203,S01,G8,speaker_volume_up,64,4.0,116,data\raw\S01\20260514_100203_S01_G8_T064.csv,2026-05-14T10:03:15
20260514_100203,S01,G8,speaker_volume_up,65,4.0,110,data\raw\S01\20260514_100203_S01_G8_T065.csv,2026-05-14T10:03:20
20260514_100203,S01,G8,speaker_volume_up,66,4.0,110,data\raw\S01\20260514_100203_S01_G8_T066.csv,2026-05-14T10:03:25
20260514_100203,S01,G8,speaker_volume_up,67,4.0,114,data\raw\S01\20260514_100203_S01_G8_T067.csv,2026-05-14T10:03:31
20260514_100203,S01,G8,speaker_volume_up,68,4.0,119,data\raw\S01\20260514_100203_S01_G8_T068.csv,2026-05-14T10:03:36
20260514_100203,S01,G8,speaker_volume_up,69,4.0,114,data\raw\S01\20260514_100203_S01_G8_T069.csv,2026-05-14T10:03:41
20260514_100203,S01,G8,speaker_volume_up,70,4.0,111,data\raw\S01\20260514_100203_S01_G8_T070.csv,2026-05-14T10:03:46
20260514_100203,S01,G8,speaker_volume_up,71,4.0,119,data\raw\S01\20260514_100203_S01_G8_T071.csv,2026-05-14T10:03:51
20260514_100203,S01,G8,speaker_volume_up,72,4.0,118,data\raw\S01\20260514_100203_S01_G8_T072.csv,2026-05-14T10:03:56
20260514_100203,S01,G8,speaker_volume_up,73,4.0,114,data\raw\S01\20260514_100203_S01_G8_T073.csv,2026-05-14T10:04:01
20260514_100203,S01,G8,speaker_volume_up,74,4.0,109,data\raw\S01\20260514_100203_S01_G8_T074.csv,2026-05-14T10:04:07
20260514_100203,S01,G8,speaker_volume_up,75,4.0,114,data\raw\S01\20260514_100203_S01_G8_T075.csv,2026-05-14T10:04:12
20260514_100203,S01,G8,speaker_volume_up,76,4.0,113,data\raw\S01\20260514_100203_S01_G8_T076.csv,2026-05-14T10:04:17
20260514_100203,S01,G8,speaker_volume_up,77,4.0,111,data\raw\S01\20260514_100203_S01_G8_T077.csv,2026-05-14T10:04:22
20260514_100203,S01,G8,speaker_volume_up,78,4.0,110,data\raw\S01\20260514_100203_S01_G8_T078.csv,2026-05-14T10:04:27
20260514_100203,S01,G8,speaker_volume_up,79,4.0,112,data\raw\S01\20260514_100203_S01_G8_T079.csv,2026-05-14T10:04:32
20260514_100203,S01,G8,speaker_volume_up,80,4.0,119,data\raw\S01\20260514_100203_S01_G8_T080.csv,2026-05-14T10:04:38
20260514_100203,S01,G8,speaker_volume_up,81,4.0,117,data\raw\S01\20260514_100203_S01_G8_T081.csv,2026-05-14T10:04:43
20260514_100203,S01,G8,speaker_volume_up,82,4.0,122,data\raw\S01\20260514_100203_S01_G8_T082.csv,2026-05-14T10:04:48
20260514_100203,S01,G8,speaker_volume_up,83,4.0,119,data\raw\S01\20260514_100203_S01_G8_T083.csv,2026-05-14T10:04:53
20260514_100203,S01,G8,speaker_volume_up,84,4.0,115,data\raw\S01\20260514_100203_S01_G8_T084.csv,2026-05-14T10:04:58
20260514_100203,S01,G8,speaker_volume_up,85,4.0,109,data\raw\S01\20260514_100203_S01_G8_T085.csv,2026-05-14T10:05:03
20260514_100203,S01,G8,speaker_volume_up,86,4.0,107,data\raw\S01\20260514_100203_S01_G8_T086.csv,2026-05-14T10:05:09
20260514_100203,S01,G8,speaker_volume_up,87,4.0,109,data\raw\S01\20260514_100203_S01_G8_T087.csv,2026-05-14T10:05:14
20260514_100203,S01,G8,speaker_volume_up,88,4.0,116,data\raw\S01\20260514_100203_S01_G8_T088.csv,2026-05-14T10:05:19
20260514_100203,S01,G8,speaker_volume_up,89,4.0,119,data\raw\S01\20260514_100203_S01_G8_T089.csv,2026-05-14T10:05:24
20260514_100203,S01,G8,speaker_volume_up,90,4.0,112,data\raw\S01\20260514_100203_S01_G8_T090.csv,2026-05-14T10:05:29
20260514_100203,S01,G8,speaker_volume_up,91,4.0,122,data\raw\S01\20260514_100203_S01_G8_T091.csv,2026-05-14T10:05:35
20260514_100203,S01,G8,speaker_volume_up,92,4.0,110,data\raw\S01\20260514_100203_S01_G8_T092.csv,2026-05-14T10:05:40
20260514_100203,S01,G8,speaker_volume_up,93,4.0,113,data\raw\S01\20260514_100203_S01_G8_T093.csv,2026-05-14T10:05:45
20260514_100203,S01,G8,speaker_volume_up,94,4.0,117,data\raw\S01\20260514_100203_S01_G8_T094.csv,2026-05-14T10:05:50
20260514_100203,S01,G8,speaker_volume_up,95,4.0,109,data\raw\S01\20260514_100203_S01_G8_T095.csv,2026-05-14T10:05:55
20260514_100203,S01,G8,speaker_volume_up,96,4.0,115,data\raw\S01\20260514_100203_S01_G8_T096.csv,2026-05-14T10:06:00
20260514_100203,S01,G8,speaker_volume_up,97,4.0,110,data\raw\S01\20260514_100203_S01_G8_T097.csv,2026-05-14T10:06:06
20260514_100203,S01,G8,speaker_volume_up,98,4.0,110,data\raw\S01\20260514_100203_S01_G8_T098.csv,2026-05-14T10:06:11
20260514_100203,S01,G8,speaker_volume_up,99,4.0,115,data\raw\S01\20260514_100203_S01_G8_T099.csv,2026-05-14T10:06:16
20260514_100203,S01,G8,speaker_volume_up,100,4.0,112,data\raw\S01\20260514_100203_S01_G8_T100.csv,2026-05-14T10:06:21
20260514_100802,S01,G9,speaker_volume_down,1,4.0,114,data\raw\S01\20260514_100802_S01_G9_T001.csv,2026-05-14T10:08:08
20260514_100802,S01,G9,speaker_volume_down,2,4.0,120,data\raw\S01\20260514_100802_S01_G9_T002.csv,2026-05-14T10:08:13
20260514_100802,S01,G9,speaker_volume_down,3,4.0,107,data\raw\S01\20260514_100802_S01_G9_T003.csv,2026-05-14T10:08:18
20260514_100802,S01,G9,speaker_volume_down,4,4.0,115,data\raw\S01\20260514_100802_S01_G9_T004.csv,2026-05-14T10:08:23
20260514_100802,S01,G9,speaker_volume_down,5,4.0,114,data\raw\S01\20260514_100802_S01_G9_T005.csv,2026-05-14T10:08:28
20260514_100802,S01,G9,speaker_volume_down,6,4.0,118,data\raw\S01\20260514_100802_S01_G9_T006.csv,2026-05-14T10:08:34
20260514_100802,S01,G9,speaker_volume_down,7,4.0,120,data\raw\S01\20260514_100802_S01_G9_T007.csv,2026-05-14T10:08:39
20260514_100802,S01,G9,speaker_volume_down,8,4.0,112,data\raw\S01\20260514_100802_S01_G9_T008.csv,2026-05-14T10:08:44
20260514_100802,S01,G9,speaker_volume_down,9,4.0,114,data\raw\S01\20260514_100802_S01_G9_T009.csv,2026-05-14T10:08:49
20260514_100802,S01,G9,speaker_volume_down,10,4.0,111,data\raw\S01\20260514_100802_S01_G9_T010.csv,2026-05-14T10:08:54
20260514_100802,S01,G9,speaker_volume_down,11,4.0,119,data\raw\S01\20260514_100802_S01_G9_T011.csv,2026-05-14T10:08:59
20260514_100802,S01,G9,speaker_volume_down,12,4.0,123,data\raw\S01\20260514_100802_S01_G9_T012.csv,2026-05-14T10:09:05
20260514_100802,S01,G9,speaker_volume_down,13,4.0,115,data\raw\S01\20260514_100802_S01_G9_T013.csv,2026-05-14T10:09:10
20260514_100802,S01,G9,speaker_volume_down,14,4.0,118,data\raw\S01\20260514_100802_S01_G9_T014.csv,2026-05-14T10:09:15
20260514_100802,S01,G9,speaker_volume_down,15,4.0,114,data\raw\S01\20260514_100802_S01_G9_T015.csv,2026-05-14T10:09:20
20260514_100802,S01,G9,speaker_volume_down,16,4.0,115,data\raw\S01\20260514_100802_S01_G9_T016.csv,2026-05-14T10:09:25
20260514_100802,S01,G9,speaker_volume_down,17,4.0,121,data\raw\S01\20260514_100802_S01_G9_T017.csv,2026-05-14T10:09:31
20260514_100802,S01,G9,speaker_volume_down,18,4.0,117,data\raw\S01\20260514_100802_S01_G9_T018.csv,2026-05-14T10:09:36
20260514_100802,S01,G9,speaker_volume_down,19,4.0,121,data\raw\S01\20260514_100802_S01_G9_T019.csv,2026-05-14T10:09:41
20260514_100802,S01,G9,speaker_volume_down,20,4.0,111,data\raw\S01\20260514_100802_S01_G9_T020.csv,2026-05-14T10:09:46
20260514_100802,S01,G9,speaker_volume_down,21,4.0,120,data\raw\S01\20260514_100802_S01_G9_T021.csv,2026-05-14T10:09:51
20260514_100802,S01,G9,speaker_volume_down,22,4.0,121,data\raw\S01\20260514_100802_S01_G9_T022.csv,2026-05-14T10:09:57
20260514_100802,S01,G9,speaker_volume_down,23,4.0,120,data\raw\S01\20260514_100802_S01_G9_T023.csv,2026-05-14T10:10:02
20260514_100802,S01,G9,speaker_volume_down,24,4.0,121,data\raw\S01\20260514_100802_S01_G9_T024.csv,2026-05-14T10:10:07
20260514_100802,S01,G9,speaker_volume_down,25,4.0,121,data\raw\S01\20260514_100802_S01_G9_T025.csv,2026-05-14T10:10:12
20260514_100802,S01,G9,speaker_volume_down,26,4.0,120,data\raw\S01\20260514_100802_S01_G9_T026.csv,2026-05-14T10:10:17
20260514_100802,S01,G9,speaker_volume_down,27,4.0,124,data\raw\S01\20260514_100802_S01_G9_T027.csv,2026-05-14T10:10:22
20260514_100802,S01,G9,speaker_volume_down,28,4.0,122,data\raw\S01\20260514_100802_S01_G9_T028.csv,2026-05-14T10:10:28
20260514_100802,S01,G9,speaker_volume_down,29,4.0,112,data\raw\S01\20260514_100802_S01_G9_T029.csv,2026-05-14T10:10:33
20260514_100802,S01,G9,speaker_volume_down,30,4.0,120,data\raw\S01\20260514_100802_S01_G9_T030.csv,2026-05-14T10:10:38
20260514_100802,S01,G9,speaker_volume_down,31,4.0,120,data\raw\S01\20260514_100802_S01_G9_T031.csv,2026-05-14T10:10:43
20260514_100802,S01,G9,speaker_volume_down,32,4.0,124,data\raw\S01\20260514_100802_S01_G9_T032.csv,2026-05-14T10:10:48
20260514_100802,S01,G9,speaker_volume_down,33,4.0,116,data\raw\S01\20260514_100802_S01_G9_T033.csv,2026-05-14T10:10:54
20260514_100802,S01,G9,speaker_volume_down,34,4.0,122,data\raw\S01\20260514_100802_S01_G9_T034.csv,2026-05-14T10:10:59
20260514_100802,S01,G9,speaker_volume_down,35,4.0,117,data\raw\S01\20260514_100802_S01_G9_T035.csv,2026-05-14T10:11:04
20260514_100802,S01,G9,speaker_volume_down,36,4.0,115,data\raw\S01\20260514_100802_S01_G9_T036.csv,2026-05-14T10:11:09
20260514_100802,S01,G9,speaker_volume_down,37,4.0,120,data\raw\S01\20260514_100802_S01_G9_T037.csv,2026-05-14T10:11:14
20260514_100802,S01,G9,speaker_volume_down,38,4.0,117,data\raw\S01\20260514_100802_S01_G9_T038.csv,2026-05-14T10:11:19
20260514_100802,S01,G9,speaker_volume_down,39,4.0,119,data\raw\S01\20260514_100802_S01_G9_T039.csv,2026-05-14T10:11:25
20260514_100802,S01,G9,speaker_volume_down,40,4.0,119,data\raw\S01\20260514_100802_S01_G9_T040.csv,2026-05-14T10:11:30
20260514_100802,S01,G9,speaker_volume_down,41,4.0,123,data\raw\S01\20260514_100802_S01_G9_T041.csv,2026-05-14T10:11:35
20260514_100802,S01,G9,speaker_volume_down,42,4.0,117,data\raw\S01\20260514_100802_S01_G9_T042.csv,2026-05-14T10:11:40
20260514_100802,S01,G9,speaker_volume_down,43,4.0,121,data\raw\S01\20260514_100802_S01_G9_T043.csv,2026-05-14T10:11:46
20260514_100802,S01,G9,speaker_volume_down,44,4.0,122,data\raw\S01\20260514_100802_S01_G9_T044.csv,2026-05-14T10:11:51
20260514_100802,S01,G9,speaker_volume_down,45,4.0,120,data\raw\S01\20260514_100802_S01_G9_T045.csv,2026-05-14T10:11:56
20260514_100802,S01,G9,speaker_volume_down,46,4.0,117,data\raw\S01\20260514_100802_S01_G9_T046.csv,2026-05-14T10:12:01
20260514_100802,S01,G9,speaker_volume_down,47,4.0,125,data\raw\S01\20260514_100802_S01_G9_T047.csv,2026-05-14T10:12:06
20260514_100802,S01,G9,speaker_volume_down,48,4.0,122,data\raw\S01\20260514_100802_S01_G9_T048.csv,2026-05-14T10:12:12
20260514_100802,S01,G9,speaker_volume_down,49,4.0,121,data\raw\S01\20260514_100802_S01_G9_T049.csv,2026-05-14T10:12:17
20260514_100802,S01,G9,speaker_volume_down,50,4.0,117,data\raw\S01\20260514_100802_S01_G9_T050.csv,2026-05-14T10:12:22
20260514_101431,S01,G10,light_on,1,4.0,124,data\raw\S01\20260514_101431_S01_G10_T001.csv,2026-05-14T10:14:36
20260514_101431,S01,G10,light_on,2,4.0,115,data\raw\S01\20260514_101431_S01_G10_T002.csv,2026-05-14T10:14:42
20260514_101431,S01,G10,light_on,3,4.0,112,data\raw\S01\20260514_101431_S01_G10_T003.csv,2026-05-14T10:14:47
20260514_101431,S01,G10,light_on,4,4.0,109,data\raw\S01\20260514_101431_S01_G10_T004.csv,2026-05-14T10:14:52
20260514_101431,S01,G10,light_on,5,4.0,112,data\raw\S01\20260514_101431_S01_G10_T005.csv,2026-05-14T10:14:57
20260514_101431,S01,G10,light_on,6,4.0,112,data\raw\S01\20260514_101431_S01_G10_T006.csv,2026-05-14T10:15:02
20260514_101431,S01,G10,light_on,7,4.0,106,data\raw\S01\20260514_101431_S01_G10_T007.csv,2026-05-14T10:15:08
20260514_101431,S01,G10,light_on,8,4.0,113,data\raw\S01\20260514_101431_S01_G10_T008.csv,2026-05-14T10:15:13
20260514_101431,S01,G10,light_on,9,4.0,110,data\raw\S01\20260514_101431_S01_G10_T009.csv,2026-05-14T10:15:18
20260514_101431,S01,G10,light_on,10,4.0,116,data\raw\S01\20260514_101431_S01_G10_T010.csv,2026-05-14T10:15:23
20260514_101431,S01,G10,light_on,11,4.0,110,data\raw\S01\20260514_101431_S01_G10_T011.csv,2026-05-14T10:15:28
20260514_101431,S01,G10,light_on,12,4.0,112,data\raw\S01\20260514_101431_S01_G10_T012.csv,2026-05-14T10:15:34
20260514_101431,S01,G10,light_on,13,4.0,115,data\raw\S01\20260514_101431_S01_G10_T013.csv,2026-05-14T10:15:39
20260514_101431,S01,G10,light_on,14,4.0,122,data\raw\S01\20260514_101431_S01_G10_T014.csv,2026-05-14T10:15:44
20260514_101431,S01,G10,light_on,15,4.0,113,data\raw\S01\20260514_101431_S01_G10_T015.csv,2026-05-14T10:15:49
20260514_101431,S01,G10,light_on,16,4.0,108,data\raw\S01\20260514_101431_S01_G10_T016.csv,2026-05-14T10:15:55
20260514_101431,S01,G10,light_on,17,4.0,123,data\raw\S01\20260514_101431_S01_G10_T017.csv,2026-05-14T10:16:00
20260514_101431,S01,G10,light_on,18,4.0,120,data\raw\S01\20260514_101431_S01_G10_T018.csv,2026-05-14T10:16:05
20260514_101431,S01,G10,light_on,19,4.0,109,data\raw\S01\20260514_101431_S01_G10_T019.csv,2026-05-14T10:16:10
20260514_101431,S01,G10,light_on,20,4.0,118,data\raw\S01\20260514_101431_S01_G10_T020.csv,2026-05-14T10:16:15
20260514_101431,S01,G10,light_on,21,4.0,118,data\raw\S01\20260514_101431_S01_G10_T021.csv,2026-05-14T10:16:21
20260514_101431,S01,G10,light_on,22,4.0,114,data\raw\S01\20260514_101431_S01_G10_T022.csv,2026-05-14T10:16:26
20260514_101431,S01,G10,light_on,23,4.0,116,data\raw\S01\20260514_101431_S01_G10_T023.csv,2026-05-14T10:16:31
20260514_101431,S01,G10,light_on,24,4.0,110,data\raw\S01\20260514_101431_S01_G10_T024.csv,2026-05-14T10:16:36
20260514_101431,S01,G10,light_on,25,4.0,116,data\raw\S01\20260514_101431_S01_G10_T025.csv,2026-05-14T10:16:41
20260514_101431,S01,G10,light_on,26,4.0,111,data\raw\S01\20260514_101431_S01_G10_T026.csv,2026-05-14T10:16:46
20260514_101431,S01,G10,light_on,27,4.0,114,data\raw\S01\20260514_101431_S01_G10_T027.csv,2026-05-14T10:16:51
20260514_101431,S01,G10,light_on,28,4.0,122,data\raw\S01\20260514_101431_S01_G10_T028.csv,2026-05-14T10:16:57
20260514_101431,S01,G10,light_on,29,4.0,110,data\raw\S01\20260514_101431_S01_G10_T029.csv,2026-05-14T10:17:02
20260514_101431,S01,G10,light_on,30,4.0,113,data\raw\S01\20260514_101431_S01_G10_T030.csv,2026-05-14T10:17:07
20260514_101431,S01,G10,light_on,31,4.0,108,data\raw\S01\20260514_101431_S01_G10_T031.csv,2026-05-14T10:17:12
20260514_101431,S01,G10,light_on,32,4.0,111,data\raw\S01\20260514_101431_S01_G10_T032.csv,2026-05-14T10:17:17
20260514_101431,S01,G10,light_on,33,4.0,112,data\raw\S01\20260514_101431_S01_G10_T033.csv,2026-05-14T10:17:22
20260514_101431,S01,G10,light_on,34,4.0,115,data\raw\S01\20260514_101431_S01_G10_T034.csv,2026-05-14T10:17:28
20260514_101431,S01,G10,light_on,35,4.0,107,data\raw\S01\20260514_101431_S01_G10_T035.csv,2026-05-14T10:17:33
20260514_101431,S01,G10,light_on,36,4.0,109,data\raw\S01\20260514_101431_S01_G10_T036.csv,2026-05-14T10:17:38
20260514_101431,S01,G10,light_on,37,4.0,116,data\raw\S01\20260514_101431_S01_G10_T037.csv,2026-05-14T10:17:43
20260514_101431,S01,G10,light_on,38,4.0,113,data\raw\S01\20260514_101431_S01_G10_T038.csv,2026-05-14T10:17:48
20260514_101431,S01,G10,light_on,39,4.0,111,data\raw\S01\20260514_101431_S01_G10_T039.csv,2026-05-14T10:17:53
20260514_101431,S01,G10,light_on,40,4.0,118,data\raw\S01\20260514_101431_S01_G10_T040.csv,2026-05-14T10:17:59
20260514_101431,S01,G10,light_on,41,4.0,117,data\raw\S01\20260514_101431_S01_G10_T041.csv,2026-05-14T10:18:04
20260514_101431,S01,G10,light_on,42,4.0,116,data\raw\S01\20260514_101431_S01_G10_T042.csv,2026-05-14T10:18:09
20260514_102731,S01,G11,light_off,1,4.0,122,data\raw\S01\20260514_102731_S01_G11_T001.csv,2026-05-14T10:27:36
20260514_102731,S01,G11,light_off,2,4.0,121,data\raw\S01\20260514_102731_S01_G11_T002.csv,2026-05-14T10:27:41
20260514_102731,S01,G11,light_off,3,4.0,115,data\raw\S01\20260514_102731_S01_G11_T003.csv,2026-05-14T10:27:46
20260514_102731,S01,G11,light_off,4,4.0,112,data\raw\S01\20260514_102731_S01_G11_T004.csv,2026-05-14T10:27:51
20260514_102731,S01,G11,light_off,5,4.0,116,data\raw\S01\20260514_102731_S01_G11_T005.csv,2026-05-14T10:27:57
20260514_102731,S01,G11,light_off,6,4.0,130,data\raw\S01\20260514_102731_S01_G11_T006.csv,2026-05-14T10:28:02
20260514_102731,S01,G11,light_off,7,4.0,118,data\raw\S01\20260514_102731_S01_G11_T007.csv,2026-05-14T10:28:07
20260514_102731,S01,G11,light_off,8,4.0,125,data\raw\S01\20260514_102731_S01_G11_T008.csv,2026-05-14T10:28:12
20260514_102731,S01,G11,light_off,9,4.0,113,data\raw\S01\20260514_102731_S01_G11_T009.csv,2026-05-14T10:28:18
20260514_102731,S01,G11,light_off,10,4.0,121,data\raw\S01\20260514_102731_S01_G11_T010.csv,2026-05-14T10:28:23
20260514_102731,S01,G11,light_off,11,4.0,118,data\raw\S01\20260514_102731_S01_G11_T011.csv,2026-05-14T10:28:28
20260514_102731,S01,G11,light_off,12,4.0,110,data\raw\S01\20260514_102731_S01_G11_T012.csv,2026-05-14T10:28:33
20260514_102731,S01,G11,light_off,13,4.0,111,data\raw\S01\20260514_102731_S01_G11_T013.csv,2026-05-14T10:28:38
20260514_102731,S01,G11,light_off,14,4.0,121,data\raw\S01\20260514_102731_S01_G11_T014.csv,2026-05-14T10:28:44
20260514_102731,S01,G11,light_off,15,4.0,122,data\raw\S01\20260514_102731_S01_G11_T015.csv,2026-05-14T10:28:49
20260514_102731,S01,G11,light_off,16,4.0,110,data\raw\S01\20260514_102731_S01_G11_T016.csv,2026-05-14T10:28:54
20260514_102731,S01,G11,light_off,17,4.0,123,data\raw\S01\20260514_102731_S01_G11_T017.csv,2026-05-14T10:28:59
20260514_102731,S01,G11,light_off,18,4.0,115,data\raw\S01\20260514_102731_S01_G11_T018.csv,2026-05-14T10:29:04
20260514_102731,S01,G11,light_off,19,4.0,106,data\raw\S01\20260514_102731_S01_G11_T019.csv,2026-05-14T10:29:09
20260514_102731,S01,G11,light_off,20,4.0,109,data\raw\S01\20260514_102731_S01_G11_T020.csv,2026-05-14T10:29:15
20260514_102731,S01,G11,light_off,21,4.0,120,data\raw\S01\20260514_102731_S01_G11_T021.csv,2026-05-14T10:29:20
20260514_102731,S01,G11,light_off,22,4.0,112,data\raw\S01\20260514_102731_S01_G11_T022.csv,2026-05-14T10:29:25
20260514_102731,S01,G11,light_off,23,4.0,110,data\raw\S01\20260514_102731_S01_G11_T023.csv,2026-05-14T10:29:30
20260514_102731,S01,G11,light_off,24,4.0,117,data\raw\S01\20260514_102731_S01_G11_T024.csv,2026-05-14T10:29:35
20260514_102731,S01,G11,light_off,25,4.0,116,data\raw\S01\20260514_102731_S01_G11_T025.csv,2026-05-14T10:29:41
20260514_102731,S01,G11,light_off,26,4.0,110,data\raw\S01\20260514_102731_S01_G11_T026.csv,2026-05-14T10:29:46
20260514_102731,S01,G11,light_off,27,4.0,114,data\raw\S01\20260514_102731_S01_G11_T027.csv,2026-05-14T10:29:51
20260514_102731,S01,G11,light_off,28,4.0,108,data\raw\S01\20260514_102731_S01_G11_T028.csv,2026-05-14T10:29:56
20260514_102731,S01,G11,light_off,29,4.0,121,data\raw\S01\20260514_102731_S01_G11_T029.csv,2026-05-14T10:30:01
20260514_102731,S01,G11,light_off,30,4.0,122,data\raw\S01\20260514_102731_S01_G11_T030.csv,2026-05-14T10:30:07
20260514_102731,S01,G11,light_off,31,4.0,118,data\raw\S01\20260514_102731_S01_G11_T031.csv,2026-05-14T10:30:12
20260514_102731,S01,G11,light_off,32,4.0,117,data\raw\S01\20260514_102731_S01_G11_T032.csv,2026-05-14T10:30:17
20260514_102731,S01,G11,light_off,33,4.0,118,data\raw\S01\20260514_102731_S01_G11_T033.csv,2026-05-14T10:30:22
20260514_102731,S01,G11,light_off,34,4.0,121,data\raw\S01\20260514_102731_S01_G11_T034.csv,2026-05-14T10:30:28
20260514_102731,S01,G11,light_off,35,4.0,120,data\raw\S01\20260514_102731_S01_G11_T035.csv,2026-05-14T10:30:33
20260514_102731,S01,G11,light_off,36,4.0,126,data\raw\S01\20260514_102731_S01_G11_T036.csv,2026-05-14T10:30:38
20260514_102731,S01,G11,light_off,37,4.0,111,data\raw\S01\20260514_102731_S01_G11_T037.csv,2026-05-14T10:30:43
20260514_102731,S01,G11,light_off,38,4.0,119,data\raw\S01\20260514_102731_S01_G11_T038.csv,2026-05-14T10:30:48
20260514_102731,S01,G11,light_off,39,4.0,123,data\raw\S01\20260514_102731_S01_G11_T039.csv,2026-05-14T10:30:54
20260514_102731,S01,G11,light_off,40,4.0,115,data\raw\S01\20260514_102731_S01_G11_T040.csv,2026-05-14T10:30:59
20260514_102731,S01,G11,light_off,41,4.0,113,data\raw\S01\20260514_102731_S01_G11_T041.csv,2026-05-14T10:31:04
20260514_102731,S01,G11,light_off,42,4.0,123,data\raw\S01\20260514_102731_S01_G11_T042.csv,2026-05-14T10:31:09
20260514_102731,S01,G11,light_off,43,4.0,127,data\raw\S01\20260514_102731_S01_G11_T043.csv,2026-05-14T10:31:15
20260514_102731,S01,G11,light_off,44,4.0,120,data\raw\S01\20260514_102731_S01_G11_T044.csv,2026-05-14T10:31:20
20260514_102731,S01,G11,light_off,45,4.0,122,data\raw\S01\20260514_102731_S01_G11_T045.csv,2026-05-14T10:31:25
20260514_102731,S01,G11,light_off,46,4.0,121,data\raw\S01\20260514_102731_S01_G11_T046.csv,2026-05-14T10:31:30
20260514_102731,S01,G11,light_off,47,4.0,116,data\raw\S01\20260514_102731_S01_G11_T047.csv,2026-05-14T10:31:35
20260514_102731,S01,G11,light_off,48,4.0,124,data\raw\S01\20260514_102731_S01_G11_T048.csv,2026-05-14T10:31:40
20260514_102731,S01,G11,light_off,49,4.0,122,data\raw\S01\20260514_102731_S01_G11_T049.csv,2026-05-14T10:31:46
20260514_102731,S01,G11,light_off,50,4.0,122,data\raw\S01\20260514_102731_S01_G11_T050.csv,2026-05-14T10:31:51
20260514_103414,S01,G12,curtain_close,1,4.0,114,data\raw\S01\20260514_103414_S01_G12_T001.csv,2026-05-14T10:34:19
20260514_103414,S01,G12,curtain_close,2,4.0,121,data\raw\S01\20260514_103414_S01_G12_T002.csv,2026-05-14T10:34:25
20260514_103414,S01,G12,curtain_close,3,4.0,123,data\raw\S01\20260514_103414_S01_G12_T003.csv,2026-05-14T10:34:30
20260514_103414,S01,G12,curtain_close,4,4.0,126,data\raw\S01\20260514_103414_S01_G12_T004.csv,2026-05-14T10:34:35
20260514_103414,S01,G12,curtain_close,5,4.0,114,data\raw\S01\20260514_103414_S01_G12_T005.csv,2026-05-14T10:34:40
20260514_103414,S01,G12,curtain_close,6,4.0,115,data\raw\S01\20260514_103414_S01_G12_T006.csv,2026-05-14T10:34:45
20260514_103414,S01,G12,curtain_close,7,4.0,111,data\raw\S01\20260514_103414_S01_G12_T007.csv,2026-05-14T10:34:50
20260514_103414,S01,G12,curtain_close,8,4.0,117,data\raw\S01\20260514_103414_S01_G12_T008.csv,2026-05-14T10:34:56
20260514_103414,S01,G12,curtain_close,9,4.0,117,data\raw\S01\20260514_103414_S01_G12_T009.csv,2026-05-14T10:35:01
20260514_103414,S01,G12,curtain_close,10,4.0,113,data\raw\S01\20260514_103414_S01_G12_T010.csv,2026-05-14T10:35:06
20260514_103414,S01,G12,curtain_close,11,4.0,115,data\raw\S01\20260514_103414_S01_G12_T011.csv,2026-05-14T10:35:11
20260514_103414,S01,G12,curtain_close,12,4.0,115,data\raw\S01\20260514_103414_S01_G12_T012.csv,2026-05-14T10:35:16
20260514_103414,S01,G12,curtain_close,13,4.0,111,data\raw\S01\20260514_103414_S01_G12_T013.csv,2026-05-14T10:35:21
20260514_103414,S01,G12,curtain_close,14,4.0,116,data\raw\S01\20260514_103414_S01_G12_T014.csv,2026-05-14T10:35:27
20260514_103414,S01,G12,curtain_close,15,4.0,116,data\raw\S01\20260514_103414_S01_G12_T015.csv,2026-05-14T10:35:32
20260514_103414,S01,G12,curtain_close,16,4.0,116,data\raw\S01\20260514_103414_S01_G12_T016.csv,2026-05-14T10:35:37
20260514_103414,S01,G12,curtain_close,17,4.0,112,data\raw\S01\20260514_103414_S01_G12_T017.csv,2026-05-14T10:35:42
20260514_103414,S01,G12,curtain_close,18,4.0,121,data\raw\S01\20260514_103414_S01_G12_T018.csv,2026-05-14T10:35:48
20260514_103414,S01,G12,curtain_close,19,4.0,118,data\raw\S01\20260514_103414_S01_G12_T019.csv,2026-05-14T10:35:53
20260514_103414,S01,G12,curtain_close,20,4.0,115,data\raw\S01\20260514_103414_S01_G12_T020.csv,2026-05-14T10:35:58
20260514_103414,S01,G12,curtain_close,21,4.0,122,data\raw\S01\20260514_103414_S01_G12_T021.csv,2026-05-14T10:36:03
20260514_103414,S01,G12,curtain_close,22,4.0,118,data\raw\S01\20260514_103414_S01_G12_T022.csv,2026-05-14T10:36:08
20260514_103414,S01,G12,curtain_close,23,4.0,121,data\raw\S01\20260514_103414_S01_G12_T023.csv,2026-05-14T10:36:14
20260514_103414,S01,G12,curtain_close,24,4.0,124,data\raw\S01\20260514_103414_S01_G12_T024.csv,2026-05-14T10:36:19
20260514_103414,S01,G12,curtain_close,25,4.0,124,data\raw\S01\20260514_103414_S01_G12_T025.csv,2026-05-14T10:36:24
20260514_103414,S01,G12,curtain_close,26,4.0,123,data\raw\S01\20260514_103414_S01_G12_T026.csv,2026-05-14T10:36:29
20260514_103414,S01,G12,curtain_close,27,4.0,114,data\raw\S01\20260514_103414_S01_G12_T027.csv,2026-05-14T10:36:34
20260514_103414,S01,G12,curtain_close,28,4.0,124,data\raw\S01\20260514_103414_S01_G12_T028.csv,2026-05-14T10:36:40
20260514_103414,S01,G12,curtain_close,29,4.0,116,data\raw\S01\20260514_103414_S01_G12_T029.csv,2026-05-14T10:36:45
20260514_103414,S01,G12,curtain_close,30,4.0,111,data\raw\S01\20260514_103414_S01_G12_T030.csv,2026-05-14T10:36:50
20260514_103414,S01,G12,curtain_close,31,4.0,113,data\raw\S01\20260514_103414_S01_G12_T031.csv,2026-05-14T10:36:55
20260514_103414,S01,G12,curtain_close,32,4.0,115,data\raw\S01\20260514_103414_S01_G12_T032.csv,2026-05-14T10:37:00
20260514_103414,S01,G12,curtain_close,33,4.0,114,data\raw\S01\20260514_103414_S01_G12_T033.csv,2026-05-14T10:37:05
20260514_103414,S01,G12,curtain_close,34,4.0,116,data\raw\S01\20260514_103414_S01_G12_T034.csv,2026-05-14T10:37:11
20260514_103414,S01,G12,curtain_close,35,4.0,113,data\raw\S01\20260514_103414_S01_G12_T035.csv,2026-05-14T10:37:16
20260514_103414,S01,G12,curtain_close,36,4.0,117,data\raw\S01\20260514_103414_S01_G12_T036.csv,2026-05-14T10:37:21
20260514_103414,S01,G12,curtain_close,37,4.0,121,data\raw\S01\20260514_103414_S01_G12_T037.csv,2026-05-14T10:37:26
20260514_103414,S01,G12,curtain_close,38,4.0,112,data\raw\S01\20260514_103414_S01_G12_T038.csv,2026-05-14T10:37:31
20260514_103414,S01,G12,curtain_close,39,4.0,119,data\raw\S01\20260514_103414_S01_G12_T039.csv,2026-05-14T10:37:37
20260514_103414,S01,G12,curtain_close,40,4.0,119,data\raw\S01\20260514_103414_S01_G12_T040.csv,2026-05-14T10:37:42
20260514_103414,S01,G12,curtain_close,41,4.0,121,data\raw\S01\20260514_103414_S01_G12_T041.csv,2026-05-14T10:37:47
20260514_103414,S01,G12,curtain_close,42,4.0,117,data\raw\S01\20260514_103414_S01_G12_T042.csv,2026-05-14T10:37:52
20260514_103414,S01,G12,curtain_close,43,4.0,117,data\raw\S01\20260514_103414_S01_G12_T043.csv,2026-05-14T10:37:57
20260514_103414,S01,G12,curtain_close,44,4.0,126,data\raw\S01\20260514_103414_S01_G12_T044.csv,2026-05-14T10:38:03
20260514_103414,S01,G12,curtain_close,45,4.0,117,data\raw\S01\20260514_103414_S01_G12_T045.csv,2026-05-14T10:38:08
20260514_103414,S01,G12,curtain_close,46,4.0,122,data\raw\S01\20260514_103414_S01_G12_T046.csv,2026-05-14T10:38:13
20260514_103414,S01,G12,curtain_close,47,4.0,118,data\raw\S01\20260514_103414_S01_G12_T047.csv,2026-05-14T10:38:18
20260514_103414,S01,G12,curtain_close,48,4.0,114,data\raw\S01\20260514_103414_S01_G12_T048.csv,2026-05-14T10:38:23
20260514_103414,S01,G12,curtain_close,49,4.0,108,data\raw\S01\20260514_103414_S01_G12_T049.csv,2026-05-14T10:38:28
20260514_103414,S01,G12,curtain_close,50,4.0,115,data\raw\S01\20260514_103414_S01_G12_T050.csv,2026-05-14T10:38:34
20260514_104056,S01,G13,curtain_open,1,4.0,113,data\raw\S01\20260514_104056_S01_G13_T001.csv,2026-05-14T10:41:01
20260514_104056,S01,G13,curtain_open,2,4.0,110,data\raw\S01\20260514_104056_S01_G13_T002.csv,2026-05-14T10:41:06
20260514_104056,S01,G13,curtain_open,3,4.0,126,data\raw\S01\20260514_104056_S01_G13_T003.csv,2026-05-14T10:41:11
20260514_104056,S01,G13,curtain_open,4,4.0,117,data\raw\S01\20260514_104056_S01_G13_T004.csv,2026-05-14T10:41:16
20260514_104056,S01,G13,curtain_open,5,4.0,123,data\raw\S01\20260514_104056_S01_G13_T005.csv,2026-05-14T10:41:21
20260514_104056,S01,G13,curtain_open,6,4.0,112,data\raw\S01\20260514_104056_S01_G13_T006.csv,2026-05-14T10:41:27
20260514_104056,S01,G13,curtain_open,7,4.0,112,data\raw\S01\20260514_104056_S01_G13_T007.csv,2026-05-14T10:41:32
20260514_104056,S01,G13,curtain_open,8,4.0,120,data\raw\S01\20260514_104056_S01_G13_T008.csv,2026-05-14T10:41:37
20260514_104056,S01,G13,curtain_open,9,4.0,120,data\raw\S01\20260514_104056_S01_G13_T009.csv,2026-05-14T10:41:42
20260514_104056,S01,G13,curtain_open,10,4.0,120,data\raw\S01\20260514_104056_S01_G13_T010.csv,2026-05-14T10:41:48
20260514_104056,S01,G13,curtain_open,11,4.0,115,data\raw\S01\20260514_104056_S01_G13_T011.csv,2026-05-14T10:41:53
20260514_104056,S01,G13,curtain_open,12,4.0,113,data\raw\S01\20260514_104056_S01_G13_T012.csv,2026-05-14T10:41:58
20260514_104056,S01,G13,curtain_open,13,4.0,110,data\raw\S01\20260514_104056_S01_G13_T013.csv,2026-05-14T10:42:03
20260514_104056,S01,G13,curtain_open,14,4.0,114,data\raw\S01\20260514_104056_S01_G13_T014.csv,2026-05-14T10:42:08
20260514_104056,S01,G13,curtain_open,15,4.0,125,data\raw\S01\20260514_104056_S01_G13_T015.csv,2026-05-14T10:42:13
20260514_104056,S01,G13,curtain_open,16,4.0,123,data\raw\S01\20260514_104056_S01_G13_T016.csv,2026-05-14T10:42:18
20260514_104056,S01,G13,curtain_open,17,4.0,119,data\raw\S01\20260514_104056_S01_G13_T017.csv,2026-05-14T10:42:23
20260514_104056,S01,G13,curtain_open,18,4.0,126,data\raw\S01\20260514_104056_S01_G13_T018.csv,2026-05-14T10:42:29
20260514_104056,S01,G13,curtain_open,19,4.0,123,data\raw\S01\20260514_104056_S01_G13_T019.csv,2026-05-14T10:42:34
20260514_104056,S01,G13,curtain_open,20,4.0,121,data\raw\S01\20260514_104056_S01_G13_T020.csv,2026-05-14T10:42:39
20260514_104056,S01,G13,curtain_open,21,4.0,121,data\raw\S01\20260514_104056_S01_G13_T021.csv,2026-05-14T10:42:44
20260514_104056,S01,G13,curtain_open,22,4.0,119,data\raw\S01\20260514_104056_S01_G13_T022.csv,2026-05-14T10:42:50
20260514_104056,S01,G13,curtain_open,23,4.0,126,data\raw\S01\20260514_104056_S01_G13_T023.csv,2026-05-14T10:42:55
20260514_104056,S01,G13,curtain_open,24,4.0,118,data\raw\S01\20260514_104056_S01_G13_T024.csv,2026-05-14T10:43:00
20260514_104056,S01,G13,curtain_open,25,4.0,122,data\raw\S01\20260514_104056_S01_G13_T025.csv,2026-05-14T10:43:05
20260514_104056,S01,G13,curtain_open,26,4.0,129,data\raw\S01\20260514_104056_S01_G13_T026.csv,2026-05-14T10:43:11
20260514_104056,S01,G13,curtain_open,27,4.0,115,data\raw\S01\20260514_104056_S01_G13_T027.csv,2026-05-14T10:43:16
20260514_104056,S01,G13,curtain_open,28,4.0,121,data\raw\S01\20260514_104056_S01_G13_T028.csv,2026-05-14T10:43:21
20260514_104056,S01,G13,curtain_open,29,4.0,123,data\raw\S01\20260514_104056_S01_G13_T029.csv,2026-05-14T10:43:26
20260514_104056,S01,G13,curtain_open,30,4.0,128,data\raw\S01\20260514_104056_S01_G13_T030.csv,2026-05-14T10:43:31
20260514_104056,S01,G13,curtain_open,31,4.0,122,data\raw\S01\20260514_104056_S01_G13_T031.csv,2026-05-14T10:43:37
20260514_104056,S01,G13,curtain_open,32,4.0,128,data\raw\S01\20260514_104056_S01_G13_T032.csv,2026-05-14T10:43:42
20260514_104056,S01,G13,curtain_open,33,4.0,121,data\raw\S01\20260514_104056_S01_G13_T033.csv,2026-05-14T10:43:47
20260514_104056,S01,G13,curtain_open,34,4.0,124,data\raw\S01\20260514_104056_S01_G13_T034.csv,2026-05-14T10:43:52
20260514_104056,S01,G13,curtain_open,35,4.0,120,data\raw\S01\20260514_104056_S01_G13_T035.csv,2026-05-14T10:43:57
20260514_104056,S01,G13,curtain_open,36,4.0,122,data\raw\S01\20260514_104056_S01_G13_T036.csv,2026-05-14T10:44:03
20260514_104056,S01,G13,curtain_open,37,4.0,124,data\raw\S01\20260514_104056_S01_G13_T037.csv,2026-05-14T10:44:08
20260514_104056,S01,G13,curtain_open,38,4.0,121,data\raw\S01\20260514_104056_S01_G13_T038.csv,2026-05-14T10:44:13
20260514_104056,S01,G13,curtain_open,39,4.0,123,data\raw\S01\20260514_104056_S01_G13_T039.csv,2026-05-14T10:44:18
20260514_104056,S01,G13,curtain_open,40,4.0,122,data\raw\S01\20260514_104056_S01_G13_T040.csv,2026-05-14T10:44:23
20260514_104056,S01,G13,curtain_open,41,4.0,122,data\raw\S01\20260514_104056_S01_G13_T041.csv,2026-05-14T10:44:29
20260514_104056,S01,G13,curtain_open,42,4.0,123,data\raw\S01\20260514_104056_S01_G13_T042.csv,2026-05-14T10:44:34
20260514_104056,S01,G13,curtain_open,43,4.0,126,data\raw\S01\20260514_104056_S01_G13_T043.csv,2026-05-14T10:44:39
20260514_104056,S01,G13,curtain_open,44,4.0,125,data\raw\S01\20260514_104056_S01_G13_T044.csv,2026-05-14T10:44:44
20260514_104056,S01,G13,curtain_open,45,4.0,123,data\raw\S01\20260514_104056_S01_G13_T045.csv,2026-05-14T10:44:49
20260514_104056,S01,G13,curtain_open,46,4.0,113,data\raw\S01\20260514_104056_S01_G13_T046.csv,2026-05-14T10:44:54
20260514_104056,S01,G13,curtain_open,47,4.0,123,data\raw\S01\20260514_104056_S01_G13_T047.csv,2026-05-14T10:45:00
20260514_104056,S01,G13,curtain_open,48,4.0,122,data\raw\S01\20260514_104056_S01_G13_T048.csv,2026-05-14T10:45:05
20260514_104056,S01,G13,curtain_open,49,4.0,122,data\raw\S01\20260514_104056_S01_G13_T049.csv,2026-05-14T10:45:10
20260514_104056,S01,G13,curtain_open,50,4.0,118,data\raw\S01\20260514_104056_S01_G13_T050.csv,2026-05-14T10:45:15
20260514_104651,S01,G14,stop_palm,1,4.0,114,data\raw\S01\20260514_104651_S01_G14_T001.csv,2026-05-14T10:46:56
20260514_104651,S01,G14,stop_palm,2,4.0,112,data\raw\S01\20260514_104651_S01_G14_T002.csv,2026-05-14T10:47:01
20260514_104651,S01,G14,stop_palm,3,4.0,110,data\raw\S01\20260514_104651_S01_G14_T003.csv,2026-05-14T10:47:06
20260514_104651,S01,G14,stop_palm,4,4.0,127,data\raw\S01\20260514_104651_S01_G14_T004.csv,2026-05-14T10:47:11
20260514_104651,S01,G14,stop_palm,5,4.0,112,data\raw\S01\20260514_104651_S01_G14_T005.csv,2026-05-14T10:47:17
20260514_104651,S01,G14,stop_palm,6,4.0,129,data\raw\S01\20260514_104651_S01_G14_T006.csv,2026-05-14T10:47:22
20260514_104651,S01,G14,stop_palm,7,4.0,116,data\raw\S01\20260514_104651_S01_G14_T007.csv,2026-05-14T10:47:27
20260514_104651,S01,G14,stop_palm,8,4.0,127,data\raw\S01\20260514_104651_S01_G14_T008.csv,2026-05-14T10:47:32
20260514_104651,S01,G14,stop_palm,9,4.0,131,data\raw\S01\20260514_104651_S01_G14_T009.csv,2026-05-14T10:47:37
20260514_104651,S01,G14,stop_palm,10,4.0,128,data\raw\S01\20260514_104651_S01_G14_T010.csv,2026-05-14T10:47:43
20260514_104651,S01,G14,stop_palm,11,4.0,114,data\raw\S01\20260514_104651_S01_G14_T011.csv,2026-05-14T10:47:48
20260514_104651,S01,G14,stop_palm,12,4.0,113,data\raw\S01\20260514_104651_S01_G14_T012.csv,2026-05-14T10:47:53
20260514_104651,S01,G14,stop_palm,13,4.0,118,data\raw\S01\20260514_104651_S01_G14_T013.csv,2026-05-14T10:47:58
20260514_104651,S01,G14,stop_palm,14,4.0,127,data\raw\S01\20260514_104651_S01_G14_T014.csv,2026-05-14T10:48:03
20260514_104651,S01,G14,stop_palm,15,4.0,121,data\raw\S01\20260514_104651_S01_G14_T015.csv,2026-05-14T10:48:09
20260514_104651,S01,G14,stop_palm,16,4.0,121,data\raw\S01\20260514_104651_S01_G14_T016.csv,2026-05-14T10:48:14
20260514_104651,S01,G14,stop_palm,17,4.0,127,data\raw\S01\20260514_104651_S01_G14_T017.csv,2026-05-14T10:48:19
20260514_104651,S01,G14,stop_palm,18,4.0,118,data\raw\S01\20260514_104651_S01_G14_T018.csv,2026-05-14T10:48:24
20260514_104651,S01,G14,stop_palm,19,4.0,126,data\raw\S01\20260514_104651_S01_G14_T019.csv,2026-05-14T10:48:29
20260514_104651,S01,G14,stop_palm,20,4.0,120,data\raw\S01\20260514_104651_S01_G14_T020.csv,2026-05-14T10:48:34
20260514_104651,S01,G14,stop_palm,21,4.0,115,data\raw\S01\20260514_104651_S01_G14_T021.csv,2026-05-14T10:48:40
20260514_104651,S01,G14,stop_palm,22,4.0,125,data\raw\S01\20260514_104651_S01_G14_T022.csv,2026-05-14T10:48:45
20260514_104651,S01,G14,stop_palm,23,4.0,120,data\raw\S01\20260514_104651_S01_G14_T023.csv,2026-05-14T10:48:50
20260514_104651,S01,G14,stop_palm,24,4.0,119,data\raw\S01\20260514_104651_S01_G14_T024.csv,2026-05-14T10:48:55
20260514_104651,S01,G14,stop_palm,25,4.0,123,data\raw\S01\20260514_104651_S01_G14_T025.csv,2026-05-14T10:49:00
20260514_104651,S01,G14,stop_palm,26,4.0,124,data\raw\S01\20260514_104651_S01_G14_T026.csv,2026-05-14T10:49:06
20260514_104651,S01,G14,stop_palm,27,4.0,122,data\raw\S01\20260514_104651_S01_G14_T027.csv,2026-05-14T10:49:11
20260514_104651,S01,G14,stop_palm,28,4.0,125,data\raw\S01\20260514_104651_S01_G14_T028.csv,2026-05-14T10:49:16
20260514_104651,S01,G14,stop_palm,29,4.0,124,data\raw\S01\20260514_104651_S01_G14_T029.csv,2026-05-14T10:49:21
20260514_104651,S01,G14,stop_palm,30,4.0,127,data\raw\S01\20260514_104651_S01_G14_T030.csv,2026-05-14T10:49:26
20260514_104651,S01,G14,stop_palm,31,4.0,115,data\raw\S01\20260514_104651_S01_G14_T031.csv,2026-05-14T10:49:31
20260514_104651,S01,G14,stop_palm,32,4.0,122,data\raw\S01\20260514_104651_S01_G14_T032.csv,2026-05-14T10:49:37
20260514_104651,S01,G14,stop_palm,33,4.0,124,data\raw\S01\20260514_104651_S01_G14_T033.csv,2026-05-14T10:49:42
20260514_104651,S01,G14,stop_palm,34,4.0,123,data\raw\S01\20260514_104651_S01_G14_T034.csv,2026-05-14T10:49:47
20260514_104651,S01,G14,stop_palm,35,4.0,123,data\raw\S01\20260514_104651_S01_G14_T035.csv,2026-05-14T10:49:52
20260514_104651,S01,G14,stop_palm,36,4.0,127,data\raw\S01\20260514_104651_S01_G14_T036.csv,2026-05-14T10:49:57
20260514_104651,S01,G14,stop_palm,37,4.0,124,data\raw\S01\20260514_104651_S01_G14_T037.csv,2026-05-14T10:50:02
20260514_104651,S01,G14,stop_palm,38,4.0,126,data\raw\S01\20260514_104651_S01_G14_T038.csv,2026-05-14T10:50:08
20260514_104651,S01,G14,stop_palm,39,4.0,117,data\raw\S01\20260514_104651_S01_G14_T039.csv,2026-05-14T10:50:13
20260514_104651,S01,G14,stop_palm,40,4.0,130,data\raw\S01\20260514_104651_S01_G14_T040.csv,2026-05-14T10:50:18
20260514_104651,S01,G14,stop_palm,41,4.0,125,data\raw\S01\20260514_104651_S01_G14_T041.csv,2026-05-14T10:50:23
20260514_104651,S01,G14,stop_palm,42,4.0,121,data\raw\S01\20260514_104651_S01_G14_T042.csv,2026-05-14T10:50:28
20260514_104651,S01,G14,stop_palm,43,4.0,125,data\raw\S01\20260514_104651_S01_G14_T043.csv,2026-05-14T10:50:34
20260514_104651,S01,G14,stop_palm,44,4.0,115,data\raw\S01\20260514_104651_S01_G14_T044.csv,2026-05-14T10:50:39
20260514_104651,S01,G14,stop_palm,45,4.0,127,data\raw\S01\20260514_104651_S01_G14_T045.csv,2026-05-14T10:50:44
20260514_104651,S01,G14,stop_palm,46,4.0,123,data\raw\S01\20260514_104651_S01_G14_T046.csv,2026-05-14T10:50:49
20260514_104651,S01,G14,stop_palm,47,4.0,131,data\raw\S01\20260514_104651_S01_G14_T047.csv,2026-05-14T10:50:54
20260514_104651,S01,G14,stop_palm,48,4.0,129,data\raw\S01\20260514_104651_S01_G14_T048.csv,2026-05-14T10:51:00
20260514_104651,S01,G14,stop_palm,49,4.0,128,data\raw\S01\20260514_104651_S01_G14_T049.csv,2026-05-14T10:51:05
20260514_104651,S01,G14,stop_palm,50,4.0,129,data\raw\S01\20260514_104651_S01_G14_T050.csv,2026-05-14T10:51:10
20260514_105324,S01,G15,emergency_reset,1,4.0,116,data\raw\S01\20260514_105324_S01_G15_T001.csv,2026-05-14T10:53:29
20260514_105324,S01,G15,emergency_reset,2,4.0,114,data\raw\S01\20260514_105324_S01_G15_T002.csv,2026-05-14T10:53:35
20260514_105324,S01,G15,emergency_reset,3,4.0,117,data\raw\S01\20260514_105324_S01_G15_T003.csv,2026-05-14T10:53:40
20260514_105324,S01,G15,emergency_reset,4,4.0,119,data\raw\S01\20260514_105324_S01_G15_T004.csv,2026-05-14T10:53:45
20260514_105324,S01,G15,emergency_reset,5,4.0,114,data\raw\S01\20260514_105324_S01_G15_T005.csv,2026-05-14T10:53:50
20260514_105324,S01,G15,emergency_reset,6,4.0,113,data\raw\S01\20260514_105324_S01_G15_T006.csv,2026-05-14T10:53:55
20260514_105324,S01,G15,emergency_reset,7,4.0,110,data\raw\S01\20260514_105324_S01_G15_T007.csv,2026-05-14T10:54:00
20260514_105324,S01,G15,emergency_reset,8,4.0,121,data\raw\S01\20260514_105324_S01_G15_T008.csv,2026-05-14T10:54:06
20260514_105324,S01,G15,emergency_reset,9,4.0,110,data\raw\S01\20260514_105324_S01_G15_T009.csv,2026-05-14T10:54:11
20260514_105324,S01,G15,emergency_reset,10,4.0,118,data\raw\S01\20260514_105324_S01_G15_T010.csv,2026-05-14T10:54:16
20260514_105324,S01,G15,emergency_reset,11,4.0,121,data\raw\S01\20260514_105324_S01_G15_T011.csv,2026-05-14T10:54:21
20260514_105324,S01,G15,emergency_reset,12,4.0,121,data\raw\S01\20260514_105324_S01_G15_T012.csv,2026-05-14T10:54:26
20260514_105324,S01,G15,emergency_reset,13,4.0,115,data\raw\S01\20260514_105324_S01_G15_T013.csv,2026-05-14T10:54:32
20260514_105324,S01,G15,emergency_reset,14,4.0,126,data\raw\S01\20260514_105324_S01_G15_T014.csv,2026-05-14T10:54:37
20260514_105324,S01,G15,emergency_reset,15,4.0,114,data\raw\S01\20260514_105324_S01_G15_T015.csv,2026-05-14T10:54:42
20260514_105324,S01,G15,emergency_reset,16,4.0,111,data\raw\S01\20260514_105324_S01_G15_T016.csv,2026-05-14T10:54:47
20260514_105324,S01,G15,emergency_reset,17,4.0,110,data\raw\S01\20260514_105324_S01_G15_T017.csv,2026-05-14T10:54:52
20260514_105324,S01,G15,emergency_reset,18,4.0,111,data\raw\S01\20260514_105324_S01_G15_T018.csv,2026-05-14T10:54:57
20260514_105324,S01,G15,emergency_reset,19,4.0,118,data\raw\S01\20260514_105324_S01_G15_T019.csv,2026-05-14T10:55:03
20260514_105324,S01,G15,emergency_reset,20,4.0,110,data\raw\S01\20260514_105324_S01_G15_T020.csv,2026-05-14T10:55:08
20260514_105324,S01,G15,emergency_reset,21,4.0,114,data\raw\S01\20260514_105324_S01_G15_T021.csv,2026-05-14T10:55:13
20260514_105324,S01,G15,emergency_reset,22,4.0,115,data\raw\S01\20260514_105324_S01_G15_T022.csv,2026-05-14T10:55:18
20260514_105324,S01,G15,emergency_reset,23,4.0,120,data\raw\S01\20260514_105324_S01_G15_T023.csv,2026-05-14T10:55:23
20260514_105324,S01,G15,emergency_reset,24,4.0,114,data\raw\S01\20260514_105324_S01_G15_T024.csv,2026-05-14T10:55:29
20260514_105324,S01,G15,emergency_reset,25,4.0,114,data\raw\S01\20260514_105324_S01_G15_T025.csv,2026-05-14T10:55:34
20260514_105324,S01,G15,emergency_reset,26,4.0,125,data\raw\S01\20260514_105324_S01_G15_T026.csv,2026-05-14T10:55:39
20260514_105324,S01,G15,emergency_reset,27,4.0,121,data\raw\S01\20260514_105324_S01_G15_T027.csv,2026-05-14T10:55:44
20260514_105324,S01,G15,emergency_reset,28,4.0,111,data\raw\S01\20260514_105324_S01_G15_T028.csv,2026-05-14T10:55:49
20260514_105324,S01,G15,emergency_reset,29,4.0,113,data\raw\S01\20260514_105324_S01_G15_T029.csv,2026-05-14T10:55:54
20260514_105324,S01,G15,emergency_reset,30,4.0,114,data\raw\S01\20260514_105324_S01_G15_T030.csv,2026-05-14T10:56:00
20260514_105324,S01,G15,emergency_reset,31,4.0,118,data\raw\S01\20260514_105324_S01_G15_T031.csv,2026-05-14T10:56:05
20260514_105324,S01,G15,emergency_reset,32,4.0,122,data\raw\S01\20260514_105324_S01_G15_T032.csv,2026-05-14T10:56:10
20260514_105324,S01,G15,emergency_reset,33,4.0,122,data\raw\S01\20260514_105324_S01_G15_T033.csv,2026-05-14T10:56:15
20260514_105324,S01,G15,emergency_reset,34,4.0,112,data\raw\S01\20260514_105324_S01_G15_T034.csv,2026-05-14T10:56:21
20260514_105324,S01,G15,emergency_reset,35,4.0,115,data\raw\S01\20260514_105324_S01_G15_T035.csv,2026-05-14T10:56:26
20260514_105324,S01,G15,emergency_reset,36,4.0,114,data\raw\S01\20260514_105324_S01_G15_T036.csv,2026-05-14T10:56:31
20260514_105324,S01,G15,emergency_reset,37,4.0,115,data\raw\S01\20260514_105324_S01_G15_T037.csv,2026-05-14T10:56:36
20260514_105324,S01,G15,emergency_reset,38,4.0,126,data\raw\S01\20260514_105324_S01_G15_T038.csv,2026-05-14T10:56:41
20260514_105324,S01,G15,emergency_reset,39,4.0,122,data\raw\S01\20260514_105324_S01_G15_T039.csv,2026-05-14T10:56:47
20260514_105324,S01,G15,emergency_reset,40,4.0,118,data\raw\S01\20260514_105324_S01_G15_T040.csv,2026-05-14T10:56:52
20260514_105324,S01,G15,emergency_reset,41,4.0,122,data\raw\S01\20260514_105324_S01_G15_T041.csv,2026-05-14T10:56:57
20260514_105324,S01,G15,emergency_reset,42,4.0,113,data\raw\S01\20260514_105324_S01_G15_T042.csv,2026-05-14T10:57:02
20260514_105324,S01,G15,emergency_reset,43,4.0,114,data\raw\S01\20260514_105324_S01_G15_T043.csv,2026-05-14T10:57:07
20260514_105324,S01,G15,emergency_reset,44,4.0,117,data\raw\S01\20260514_105324_S01_G15_T044.csv,2026-05-14T10:57:12
20260514_105324,S01,G15,emergency_reset,45,4.0,113,data\raw\S01\20260514_105324_S01_G15_T045.csv,2026-05-14T10:57:18
20260514_105324,S01,G15,emergency_reset,46,4.0,111,data\raw\S01\20260514_105324_S01_G15_T046.csv,2026-05-14T10:57:23
20260514_105324,S01,G15,emergency_reset,47,4.0,121,data\raw\S01\20260514_105324_S01_G15_T047.csv,2026-05-14T10:57:28
20260514_105324,S01,G15,emergency_reset,48,4.0,118,data\raw\S01\20260514_105324_S01_G15_T048.csv,2026-05-14T10:57:33
20260514_105324,S01,G15,emergency_reset,49,4.0,124,data\raw\S01\20260514_105324_S01_G15_T049.csv,2026-05-14T10:57:38
20260514_105324,S01,G15,emergency_reset,50,4.0,120,data\raw\S01\20260514_105324_S01_G15_T050.csv,2026-05-14T10:57:44
20260514_105931,S01,N1,noise_walking,1,4.0,111,data\raw\S01\20260514_105931_S01_N1_T001.csv,2026-05-14T10:59:36
20260514_105931,S01,N1,noise_walking,2,4.0,112,data\raw\S01\20260514_105931_S01_N1_T002.csv,2026-05-14T10:59:41
20260514_105931,S01,N1,noise_walking,3,4.0,110,data\raw\S01\20260514_105931_S01_N1_T003.csv,2026-05-14T10:59:46
20260514_105931,S01,N1,noise_walking,4,4.0,110,data\raw\S01\20260514_105931_S01_N1_T004.csv,2026-05-14T10:59:51
20260514_105931,S01,N1,noise_walking,5,4.0,110,data\raw\S01\20260514_105931_S01_N1_T005.csv,2026-05-14T10:59:57
20260514_105931,S01,N1,noise_walking,6,4.0,111,data\raw\S01\20260514_105931_S01_N1_T006.csv,2026-05-14T11:00:02
20260514_105931,S01,N1,noise_walking,7,4.0,105,data\raw\S01\20260514_105931_S01_N1_T007.csv,2026-05-14T11:00:07
20260514_105931,S01,N1,noise_walking,8,4.0,111,data\raw\S01\20260514_105931_S01_N1_T008.csv,2026-05-14T11:00:12
20260514_105931,S01,N1,noise_walking,9,4.0,109,data\raw\S01\20260514_105931_S01_N1_T009.csv,2026-05-14T11:00:17
20260514_105931,S01,N1,noise_walking,10,4.0,109,data\raw\S01\20260514_105931_S01_N1_T010.csv,2026-05-14T11:00:23
20260514_105931,S01,N1,noise_walking,11,4.0,112,data\raw\S01\20260514_105931_S01_N1_T011.csv,2026-05-14T11:00:28
20260514_105931,S01,N1,noise_walking,12,4.0,110,data\raw\S01\20260514_105931_S01_N1_T012.csv,2026-05-14T11:00:33
20260514_105931,S01,N1,noise_walking,13,4.0,112,data\raw\S01\20260514_105931_S01_N1_T013.csv,2026-05-14T11:00:38
20260514_105931,S01,N1,noise_walking,14,4.0,108,data\raw\S01\20260514_105931_S01_N1_T014.csv,2026-05-14T11:00:43
20260514_105931,S01,N1,noise_walking,15,4.0,111,data\raw\S01\20260514_105931_S01_N1_T015.csv,2026-05-14T11:00:49
20260514_105931,S01,N1,noise_walking,16,4.0,105,data\raw\S01\20260514_105931_S01_N1_T016.csv,2026-05-14T11:00:54
20260514_105931,S01,N1,noise_walking,17,4.0,104,data\raw\S01\20260514_105931_S01_N1_T017.csv,2026-05-14T11:00:59
20260514_105931,S01,N1,noise_walking,18,4.0,105,data\raw\S01\20260514_105931_S01_N1_T018.csv,2026-05-14T11:01:04
20260514_105931,S01,N1,noise_walking,19,4.0,113,data\raw\S01\20260514_105931_S01_N1_T019.csv,2026-05-14T11:01:09
20260514_105931,S01,N1,noise_walking,20,4.0,113,data\raw\S01\20260514_105931_S01_N1_T020.csv,2026-05-14T11:01:14
20260514_105931,S01,N1,noise_walking,21,4.0,109,data\raw\S01\20260514_105931_S01_N1_T021.csv,2026-05-14T11:01:20
20260514_105931,S01,N1,noise_walking,22,4.0,112,data\raw\S01\20260514_105931_S01_N1_T022.csv,2026-05-14T11:01:25
20260514_105931,S01,N1,noise_walking,23,4.0,114,data\raw\S01\20260514_105931_S01_N1_T023.csv,2026-05-14T11:01:30
20260514_105931,S01,N1,noise_walking,24,4.0,113,data\raw\S01\20260514_105931_S01_N1_T024.csv,2026-05-14T11:01:35
20260514_105931,S01,N1,noise_walking,25,4.0,111,data\raw\S01\20260514_105931_S01_N1_T025.csv,2026-05-14T11:01:40
20260514_105931,S01,N1,noise_walking,26,4.0,106,data\raw\S01\20260514_105931_S01_N1_T026.csv,2026-05-14T11:01:45
20260514_105931,S01,N1,noise_walking,27,4.0,107,data\raw\S01\20260514_105931_S01_N1_T027.csv,2026-05-14T11:01:51
20260514_105931,S01,N1,noise_walking,28,4.0,110,data\raw\S01\20260514_105931_S01_N1_T028.csv,2026-05-14T11:01:56
20260514_105931,S01,N1,noise_walking,29,4.0,115,data\raw\S01\20260514_105931_S01_N1_T029.csv,2026-05-14T11:02:01
20260514_105931,S01,N1,noise_walking,30,4.0,109,data\raw\S01\20260514_105931_S01_N1_T030.csv,2026-05-14T11:02:06
20260514_105931,S01,N1,noise_walking,31,4.0,108,data\raw\S01\20260514_105931_S01_N1_T031.csv,2026-05-14T11:02:11
20260514_105931,S01,N1,noise_walking,32,4.0,110,data\raw\S01\20260514_105931_S01_N1_T032.csv,2026-05-14T11:02:17
20260514_105931,S01,N1,noise_walking,33,4.0,110,data\raw\S01\20260514_105931_S01_N1_T033.csv,2026-05-14T11:02:22
20260514_105931,S01,N1,noise_walking,34,4.0,105,data\raw\S01\20260514_105931_S01_N1_T034.csv,2026-05-14T11:02:27
20260514_105931,S01,N1,noise_walking,35,4.0,108,data\raw\S01\20260514_105931_S01_N1_T035.csv,2026-05-14T11:02:32
20260514_105931,S01,N1,noise_walking,36,4.0,117,data\raw\S01\20260514_105931_S01_N1_T036.csv,2026-05-14T11:02:37
20260514_105931,S01,N1,noise_walking,37,4.0,107,data\raw\S01\20260514_105931_S01_N1_T037.csv,2026-05-14T11:02:42
20260514_105931,S01,N1,noise_walking,38,4.0,109,data\raw\S01\20260514_105931_S01_N1_T038.csv,2026-05-14T11:02:48
20260514_105931,S01,N1,noise_walking,39,4.0,112,data\raw\S01\20260514_105931_S01_N1_T039.csv,2026-05-14T11:02:53
20260514_105931,S01,N1,noise_walking,40,4.0,110,data\raw\S01\20260514_105931_S01_N1_T040.csv,2026-05-14T11:02:58
20260514_105931,S01,N1,noise_walking,41,4.0,105,data\raw\S01\20260514_105931_S01_N1_T041.csv,2026-05-14T11:03:03
20260514_105931,S01,N1,noise_walking,42,4.0,111,data\raw\S01\20260514_105931_S01_N1_T042.csv,2026-05-14T11:03:08
20260514_105931,S01,N1,noise_walking,43,4.0,110,data\raw\S01\20260514_105931_S01_N1_T043.csv,2026-05-14T11:03:14
20260514_105931,S01,N1,noise_walking,44,4.0,107,data\raw\S01\20260514_105931_S01_N1_T044.csv,2026-05-14T11:03:19
20260514_105931,S01,N1,noise_walking,45,4.0,110,data\raw\S01\20260514_105931_S01_N1_T045.csv,2026-05-14T11:03:24
20260514_105931,S01,N1,noise_walking,46,4.0,107,data\raw\S01\20260514_105931_S01_N1_T046.csv,2026-05-14T11:03:29
20260514_105931,S01,N1,noise_walking,47,4.0,114,data\raw\S01\20260514_105931_S01_N1_T047.csv,2026-05-14T11:03:35
20260514_105931,S01,N1,noise_walking,48,4.0,109,data\raw\S01\20260514_105931_S01_N1_T048.csv,2026-05-14T11:03:40
20260514_105931,S01,N1,noise_walking,49,4.0,113,data\raw\S01\20260514_105931_S01_N1_T049.csv,2026-05-14T11:03:45
20260514_105931,S01,N1,noise_walking,50,4.0,109,data\raw\S01\20260514_105931_S01_N1_T050.csv,2026-05-14T11:03:50
20260514_110444,S01,N2,noise_watch,1,4.0,114,data\raw\S01\20260514_110444_S01_N2_T001.csv,2026-05-14T11:04:49
20260514_110444,S01,N2,noise_watch,2,4.0,113,data\raw\S01\20260514_110444_S01_N2_T002.csv,2026-05-14T11:04:54
20260514_110444,S01,N2,noise_watch,3,4.0,116,data\raw\S01\20260514_110444_S01_N2_T003.csv,2026-05-14T11:04:59
20260514_110444,S01,N2,noise_watch,4,4.0,118,data\raw\S01\20260514_110444_S01_N2_T004.csv,2026-05-14T11:05:04
20260514_110444,S01,N2,noise_watch,5,4.0,114,data\raw\S01\20260514_110444_S01_N2_T005.csv,2026-05-14T11:05:09
20260514_110444,S01,N2,noise_watch,6,4.0,114,data\raw\S01\20260514_110444_S01_N2_T006.csv,2026-05-14T11:05:15
20260514_110444,S01,N2,noise_watch,7,4.0,121,data\raw\S01\20260514_110444_S01_N2_T007.csv,2026-05-14T11:05:20
20260514_110444,S01,N2,noise_watch,8,4.0,115,data\raw\S01\20260514_110444_S01_N2_T008.csv,2026-05-14T11:05:25
20260514_110444,S01,N2,noise_watch,9,4.0,115,data\raw\S01\20260514_110444_S01_N2_T009.csv,2026-05-14T11:05:30
20260514_110444,S01,N2,noise_watch,10,4.0,110,data\raw\S01\20260514_110444_S01_N2_T010.csv,2026-05-14T11:05:35
20260514_110444,S01,N2,noise_watch,11,4.0,114,data\raw\S01\20260514_110444_S01_N2_T011.csv,2026-05-14T11:05:40
20260514_110444,S01,N2,noise_watch,12,4.0,116,data\raw\S01\20260514_110444_S01_N2_T012.csv,2026-05-14T11:05:45
20260514_110444,S01,N2,noise_watch,13,4.0,110,data\raw\S01\20260514_110444_S01_N2_T013.csv,2026-05-14T11:05:51
20260514_110444,S01,N2,noise_watch,14,4.0,116,data\raw\S01\20260514_110444_S01_N2_T014.csv,2026-05-14T11:05:56
20260514_110444,S01,N2,noise_watch,15,4.0,121,data\raw\S01\20260514_110444_S01_N2_T015.csv,2026-05-14T11:06:01
20260514_110444,S01,N2,noise_watch,16,4.0,118,data\raw\S01\20260514_110444_S01_N2_T016.csv,2026-05-14T11:06:06
20260514_110444,S01,N2,noise_watch,17,4.0,116,data\raw\S01\20260514_110444_S01_N2_T017.csv,2026-05-14T11:06:12
20260514_110444,S01,N2,noise_watch,18,4.0,120,data\raw\S01\20260514_110444_S01_N2_T018.csv,2026-05-14T11:06:17
20260514_110444,S01,N2,noise_watch,19,4.0,114,data\raw\S01\20260514_110444_S01_N2_T019.csv,2026-05-14T11:06:22
20260514_110444,S01,N2,noise_watch,20,4.0,130,data\raw\S01\20260514_110444_S01_N2_T020.csv,2026-05-14T11:06:27
20260514_110444,S01,N2,noise_watch,21,4.0,120,data\raw\S01\20260514_110444_S01_N2_T021.csv,2026-05-14T11:06:32
20260514_110444,S01,N2,noise_watch,22,4.0,113,data\raw\S01\20260514_110444_S01_N2_T022.csv,2026-05-14T11:06:38
20260514_110444,S01,N2,noise_watch,23,4.0,114,data\raw\S01\20260514_110444_S01_N2_T023.csv,2026-05-14T11:06:43
20260514_110444,S01,N2,noise_watch,24,4.0,114,data\raw\S01\20260514_110444_S01_N2_T024.csv,2026-05-14T11:06:48
20260514_110444,S01,N2,noise_watch,25,4.0,122,data\raw\S01\20260514_110444_S01_N2_T025.csv,2026-05-14T11:06:53
20260514_110444,S01,N2,noise_watch,26,4.0,115,data\raw\S01\20260514_110444_S01_N2_T026.csv,2026-05-14T11:06:58
20260514_110444,S01,N2,noise_watch,27,4.0,127,data\raw\S01\20260514_110444_S01_N2_T027.csv,2026-05-14T11:07:03
20260514_110444,S01,N2,noise_watch,28,4.0,123,data\raw\S01\20260514_110444_S01_N2_T028.csv,2026-05-14T11:07:09
20260514_110444,S01,N2,noise_watch,29,4.0,116,data\raw\S01\20260514_110444_S01_N2_T029.csv,2026-05-14T11:07:14
20260514_110444,S01,N2,noise_watch,30,4.0,108,data\raw\S01\20260514_110444_S01_N2_T030.csv,2026-05-14T11:07:19
20260514_110444,S01,N2,noise_watch,31,4.0,113,data\raw\S01\20260514_110444_S01_N2_T031.csv,2026-05-14T11:07:24
20260514_110444,S01,N2,noise_watch,32,4.0,114,data\raw\S01\20260514_110444_S01_N2_T032.csv,2026-05-14T11:07:29
20260514_110444,S01,N2,noise_watch,33,4.0,117,data\raw\S01\20260514_110444_S01_N2_T033.csv,2026-05-14T11:07:35
20260514_110444,S01,N2,noise_watch,34,4.0,120,data\raw\S01\20260514_110444_S01_N2_T034.csv,2026-05-14T11:07:40
20260514_110444,S01,N2,noise_watch,35,4.0,113,data\raw\S01\20260514_110444_S01_N2_T035.csv,2026-05-14T11:07:45
20260514_110444,S01,N2,noise_watch,36,4.0,117,data\raw\S01\20260514_110444_S01_N2_T036.csv,2026-05-14T11:07:50
20260514_110444,S01,N2,noise_watch,37,4.0,116,data\raw\S01\20260514_110444_S01_N2_T037.csv,2026-05-14T11:07:55
20260514_110444,S01,N2,noise_watch,38,4.0,121,data\raw\S01\20260514_110444_S01_N2_T038.csv,2026-05-14T11:08:00
20260514_110444,S01,N2,noise_watch,39,4.0,119,data\raw\S01\20260514_110444_S01_N2_T039.csv,2026-05-14T11:08:05
20260514_110444,S01,N2,noise_watch,40,4.0,114,data\raw\S01\20260514_110444_S01_N2_T040.csv,2026-05-14T11:08:11
20260514_110444,S01,N2,noise_watch,41,4.0,122,data\raw\S01\20260514_110444_S01_N2_T041.csv,2026-05-14T11:08:16
20260514_110444,S01,N2,noise_watch,42,4.0,108,data\raw\S01\20260514_110444_S01_N2_T042.csv,2026-05-14T11:08:21
20260514_110444,S01,N2,noise_watch,43,4.0,114,data\raw\S01\20260514_110444_S01_N2_T043.csv,2026-05-14T11:08:26
20260514_110444,S01,N2,noise_watch,44,4.0,112,data\raw\S01\20260514_110444_S01_N2_T044.csv,2026-05-14T11:08:31
20260514_110444,S01,N2,noise_watch,45,4.0,111,data\raw\S01\20260514_110444_S01_N2_T045.csv,2026-05-14T11:08:37
20260514_110444,S01,N2,noise_watch,46,4.0,112,data\raw\S01\20260514_110444_S01_N2_T046.csv,2026-05-14T11:08:42
20260514_110444,S01,N2,noise_watch,47,4.0,117,data\raw\S01\20260514_110444_S01_N2_T047.csv,2026-05-14T11:08:47
20260514_110444,S01,N2,noise_watch,48,4.0,117,data\raw\S01\20260514_110444_S01_N2_T048.csv,2026-05-14T11:08:52
20260514_110444,S01,N2,noise_watch,49,4.0,116,data\raw\S01\20260514_110444_S01_N2_T049.csv,2026-05-14T11:08:57
20260514_110444,S01,N2,noise_watch,50,4.0,112,data\raw\S01\20260514_110444_S01_N2_T050.csv,2026-05-14T11:09:02
20260514_111038,S01,N3,noise_typing,1,4.0,115,data\raw\S01\20260514_111038_S01_N3_T001.csv,2026-05-14T11:10:43
20260514_111038,S01,N3,noise_typing,2,4.0,122,data\raw\S01\20260514_111038_S01_N3_T002.csv,2026-05-14T11:10:48
20260514_111038,S01,N3,noise_typing,3,4.0,113,data\raw\S01\20260514_111038_S01_N3_T003.csv,2026-05-14T11:10:53
20260514_111038,S01,N3,noise_typing,4,4.0,116,data\raw\S01\20260514_111038_S01_N3_T004.csv,2026-05-14T11:10:59
20260514_111038,S01,N3,noise_typing,5,4.0,118,data\raw\S01\20260514_111038_S01_N3_T005.csv,2026-05-14T11:11:04
20260514_111038,S01,N3,noise_typing,6,4.0,111,data\raw\S01\20260514_111038_S01_N3_T006.csv,2026-05-14T11:11:09
20260514_111038,S01,N3,noise_typing,7,4.0,123,data\raw\S01\20260514_111038_S01_N3_T007.csv,2026-05-14T11:11:14
20260514_111038,S01,N3,noise_typing,8,4.0,126,data\raw\S01\20260514_111038_S01_N3_T008.csv,2026-05-14T11:11:20
20260514_111038,S01,N3,noise_typing,9,4.0,116,data\raw\S01\20260514_111038_S01_N3_T009.csv,2026-05-14T11:11:25
20260514_111038,S01,N3,noise_typing,10,4.0,121,data\raw\S01\20260514_111038_S01_N3_T010.csv,2026-05-14T11:11:30
20260514_111038,S01,N3,noise_typing,11,4.0,125,data\raw\S01\20260514_111038_S01_N3_T011.csv,2026-05-14T11:11:35
20260514_111038,S01,N3,noise_typing,12,4.0,129,data\raw\S01\20260514_111038_S01_N3_T012.csv,2026-05-14T11:11:40
20260514_111038,S01,N3,noise_typing,13,4.0,121,data\raw\S01\20260514_111038_S01_N3_T013.csv,2026-05-14T11:11:46
20260514_111038,S01,N3,noise_typing,14,4.0,121,data\raw\S01\20260514_111038_S01_N3_T014.csv,2026-05-14T11:11:51
20260514_111038,S01,N3,noise_typing,15,4.0,116,data\raw\S01\20260514_111038_S01_N3_T015.csv,2026-05-14T11:11:56
20260514_111038,S01,N3,noise_typing,16,4.0,115,data\raw\S01\20260514_111038_S01_N3_T016.csv,2026-05-14T11:12:01
20260514_111038,S01,N3,noise_typing,17,4.0,115,data\raw\S01\20260514_111038_S01_N3_T017.csv,2026-05-14T11:12:06
20260514_111038,S01,N3,noise_typing,18,4.0,116,data\raw\S01\20260514_111038_S01_N3_T018.csv,2026-05-14T11:12:11
20260514_111038,S01,N3,noise_typing,19,4.0,114,data\raw\S01\20260514_111038_S01_N3_T019.csv,2026-05-14T11:12:17
20260514_111038,S01,N3,noise_typing,20,4.0,115,data\raw\S01\20260514_111038_S01_N3_T020.csv,2026-05-14T11:12:22
20260514_111038,S01,N3,noise_typing,21,4.0,117,data\raw\S01\20260514_111038_S01_N3_T021.csv,2026-05-14T11:12:27
20260514_111038,S01,N3,noise_typing,22,4.0,114,data\raw\S01\20260514_111038_S01_N3_T022.csv,2026-05-14T11:12:32
20260514_111038,S01,N3,noise_typing,23,4.0,117,data\raw\S01\20260514_111038_S01_N3_T023.csv,2026-05-14T11:12:37
20260514_111038,S01,N3,noise_typing,24,4.0,114,data\raw\S01\20260514_111038_S01_N3_T024.csv,2026-05-14T11:12:42
20260514_111038,S01,N3,noise_typing,25,4.0,112,data\raw\S01\20260514_111038_S01_N3_T025.csv,2026-05-14T11:12:48
20260514_111038,S01,N3,noise_typing,26,4.0,119,data\raw\S01\20260514_111038_S01_N3_T026.csv,2026-05-14T11:12:53
20260514_111038,S01,N3,noise_typing,27,4.0,110,data\raw\S01\20260514_111038_S01_N3_T027.csv,2026-05-14T11:12:58
20260514_111038,S01,N3,noise_typing,28,4.0,115,data\raw\S01\20260514_111038_S01_N3_T028.csv,2026-05-14T11:13:03
20260514_111038,S01,N3,noise_typing,29,4.0,116,data\raw\S01\20260514_111038_S01_N3_T029.csv,2026-05-14T11:13:08
20260514_111038,S01,N3,noise_typing,30,4.0,118,data\raw\S01\20260514_111038_S01_N3_T030.csv,2026-05-14T11:13:14
20260514_111038,S01,N3,noise_typing,31,4.0,118,data\raw\S01\20260514_111038_S01_N3_T031.csv,2026-05-14T11:13:19
20260514_111038,S01,N3,noise_typing,32,4.0,114,data\raw\S01\20260514_111038_S01_N3_T032.csv,2026-05-14T11:13:24
20260514_111038,S01,N3,noise_typing,33,4.0,114,data\raw\S01\20260514_111038_S01_N3_T033.csv,2026-05-14T11:13:29
20260514_111038,S01,N3,noise_typing,34,4.0,114,data\raw\S01\20260514_111038_S01_N3_T034.csv,2026-05-14T11:13:34
20260514_111038,S01,N3,noise_typing,35,4.0,117,data\raw\S01\20260514_111038_S01_N3_T035.csv,2026-05-14T11:13:39
20260514_111038,S01,N3,noise_typing,36,4.0,118,data\raw\S01\20260514_111038_S01_N3_T036.csv,2026-05-14T11:13:45
20260514_111038,S01,N3,noise_typing,37,4.0,123,data\raw\S01\20260514_111038_S01_N3_T037.csv,2026-05-14T11:13:50
20260514_111038,S01,N3,noise_typing,38,4.0,121,data\raw\S01\20260514_111038_S01_N3_T038.csv,2026-05-14T11:13:55
20260514_111038,S01,N3,noise_typing,39,4.0,118,data\raw\S01\20260514_111038_S01_N3_T039.csv,2026-05-14T11:14:00
20260514_111038,S01,N3,noise_typing,40,4.0,120,data\raw\S01\20260514_111038_S01_N3_T040.csv,2026-05-14T11:14:05
20260514_111038,S01,N3,noise_typing,41,4.0,115,data\raw\S01\20260514_111038_S01_N3_T041.csv,2026-05-14T11:14:11
20260514_111038,S01,N3,noise_typing,42,4.0,113,data\raw\S01\20260514_111038_S01_N3_T042.csv,2026-05-14T11:14:16
20260514_111038,S01,N3,noise_typing,43,4.0,125,data\raw\S01\20260514_111038_S01_N3_T043.csv,2026-05-14T11:14:21
20260514_111038,S01,N3,noise_typing,44,4.0,113,data\raw\S01\20260514_111038_S01_N3_T044.csv,2026-05-14T11:14:26
20260514_111038,S01,N3,noise_typing,45,4.0,115,data\raw\S01\20260514_111038_S01_N3_T045.csv,2026-05-14T11:14:31
20260514_111038,S01,N3,noise_typing,46,4.0,124,data\raw\S01\20260514_111038_S01_N3_T046.csv,2026-05-14T11:14:36
20260514_111038,S01,N3,noise_typing,47,4.0,129,data\raw\S01\20260514_111038_S01_N3_T047.csv,2026-05-14T11:14:42
20260514_111038,S01,N3,noise_typing,48,4.0,132,data\raw\S01\20260514_111038_S01_N3_T048.csv,2026-05-14T11:14:47
20260514_111038,S01,N3,noise_typing,49,4.0,126,data\raw\S01\20260514_111038_S01_N3_T049.csv,2026-05-14T11:14:52
20260514_111038,S01,N3,noise_typing,50,4.0,117,data\raw\S01\20260514_111038_S01_N3_T050.csv,2026-05-14T11:14:58
20260514_111650,S01,N4,noise_drinking,1,4.0,120,data\raw\S01\20260514_111650_S01_N4_T001.csv,2026-05-14T11:16:55
20260514_111650,S01,N4,noise_drinking,2,4.0,115,data\raw\S01\20260514_111650_S01_N4_T002.csv,2026-05-14T11:17:00
20260514_111650,S01,N4,noise_drinking,3,4.0,107,data\raw\S01\20260514_111650_S01_N4_T003.csv,2026-05-14T11:17:05
20260514_111650,S01,N4,noise_drinking,4,4.0,115,data\raw\S01\20260514_111650_S01_N4_T004.csv,2026-05-14T11:17:11
20260514_111650,S01,N4,noise_drinking,5,4.0,119,data\raw\S01\20260514_111650_S01_N4_T005.csv,2026-05-14T11:17:16
20260514_111650,S01,N4,noise_drinking,6,4.0,120,data\raw\S01\20260514_111650_S01_N4_T006.csv,2026-05-14T11:17:21
20260514_111650,S01,N4,noise_drinking,7,4.0,122,data\raw\S01\20260514_111650_S01_N4_T007.csv,2026-05-14T11:17:26
20260514_111650,S01,N4,noise_drinking,8,4.0,118,data\raw\S01\20260514_111650_S01_N4_T008.csv,2026-05-14T11:17:32
20260514_111650,S01,N4,noise_drinking,9,4.0,121,data\raw\S01\20260514_111650_S01_N4_T009.csv,2026-05-14T11:17:37
20260514_111650,S01,N4,noise_drinking,10,4.0,124,data\raw\S01\20260514_111650_S01_N4_T010.csv,2026-05-14T11:17:42
20260514_111650,S01,N4,noise_drinking,11,4.0,117,data\raw\S01\20260514_111650_S01_N4_T011.csv,2026-05-14T11:17:47
20260514_111650,S01,N4,noise_drinking,12,4.0,116,data\raw\S01\20260514_111650_S01_N4_T012.csv,2026-05-14T11:17:52
20260514_111650,S01,N4,noise_drinking,13,4.0,112,data\raw\S01\20260514_111650_S01_N4_T013.csv,2026-05-14T11:17:57
20260514_111650,S01,N4,noise_drinking,14,4.0,114,data\raw\S01\20260514_111650_S01_N4_T014.csv,2026-05-14T11:18:02
20260514_111650,S01,N4,noise_drinking,15,4.0,123,data\raw\S01\20260514_111650_S01_N4_T015.csv,2026-05-14T11:18:08
20260514_111650,S01,N4,noise_drinking,16,4.0,119,data\raw\S01\20260514_111650_S01_N4_T016.csv,2026-05-14T11:18:13
20260514_111650,S01,N4,noise_drinking,17,4.0,112,data\raw\S01\20260514_111650_S01_N4_T017.csv,2026-05-14T11:18:18
20260514_111650,S01,N4,noise_drinking,18,4.0,110,data\raw\S01\20260514_111650_S01_N4_T018.csv,2026-05-14T11:18:23
20260514_111650,S01,N4,noise_drinking,19,4.0,108,data\raw\S01\20260514_111650_S01_N4_T019.csv,2026-05-14T11:18:28
20260514_111650,S01,N4,noise_drinking,20,4.0,115,data\raw\S01\20260514_111650_S01_N4_T020.csv,2026-05-14T11:18:33
20260514_111650,S01,N4,noise_drinking,21,4.0,118,data\raw\S01\20260514_111650_S01_N4_T021.csv,2026-05-14T11:18:39
20260514_111650,S01,N4,noise_drinking,22,4.0,110,data\raw\S01\20260514_111650_S01_N4_T022.csv,2026-05-14T11:18:44
20260514_111650,S01,N4,noise_drinking,23,4.0,122,data\raw\S01\20260514_111650_S01_N4_T023.csv,2026-05-14T11:18:49
20260514_111650,S01,N4,noise_drinking,24,4.0,122,data\raw\S01\20260514_111650_S01_N4_T024.csv,2026-05-14T11:18:54
20260514_111650,S01,N4,noise_drinking,25,4.0,113,data\raw\S01\20260514_111650_S01_N4_T025.csv,2026-05-14T11:18:59
20260514_111650,S01,N4,noise_drinking,26,4.0,109,data\raw\S01\20260514_111650_S01_N4_T026.csv,2026-05-14T11:19:04
20260514_111650,S01,N4,noise_drinking,27,4.0,114,data\raw\S01\20260514_111650_S01_N4_T027.csv,2026-05-14T11:19:10
20260514_111650,S01,N4,noise_drinking,28,4.0,114,data\raw\S01\20260514_111650_S01_N4_T028.csv,2026-05-14T11:19:15
20260514_111650,S01,N4,noise_drinking,29,4.0,113,data\raw\S01\20260514_111650_S01_N4_T029.csv,2026-05-14T11:19:20
20260514_111650,S01,N4,noise_drinking,30,4.0,120,data\raw\S01\20260514_111650_S01_N4_T030.csv,2026-05-14T11:19:25
20260514_111650,S01,N4,noise_drinking,31,4.0,119,data\raw\S01\20260514_111650_S01_N4_T031.csv,2026-05-14T11:19:30
20260514_111650,S01,N4,noise_drinking,32,4.0,117,data\raw\S01\20260514_111650_S01_N4_T032.csv,2026-05-14T11:19:36
20260514_111650,S01,N4,noise_drinking,33,4.0,112,data\raw\S01\20260514_111650_S01_N4_T033.csv,2026-05-14T11:19:41
20260514_111650,S01,N4,noise_drinking,34,4.0,112,data\raw\S01\20260514_111650_S01_N4_T034.csv,2026-05-14T11:19:46
20260514_111650,S01,N4,noise_drinking,35,4.0,121,data\raw\S01\20260514_111650_S01_N4_T035.csv,2026-05-14T11:19:51
20260514_111650,S01,N4,noise_drinking,36,4.0,122,data\raw\S01\20260514_111650_S01_N4_T036.csv,2026-05-14T11:19:57
20260514_111650,S01,N4,noise_drinking,37,4.0,116,data\raw\S01\20260514_111650_S01_N4_T037.csv,2026-05-14T11:20:02
20260514_111650,S01,N4,noise_drinking,38,4.0,113,data\raw\S01\20260514_111650_S01_N4_T038.csv,2026-05-14T11:20:07
20260514_111650,S01,N4,noise_drinking,39,4.0,116,data\raw\S01\20260514_111650_S01_N4_T039.csv,2026-05-14T11:20:12
20260514_111650,S01,N4,noise_drinking,40,4.0,111,data\raw\S01\20260514_111650_S01_N4_T040.csv,2026-05-14T11:20:17
20260514_111650,S01,N4,noise_drinking,41,4.0,113,data\raw\S01\20260514_111650_S01_N4_T041.csv,2026-05-14T11:20:22
20260514_111650,S01,N4,noise_drinking,42,4.0,111,data\raw\S01\20260514_111650_S01_N4_T042.csv,2026-05-14T11:20:27
20260514_111650,S01,N4,noise_drinking,43,4.0,109,data\raw\S01\20260514_111650_S01_N4_T043.csv,2026-05-14T11:20:32
20260514_111650,S01,N4,noise_drinking,44,4.0,119,data\raw\S01\20260514_111650_S01_N4_T044.csv,2026-05-14T11:20:38
20260514_111650,S01,N4,noise_drinking,45,4.0,116,data\raw\S01\20260514_111650_S01_N4_T045.csv,2026-05-14T11:20:43
20260514_111650,S01,N4,noise_drinking,46,4.0,118,data\raw\S01\20260514_111650_S01_N4_T046.csv,2026-05-14T11:20:48
20260514_111650,S01,N4,noise_drinking,47,4.0,118,data\raw\S01\20260514_111650_S01_N4_T047.csv,2026-05-14T11:20:53
20260514_111650,S01,N4,noise_drinking,48,4.0,121,data\raw\S01\20260514_111650_S01_N4_T048.csv,2026-05-14T11:20:58
20260514_111650,S01,N4,noise_drinking,49,4.0,120,data\raw\S01\20260514_111650_S01_N4_T049.csv,2026-05-14T11:21:04
20260514_111650,S01,N4,noise_drinking,50,4.0,114,data\raw\S01\20260514_111650_S01_N4_T050.csv,2026-05-14T11:21:09
20260514_112202,S01,N5,noise_scratch,1,4.0,112,data\raw\S01\20260514_112202_S01_N5_T001.csv,2026-05-14T11:22:07
20260514_112202,S01,N5,noise_scratch,2,4.0,112,data\raw\S01\20260514_112202_S01_N5_T002.csv,2026-05-14T11:22:12
20260514_112202,S01,N5,noise_scratch,3,4.0,110,data\raw\S01\20260514_112202_S01_N5_T003.csv,2026-05-14T11:22:18
20260514_112202,S01,N5,noise_scratch,4,4.0,120,data\raw\S01\20260514_112202_S01_N5_T004.csv,2026-05-14T11:22:23
20260514_112202,S01,N5,noise_scratch,5,4.0,119,data\raw\S01\20260514_112202_S01_N5_T005.csv,2026-05-14T11:22:28
20260514_112202,S01,N5,noise_scratch,6,4.0,119,data\raw\S01\20260514_112202_S01_N5_T006.csv,2026-05-14T11:22:33
20260514_112202,S01,N5,noise_scratch,7,4.0,123,data\raw\S01\20260514_112202_S01_N5_T007.csv,2026-05-14T11:22:38
20260514_112202,S01,N5,noise_scratch,8,4.0,121,data\raw\S01\20260514_112202_S01_N5_T008.csv,2026-05-14T11:22:44
20260514_112202,S01,N5,noise_scratch,9,4.0,111,data\raw\S01\20260514_112202_S01_N5_T009.csv,2026-05-14T11:22:49
20260514_112202,S01,N5,noise_scratch,10,4.0,115,data\raw\S01\20260514_112202_S01_N5_T010.csv,2026-05-14T11:22:54
20260514_112202,S01,N5,noise_scratch,11,4.0,119,data\raw\S01\20260514_112202_S01_N5_T011.csv,2026-05-14T11:22:59
20260514_112202,S01,N5,noise_scratch,12,4.0,117,data\raw\S01\20260514_112202_S01_N5_T012.csv,2026-05-14T11:23:04
20260514_112202,S01,N5,noise_scratch,13,4.0,119,data\raw\S01\20260514_112202_S01_N5_T013.csv,2026-05-14T11:23:10
20260514_112202,S01,N5,noise_scratch,14,4.0,123,data\raw\S01\20260514_112202_S01_N5_T014.csv,2026-05-14T11:23:15
20260514_112202,S01,N5,noise_scratch,15,4.0,112,data\raw\S01\20260514_112202_S01_N5_T015.csv,2026-05-14T11:23:20
20260514_112202,S01,N5,noise_scratch,16,4.0,113,data\raw\S01\20260514_112202_S01_N5_T016.csv,2026-05-14T11:23:25
20260514_112202,S01,N5,noise_scratch,17,4.0,112,data\raw\S01\20260514_112202_S01_N5_T017.csv,2026-05-14T11:23:31
20260514_112202,S01,N5,noise_scratch,18,4.0,119,data\raw\S01\20260514_112202_S01_N5_T018.csv,2026-05-14T11:23:36
20260514_112202,S01,N5,noise_scratch,19,4.0,114,data\raw\S01\20260514_112202_S01_N5_T019.csv,2026-05-14T11:23:41
20260514_112202,S01,N5,noise_scratch,20,4.0,117,data\raw\S01\20260514_112202_S01_N5_T020.csv,2026-05-14T11:23:46
20260514_112202,S01,N5,noise_scratch,21,4.0,119,data\raw\S01\20260514_112202_S01_N5_T021.csv,2026-05-14T11:23:51
20260514_112202,S01,N5,noise_scratch,22,4.0,115,data\raw\S01\20260514_112202_S01_N5_T022.csv,2026-05-14T11:23:57
20260514_112202,S01,N5,noise_scratch,23,4.0,116,data\raw\S01\20260514_112202_S01_N5_T023.csv,2026-05-14T11:24:02
20260514_112202,S01,N5,noise_scratch,24,4.0,124,data\raw\S01\20260514_112202_S01_N5_T024.csv,2026-05-14T11:24:07
20260514_112202,S01,N5,noise_scratch,25,4.0,118,data\raw\S01\20260514_112202_S01_N5_T025.csv,2026-05-14T11:24:12
20260514_112202,S01,N5,noise_scratch,26,4.0,123,data\raw\S01\20260514_112202_S01_N5_T026.csv,2026-05-14T11:24:18
20260514_112202,S01,N5,noise_scratch,27,4.0,118,data\raw\S01\20260514_112202_S01_N5_T027.csv,2026-05-14T11:24:23
20260514_112202,S01,N5,noise_scratch,28,4.0,112,data\raw\S01\20260514_112202_S01_N5_T028.csv,2026-05-14T11:24:28
20260514_112202,S01,N5,noise_scratch,29,4.0,112,data\raw\S01\20260514_112202_S01_N5_T029.csv,2026-05-14T11:24:33
20260514_112202,S01,N5,noise_scratch,30,4.0,115,data\raw\S01\20260514_112202_S01_N5_T030.csv,2026-05-14T11:24:38
20260514_112202,S01,N5,noise_scratch,31,4.0,114,data\raw\S01\20260514_112202_S01_N5_T031.csv,2026-05-14T11:24:44
20260514_112202,S01,N5,noise_scratch,32,4.0,122,data\raw\S01\20260514_112202_S01_N5_T032.csv,2026-05-14T11:24:49
20260514_112202,S01,N5,noise_scratch,33,4.0,125,data\raw\S01\20260514_112202_S01_N5_T033.csv,2026-05-14T11:24:54
20260514_112202,S01,N5,noise_scratch,34,4.0,116,data\raw\S01\20260514_112202_S01_N5_T034.csv,2026-05-14T11:24:59
20260514_112202,S01,N5,noise_scratch,35,4.0,111,data\raw\S01\20260514_112202_S01_N5_T035.csv,2026-05-14T11:25:04
20260514_112202,S01,N5,noise_scratch,36,4.0,113,data\raw\S01\20260514_112202_S01_N5_T036.csv,2026-05-14T11:25:10
20260514_112202,S01,N5,noise_scratch,37,4.0,125,data\raw\S01\20260514_112202_S01_N5_T037.csv,2026-05-14T11:25:15
20260514_112202,S01,N5,noise_scratch,38,4.0,125,data\raw\S01\20260514_112202_S01_N5_T038.csv,2026-05-14T11:25:20
20260514_112202,S01,N5,noise_scratch,39,4.0,120,data\raw\S01\20260514_112202_S01_N5_T039.csv,2026-05-14T11:25:25
20260514_112202,S01,N5,noise_scratch,40,4.0,105,data\raw\S01\20260514_112202_S01_N5_T040.csv,2026-05-14T11:25:30
20260514_112202,S01,N5,noise_scratch,41,4.0,116,data\raw\S01\20260514_112202_S01_N5_T041.csv,2026-05-14T11:25:36
20260514_112202,S01,N5,noise_scratch,42,4.0,118,data\raw\S01\20260514_112202_S01_N5_T042.csv,2026-05-14T11:25:41
20260514_112202,S01,N5,noise_scratch,43,4.0,113,data\raw\S01\20260514_112202_S01_N5_T043.csv,2026-05-14T11:25:46
20260514_112202,S01,N5,noise_scratch,44,4.0,128,data\raw\S01\20260514_112202_S01_N5_T044.csv,2026-05-14T11:25:51
20260514_112202,S01,N5,noise_scratch,45,4.0,122,data\raw\S01\20260514_112202_S01_N5_T045.csv,2026-05-14T11:25:57
20260514_112202,S01,N5,noise_scratch,46,4.0,122,data\raw\S01\20260514_112202_S01_N5_T046.csv,2026-05-14T11:26:02
20260514_112202,S01,N5,noise_scratch,47,4.0,119,data\raw\S01\20260514_112202_S01_N5_T047.csv,2026-05-14T11:26:07
20260514_112202,S01,N5,noise_scratch,48,4.0,113,data\raw\S01\20260514_112202_S01_N5_T048.csv,2026-05-14T11:26:12
20260514_112202,S01,N5,noise_scratch,49,4.0,121,data\raw\S01\20260514_112202_S01_N5_T049.csv,2026-05-14T11:26:17
20260514_112202,S01,N5,noise_scratch,50,4.0,119,data\raw\S01\20260514_112202_S01_N5_T050.csv,2026-05-14T11:26:23
20260514_112954,S01,G1,star_first,51,4.0,119,data\raw\S01\20260514_112954_S01_G1_T051.csv,2026-05-14T11:29:59
20260514_112954,S01,G1,star_first,52,4.0,126,data\raw\S01\20260514_112954_S01_G1_T052.csv,2026-05-14T11:30:04
20260514_112954,S01,G1,star_first,53,4.0,123,data\raw\S01\20260514_112954_S01_G1_T053.csv,2026-05-14T11:30:09
20260514_112954,S01,G1,star_first,54,4.0,110,data\raw\S01\20260514_112954_S01_G1_T054.csv,2026-05-14T11:30:14
20260514_112954,S01,G1,star_first,55,4.0,115,data\raw\S01\20260514_112954_S01_G1_T055.csv,2026-05-14T11:30:20
20260514_112954,S01,G1,star_first,56,4.0,113,data\raw\S01\20260514_112954_S01_G1_T056.csv,2026-05-14T11:30:25
20260514_112954,S01,G1,star_first,57,4.0,121,data\raw\S01\20260514_112954_S01_G1_T057.csv,2026-05-14T11:30:30
20260514_112954,S01,G1,star_first,58,4.0,125,data\raw\S01\20260514_112954_S01_G1_T058.csv,2026-05-14T11:30:35
20260514_112954,S01,G1,star_first,59,4.0,125,data\raw\S01\20260514_112954_S01_G1_T059.csv,2026-05-14T11:30:40
20260514_112954,S01,G1,star_first,60,4.0,123,data\raw\S01\20260514_112954_S01_G1_T060.csv,2026-05-14T11:30:46
20260514_112954,S01,G1,star_first,61,4.0,110,data\raw\S01\20260514_112954_S01_G1_T061.csv,2026-05-14T11:30:51
20260514_112954,S01,G1,star_first,62,4.0,121,data\raw\S01\20260514_112954_S01_G1_T062.csv,2026-05-14T11:30:56
20260514_112954,S01,G1,star_first,63,4.0,116,data\raw\S01\20260514_112954_S01_G1_T063.csv,2026-05-14T11:31:01
20260514_112954,S01,G1,star_first,64,4.0,114,data\raw\S01\20260514_112954_S01_G1_T064.csv,2026-05-14T11:31:06
20260514_112954,S01,G1,star_first,65,4.0,125,data\raw\S01\20260514_112954_S01_G1_T065.csv,2026-05-14T11:31:11
20260514_112954,S01,G1,star_first,66,4.0,121,data\raw\S01\20260514_112954_S01_G1_T066.csv,2026-05-14T11:31:17
20260514_112954,S01,G1,star_first,67,4.0,119,data\raw\S01\20260514_112954_S01_G1_T067.csv,2026-05-14T11:31:22
20260514_112954,S01,G1,star_first,68,4.0,113,data\raw\S01\20260514_112954_S01_G1_T068.csv,2026-05-14T11:31:27
20260514_112954,S01,G1,star_first,69,4.0,116,data\raw\S01\20260514_112954_S01_G1_T069.csv,2026-05-14T11:31:32
20260514_112954,S01,G1,star_first,70,4.0,126,data\raw\S01\20260514_112954_S01_G1_T070.csv,2026-05-14T11:31:37
20260514_112954,S01,G1,star_first,71,4.0,126,data\raw\S01\20260514_112954_S01_G1_T071.csv,2026-05-14T11:31:43
20260514_112954,S01,G1,star_first,72,4.0,119,data\raw\S01\20260514_112954_S01_G1_T072.csv,2026-05-14T11:31:48
20260514_112954,S01,G1,star_first,73,4.0,114,data\raw\S01\20260514_112954_S01_G1_T073.csv,2026-05-14T11:31:53
20260514_112954,S01,G1,star_first,74,4.0,119,data\raw\S01\20260514_112954_S01_G1_T074.csv,2026-05-14T11:31:58
20260514_112954,S01,G1,star_first,75,4.0,112,data\raw\S01\20260514_112954_S01_G1_T075.csv,2026-05-14T11:32:03
20260514_112954,S01,G1,star_first,76,4.0,120,data\raw\S01\20260514_112954_S01_G1_T076.csv,2026-05-14T11:32:08
20260514_112954,S01,G1,star_first,77,4.0,119,data\raw\S01\20260514_112954_S01_G1_T077.csv,2026-05-14T11:32:14
20260514_112954,S01,G1,star_first,78,4.0,122,data\raw\S01\20260514_112954_S01_G1_T078.csv,2026-05-14T11:32:19
20260514_112954,S01,G1,star_first,79,4.0,120,data\raw\S01\20260514_112954_S01_G1_T079.csv,2026-05-14T11:32:24
20260514_112954,S01,G1,star_first,80,4.0,117,data\raw\S01\20260514_112954_S01_G1_T080.csv,2026-05-14T11:32:29
20260514_112954,S01,G1,star_first,81,4.0,116,data\raw\S01\20260514_112954_S01_G1_T081.csv,2026-05-14T11:32:34
20260514_112954,S01,G1,star_first,82,4.0,115,data\raw\S01\20260514_112954_S01_G1_T082.csv,2026-05-14T11:32:40
20260514_112954,S01,G1,star_first,83,4.0,115,data\raw\S01\20260514_112954_S01_G1_T083.csv,2026-05-14T11:32:45
20260514_112954,S01,G1,star_first,84,4.0,126,data\raw\S01\20260514_112954_S01_G1_T084.csv,2026-05-14T11:32:50
20260514_112954,S01,G1,star_first,85,4.0,115,data\raw\S01\20260514_112954_S01_G1_T085.csv,2026-05-14T11:32:55
20260514_112954,S01,G1,star_first,86,4.0,119,data\raw\S01\20260514_112954_S01_G1_T086.csv,2026-05-14T11:33:00
20260514_112954,S01,G1,star_first,87,4.0,116,data\raw\S01\20260514_112954_S01_G1_T087.csv,2026-05-14T11:33:05
20260514_112954,S01,G1,star_first,88,4.0,119,data\raw\S01\20260514_112954_S01_G1_T088.csv,2026-05-14T11:33:11
20260514_112954,S01,G1,star_first,89,4.0,121,data\raw\S01\20260514_112954_S01_G1_T089.csv,2026-05-14T11:33:16
20260514_112954,S01,G1,star_first,90,4.0,112,data\raw\S01\20260514_112954_S01_G1_T090.csv,2026-05-14T11:33:21
20260514_112954,S01,G1,star_first,91,4.0,116,data\raw\S01\20260514_112954_S01_G1_T091.csv,2026-05-14T11:33:26
20260514_112954,S01,G1,star_first,92,4.0,112,data\raw\S01\20260514_112954_S01_G1_T092.csv,2026-05-14T11:33:31
20260514_112954,S01,G1,star_first,93,4.0,115,data\raw\S01\20260514_112954_S01_G1_T093.csv,2026-05-14T11:33:37
20260514_112954,S01,G1,star_first,94,4.0,112,data\raw\S01\20260514_112954_S01_G1_T094.csv,2026-05-14T11:33:42
20260514_112954,S01,G1,star_first,95,4.0,117,data\raw\S01\20260514_112954_S01_G1_T095.csv,2026-05-14T11:33:47
20260514_112954,S01,G1,star_first,96,4.0,114,data\raw\S01\20260514_112954_S01_G1_T096.csv,2026-05-14T11:33:52
20260514_112954,S01,G1,star_first,97,4.0,119,data\raw\S01\20260514_112954_S01_G1_T097.csv,2026-05-14T11:33:58
20260514_112954,S01,G1,star_first,98,4.0,113,data\raw\S01\20260514_112954_S01_G1_T098.csv,2026-05-14T11:34:03
20260514_112954,S01,G1,star_first,99,4.0,114,data\raw\S01\20260514_112954_S01_G1_T099.csv,2026-05-14T11:34:08
20260514_112954,S01,G1,star_first,100,4.0,120,data\raw\S01\20260514_112954_S01_G1_T100.csv,2026-05-14T11:34:13
20260514_113527,S02,G1,star_first,1,4.0,125,data\raw\S02\20260514_113527_S02_G1_T001.csv,2026-05-14T11:35:33
20260514_113527,S02,G1,star_first,2,4.0,115,data\raw\S02\20260514_113527_S02_G1_T002.csv,2026-05-14T11:35:38
20260514_113527,S02,G1,star_first,3,4.0,118,data\raw\S02\20260514_113527_S02_G1_T003.csv,2026-05-14T11:35:43
20260514_113527,S02,G1,star_first,4,4.0,119,data\raw\S02\20260514_113527_S02_G1_T004.csv,2026-05-14T11:35:48
20260514_113527,S02,G1,star_first,5,4.0,112,data\raw\S02\20260514_113527_S02_G1_T005.csv,2026-05-14T11:35:53
20260514_113527,S02,G1,star_first,6,4.0,120,data\raw\S02\20260514_113527_S02_G1_T006.csv,2026-05-14T11:35:58
20260514_113527,S02,G1,star_first,7,4.0,117,data\raw\S02\20260514_113527_S02_G1_T007.csv,2026-05-14T11:36:03
20260514_113527,S02,G1,star_first,8,4.0,121,data\raw\S02\20260514_113527_S02_G1_T008.csv,2026-05-14T11:36:09
20260514_113527,S02,G1,star_first,9,4.0,112,data\raw\S02\20260514_113527_S02_G1_T009.csv,2026-05-14T11:36:14
20260514_113527,S02,G1,star_first,10,4.0,119,data\raw\S02\20260514_113527_S02_G1_T010.csv,2026-05-14T11:36:19
20260514_113527,S02,G1,star_first,11,4.0,125,data\raw\S02\20260514_113527_S02_G1_T011.csv,2026-05-14T11:36:24
20260514_113527,S02,G1,star_first,12,4.0,117,data\raw\S02\20260514_113527_S02_G1_T012.csv,2026-05-14T11:36:29
20260514_113527,S02,G1,star_first,13,4.0,115,data\raw\S02\20260514_113527_S02_G1_T013.csv,2026-05-14T11:36:35
20260514_113527,S02,G1,star_first,14,4.0,112,data\raw\S02\20260514_113527_S02_G1_T014.csv,2026-05-14T11:36:40
20260514_113527,S02,G1,star_first,15,4.0,114,data\raw\S02\20260514_113527_S02_G1_T015.csv,2026-05-14T11:36:45
20260514_113527,S02,G1,star_first,16,4.0,118,data\raw\S02\20260514_113527_S02_G1_T016.csv,2026-05-14T11:36:50
20260514_113527,S02,G1,star_first,17,4.0,114,data\raw\S02\20260514_113527_S02_G1_T017.csv,2026-05-14T11:36:55
20260514_113527,S02,G1,star_first,18,4.0,113,data\raw\S02\20260514_113527_S02_G1_T018.csv,2026-05-14T11:37:00
20260514_113527,S02,G1,star_first,19,4.0,119,data\raw\S02\20260514_113527_S02_G1_T019.csv,2026-05-14T11:37:06
20260514_113527,S02,G1,star_first,20,4.0,115,data\raw\S02\20260514_113527_S02_G1_T020.csv,2026-05-14T11:37:11
20260514_113527,S02,G1,star_first,21,4.0,115,data\raw\S02\20260514_113527_S02_G1_T021.csv,2026-05-14T11:37:16
20260514_113527,S02,G1,star_first,22,4.0,114,data\raw\S02\20260514_113527_S02_G1_T022.csv,2026-05-14T11:37:21
20260514_113527,S02,G1,star_first,23,4.0,118,data\raw\S02\20260514_113527_S02_G1_T023.csv,2026-05-14T11:37:26
20260514_113527,S02,G1,star_first,24,4.0,117,data\raw\S02\20260514_113527_S02_G1_T024.csv,2026-05-14T11:37:31
20260514_113527,S02,G1,star_first,25,4.0,114,data\raw\S02\20260514_113527_S02_G1_T025.csv,2026-05-14T11:37:37
20260514_113527,S02,G1,star_first,26,4.0,125,data\raw\S02\20260514_113527_S02_G1_T026.csv,2026-05-14T11:37:42
20260514_113527,S02,G1,star_first,27,4.0,125,data\raw\S02\20260514_113527_S02_G1_T027.csv,2026-05-14T11:37:47
20260514_113527,S02,G1,star_first,28,4.0,123,data\raw\S02\20260514_113527_S02_G1_T028.csv,2026-05-14T11:37:52
20260514_113527,S02,G1,star_first,29,4.0,111,data\raw\S02\20260514_113527_S02_G1_T029.csv,2026-05-14T11:37:57
20260514_113527,S02,G1,star_first,30,4.0,126,data\raw\S02\20260514_113527_S02_G1_T030.csv,2026-05-14T11:38:02
20260514_113527,S02,G1,star_first,31,4.0,115,data\raw\S02\20260514_113527_S02_G1_T031.csv,2026-05-14T11:38:07
20260514_113527,S02,G1,star_first,32,4.0,114,data\raw\S02\20260514_113527_S02_G1_T032.csv,2026-05-14T11:38:12
20260514_113527,S02,G1,star_first,33,4.0,125,data\raw\S02\20260514_113527_S02_G1_T033.csv,2026-05-14T11:38:18
20260514_113527,S02,G1,star_first,34,4.0,114,data\raw\S02\20260514_113527_S02_G1_T034.csv,2026-05-14T11:38:23
20260514_113527,S02,G1,star_first,35,4.0,118,data\raw\S02\20260514_113527_S02_G1_T035.csv,2026-05-14T11:38:28
20260514_113527,S02,G1,star_first,36,4.0,120,data\raw\S02\20260514_113527_S02_G1_T036.csv,2026-05-14T11:38:33
20260514_113527,S02,G1,star_first,37,4.0,110,data\raw\S02\20260514_113527_S02_G1_T037.csv,2026-05-14T11:38:38
20260514_113527,S02,G1,star_first,38,4.0,115,data\raw\S02\20260514_113527_S02_G1_T038.csv,2026-05-14T11:38:44
20260514_113527,S02,G1,star_first,39,4.0,118,data\raw\S02\20260514_113527_S02_G1_T039.csv,2026-05-14T11:38:49
20260514_113527,S02,G1,star_first,40,4.0,119,data\raw\S02\20260514_113527_S02_G1_T040.csv,2026-05-14T11:38:54
20260514_113527,S02,G1,star_first,41,4.0,118,data\raw\S02\20260514_113527_S02_G1_T041.csv,2026-05-14T11:38:59
20260514_113527,S02,G1,star_first,42,4.0,123,data\raw\S02\20260514_113527_S02_G1_T042.csv,2026-05-14T11:39:04
20260514_113527,S02,G1,star_first,43,4.0,126,data\raw\S02\20260514_113527_S02_G1_T043.csv,2026-05-14T11:39:09
20260514_113527,S02,G1,star_first,44,4.0,118,data\raw\S02\20260514_113527_S02_G1_T044.csv,2026-05-14T11:39:14
20260514_113527,S02,G1,star_first,45,4.0,125,data\raw\S02\20260514_113527_S02_G1_T045.csv,2026-05-14T11:39:20
20260514_113527,S02,G1,star_first,46,4.0,120,data\raw\S02\20260514_113527_S02_G1_T046.csv,2026-05-14T11:39:25
20260514_113527,S02,G1,star_first,47,4.0,125,data\raw\S02\20260514_113527_S02_G1_T047.csv,2026-05-14T11:39:30
20260514_113527,S02,G1,star_first,48,4.0,120,data\raw\S02\20260514_113527_S02_G1_T048.csv,2026-05-14T11:39:35
20260514_113527,S02,G1,star_first,49,4.0,124,data\raw\S02\20260514_113527_S02_G1_T049.csv,2026-05-14T11:39:41
20260514_113527,S02,G1,star_first,50,4.0,112,data\raw\S02\20260514_113527_S02_G1_T050.csv,2026-05-14T11:39:46
20260514_114053,S02,G2,select_wrist_rotate,1,4.0,143,data\raw\S02\20260514_114053_S02_G2_T001.csv,2026-05-14T11:40:58
20260514_114053,S02,G2,select_wrist_rotate,2,4.0,140,data\raw\S02\20260514_114053_S02_G2_T002.csv,2026-05-14T11:41:03
20260514_114053,S02,G2,select_wrist_rotate,3,4.0,114,data\raw\S02\20260514_114053_S02_G2_T003.csv,2026-05-14T11:41:08
20260514_114053,S02,G2,select_wrist_rotate,4,4.0,126,data\raw\S02\20260514_114053_S02_G2_T004.csv,2026-05-14T11:41:13
20260514_114053,S02,G2,select_wrist_rotate,5,4.0,122,data\raw\S02\20260514_114053_S02_G2_T005.csv,2026-05-14T11:41:18
20260514_114053,S02,G2,select_wrist_rotate,6,4.0,112,data\raw\S02\20260514_114053_S02_G2_T006.csv,2026-05-14T11:41:23
20260514_114053,S02,G2,select_wrist_rotate,7,4.0,122,data\raw\S02\20260514_114053_S02_G2_T007.csv,2026-05-14T11:41:29
20260514_114053,S02,G2,select_wrist_rotate,8,4.0,116,data\raw\S02\20260514_114053_S02_G2_T008.csv,2026-05-14T11:41:34
20260514_114053,S02,G2,select_wrist_rotate,9,4.0,117,data\raw\S02\20260514_114053_S02_G2_T009.csv,2026-05-14T11:41:39
20260514_114053,S02,G2,select_wrist_rotate,10,4.0,117,data\raw\S02\20260514_114053_S02_G2_T010.csv,2026-05-14T11:41:44
20260514_114053,S02,G2,select_wrist_rotate,11,4.0,121,data\raw\S02\20260514_114053_S02_G2_T011.csv,2026-05-14T11:41:49
20260514_114053,S02,G2,select_wrist_rotate,12,4.0,122,data\raw\S02\20260514_114053_S02_G2_T012.csv,2026-05-14T11:41:54
20260514_114053,S02,G2,select_wrist_rotate,13,4.0,117,data\raw\S02\20260514_114053_S02_G2_T013.csv,2026-05-14T11:42:00
20260514_114053,S02,G2,select_wrist_rotate,14,4.0,119,data\raw\S02\20260514_114053_S02_G2_T014.csv,2026-05-14T11:42:05
20260514_114053,S02,G2,select_wrist_rotate,15,4.0,113,data\raw\S02\20260514_114053_S02_G2_T015.csv,2026-05-14T11:42:10
20260514_114053,S02,G2,select_wrist_rotate,16,4.0,114,data\raw\S02\20260514_114053_S02_G2_T016.csv,2026-05-14T11:42:15
20260514_114053,S02,G2,select_wrist_rotate,17,4.0,115,data\raw\S02\20260514_114053_S02_G2_T017.csv,2026-05-14T11:42:20
20260514_114053,S02,G2,select_wrist_rotate,18,4.0,123,data\raw\S02\20260514_114053_S02_G2_T018.csv,2026-05-14T11:42:25
20260514_114053,S02,G2,select_wrist_rotate,19,4.0,115,data\raw\S02\20260514_114053_S02_G2_T019.csv,2026-05-14T11:42:31
20260514_114053,S02,G2,select_wrist_rotate,20,4.0,113,data\raw\S02\20260514_114053_S02_G2_T020.csv,2026-05-14T11:42:36
20260514_114053,S02,G2,select_wrist_rotate,21,4.0,123,data\raw\S02\20260514_114053_S02_G2_T021.csv,2026-05-14T11:42:41
20260514_114053,S02,G2,select_wrist_rotate,22,4.0,115,data\raw\S02\20260514_114053_S02_G2_T022.csv,2026-05-14T11:42:46
20260514_114053,S02,G2,select_wrist_rotate,23,4.0,115,data\raw\S02\20260514_114053_S02_G2_T023.csv,2026-05-14T11:42:51
20260514_114053,S02,G2,select_wrist_rotate,24,4.0,121,data\raw\S02\20260514_114053_S02_G2_T024.csv,2026-05-14T11:42:56
20260514_114053,S02,G2,select_wrist_rotate,25,4.0,124,data\raw\S02\20260514_114053_S02_G2_T025.csv,2026-05-14T11:43:02
20260514_114053,S02,G2,select_wrist_rotate,26,4.0,121,data\raw\S02\20260514_114053_S02_G2_T026.csv,2026-05-14T11:43:07
20260514_114053,S02,G2,select_wrist_rotate,27,4.0,115,data\raw\S02\20260514_114053_S02_G2_T027.csv,2026-05-14T11:43:12
20260514_114053,S02,G2,select_wrist_rotate,28,4.0,120,data\raw\S02\20260514_114053_S02_G2_T028.csv,2026-05-14T11:43:17
20260514_114053,S02,G2,select_wrist_rotate,29,4.0,116,data\raw\S02\20260514_114053_S02_G2_T029.csv,2026-05-14T11:43:22
20260514_114053,S02,G2,select_wrist_rotate,30,4.0,117,data\raw\S02\20260514_114053_S02_G2_T030.csv,2026-05-14T11:43:28
20260514_114053,S02,G2,select_wrist_rotate,31,4.0,119,data\raw\S02\20260514_114053_S02_G2_T031.csv,2026-05-14T11:43:33
20260514_114053,S02,G2,select_wrist_rotate,32,4.0,114,data\raw\S02\20260514_114053_S02_G2_T032.csv,2026-05-14T11:43:38
20260514_114053,S02,G2,select_wrist_rotate,33,4.0,114,data\raw\S02\20260514_114053_S02_G2_T033.csv,2026-05-14T11:43:43
20260514_114053,S02,G2,select_wrist_rotate,34,4.0,118,data\raw\S02\20260514_114053_S02_G2_T034.csv,2026-05-14T11:43:48
20260514_114053,S02,G2,select_wrist_rotate,35,4.0,116,data\raw\S02\20260514_114053_S02_G2_T035.csv,2026-05-14T11:43:53
20260514_114053,S02,G2,select_wrist_rotate,36,4.0,124,data\raw\S02\20260514_114053_S02_G2_T036.csv,2026-05-14T11:43:58
20260514_114053,S02,G2,select_wrist_rotate,37,4.0,126,data\raw\S02\20260514_114053_S02_G2_T037.csv,2026-05-14T11:44:04
20260514_114053,S02,G2,select_wrist_rotate,38,4.0,115,data\raw\S02\20260514_114053_S02_G2_T038.csv,2026-05-14T11:44:09
20260514_114053,S02,G2,select_wrist_rotate,39,4.0,118,data\raw\S02\20260514_114053_S02_G2_T039.csv,2026-05-14T11:44:14
20260514_114053,S02,G2,select_wrist_rotate,40,4.0,120,data\raw\S02\20260514_114053_S02_G2_T040.csv,2026-05-14T11:44:19
20260514_114053,S02,G2,select_wrist_rotate,41,4.0,117,data\raw\S02\20260514_114053_S02_G2_T041.csv,2026-05-14T11:44:24
20260514_114053,S02,G2,select_wrist_rotate,42,4.0,126,data\raw\S02\20260514_114053_S02_G2_T042.csv,2026-05-14T11:44:30
20260514_114053,S02,G2,select_wrist_rotate,43,4.0,121,data\raw\S02\20260514_114053_S02_G2_T043.csv,2026-05-14T11:44:35
20260514_114053,S02,G2,select_wrist_rotate,44,4.0,116,data\raw\S02\20260514_114053_S02_G2_T044.csv,2026-05-14T11:44:40
20260514_114053,S02,G2,select_wrist_rotate,45,4.0,118,data\raw\S02\20260514_114053_S02_G2_T045.csv,2026-05-14T11:44:45
20260514_114053,S02,G2,select_wrist_rotate,46,4.0,116,data\raw\S02\20260514_114053_S02_G2_T046.csv,2026-05-14T11:44:50
20260514_114053,S02,G2,select_wrist_rotate,47,4.0,121,data\raw\S02\20260514_114053_S02_G2_T047.csv,2026-05-14T11:44:56
20260514_114053,S02,G2,select_wrist_rotate,48,4.0,119,data\raw\S02\20260514_114053_S02_G2_T048.csv,2026-05-14T11:45:01
20260514_114053,S02,G2,select_wrist_rotate,49,4.0,123,data\raw\S02\20260514_114053_S02_G2_T049.csv,2026-05-14T11:45:06
20260514_114053,S02,G2,select_wrist_rotate,50,4.0,118,data\raw\S02\20260514_114053_S02_G2_T050.csv,2026-05-14T11:45:11
20260514_114607,S02,G3,tv_favorite_chanel,1,4.0,115,data\raw\S02\20260514_114607_S02_G3_T001.csv,2026-05-14T11:46:12
20260514_114607,S02,G3,tv_favorite_chanel,2,4.0,119,data\raw\S02\20260514_114607_S02_G3_T002.csv,2026-05-14T11:46:17
20260514_114607,S02,G3,tv_favorite_chanel,3,4.0,113,data\raw\S02\20260514_114607_S02_G3_T003.csv,2026-05-14T11:46:22
20260514_114607,S02,G3,tv_favorite_chanel,4,4.0,129,data\raw\S02\20260514_114607_S02_G3_T004.csv,2026-05-14T11:46:27
20260514_114607,S02,G3,tv_favorite_chanel,5,4.0,125,data\raw\S02\20260514_114607_S02_G3_T005.csv,2026-05-14T11:46:32
20260514_114607,S02,G3,tv_favorite_chanel,6,4.0,120,data\raw\S02\20260514_114607_S02_G3_T006.csv,2026-05-14T11:46:38
20260514_114607,S02,G3,tv_favorite_chanel,7,4.0,113,data\raw\S02\20260514_114607_S02_G3_T007.csv,2026-05-14T11:46:43
20260514_114607,S02,G3,tv_favorite_chanel,8,4.0,114,data\raw\S02\20260514_114607_S02_G3_T008.csv,2026-05-14T11:46:48
20260514_114607,S02,G3,tv_favorite_chanel,9,4.0,115,data\raw\S02\20260514_114607_S02_G3_T009.csv,2026-05-14T11:46:53
20260514_114607,S02,G3,tv_favorite_chanel,10,4.0,116,data\raw\S02\20260514_114607_S02_G3_T010.csv,2026-05-14T11:46:58
20260514_114607,S02,G3,tv_favorite_chanel,11,4.0,115,data\raw\S02\20260514_114607_S02_G3_T011.csv,2026-05-14T11:47:04
20260514_114607,S02,G3,tv_favorite_chanel,12,4.0,116,data\raw\S02\20260514_114607_S02_G3_T012.csv,2026-05-14T11:47:09
20260514_114607,S02,G3,tv_favorite_chanel,13,4.0,111,data\raw\S02\20260514_114607_S02_G3_T013.csv,2026-05-14T11:47:14
20260514_114607,S02,G3,tv_favorite_chanel,14,4.0,112,data\raw\S02\20260514_114607_S02_G3_T014.csv,2026-05-14T11:47:19
20260514_114607,S02,G3,tv_favorite_chanel,15,4.0,116,data\raw\S02\20260514_114607_S02_G3_T015.csv,2026-05-14T11:47:24
20260514_114607,S02,G3,tv_favorite_chanel,16,4.0,113,data\raw\S02\20260514_114607_S02_G3_T016.csv,2026-05-14T11:47:29
20260514_114607,S02,G3,tv_favorite_chanel,17,4.0,117,data\raw\S02\20260514_114607_S02_G3_T017.csv,2026-05-14T11:47:35
20260514_114607,S02,G3,tv_favorite_chanel,18,4.0,115,data\raw\S02\20260514_114607_S02_G3_T018.csv,2026-05-14T11:47:40
20260514_114607,S02,G3,tv_favorite_chanel,19,4.0,120,data\raw\S02\20260514_114607_S02_G3_T019.csv,2026-05-14T11:47:45
20260514_114607,S02,G3,tv_favorite_chanel,20,4.0,109,data\raw\S02\20260514_114607_S02_G3_T020.csv,2026-05-14T11:47:50
20260514_114607,S02,G3,tv_favorite_chanel,21,4.0,118,data\raw\S02\20260514_114607_S02_G3_T021.csv,2026-05-14T11:47:55
20260514_114607,S02,G3,tv_favorite_chanel,22,4.0,111,data\raw\S02\20260514_114607_S02_G3_T022.csv,2026-05-14T11:48:01
20260514_114607,S02,G3,tv_favorite_chanel,23,4.0,117,data\raw\S02\20260514_114607_S02_G3_T023.csv,2026-05-14T11:48:06
20260514_114607,S02,G3,tv_favorite_chanel,24,4.0,123,data\raw\S02\20260514_114607_S02_G3_T024.csv,2026-05-14T11:48:11
20260514_114607,S02,G3,tv_favorite_chanel,25,4.0,121,data\raw\S02\20260514_114607_S02_G3_T025.csv,2026-05-14T11:48:16
20260514_114607,S02,G3,tv_favorite_chanel,26,4.0,127,data\raw\S02\20260514_114607_S02_G3_T026.csv,2026-05-14T11:48:21
20260514_114607,S02,G3,tv_favorite_chanel,27,4.0,117,data\raw\S02\20260514_114607_S02_G3_T027.csv,2026-05-14T11:48:27
20260514_114607,S02,G3,tv_favorite_chanel,28,4.0,111,data\raw\S02\20260514_114607_S02_G3_T028.csv,2026-05-14T11:48:32
20260514_114607,S02,G3,tv_favorite_chanel,29,4.0,115,data\raw\S02\20260514_114607_S02_G3_T029.csv,2026-05-14T11:48:37
20260514_114607,S02,G3,tv_favorite_chanel,30,4.0,117,data\raw\S02\20260514_114607_S02_G3_T030.csv,2026-05-14T11:48:42
20260514_114607,S02,G3,tv_favorite_chanel,31,4.0,113,data\raw\S02\20260514_114607_S02_G3_T031.csv,2026-05-14T11:48:47
20260514_114607,S02,G3,tv_favorite_chanel,32,4.0,112,data\raw\S02\20260514_114607_S02_G3_T032.csv,2026-05-14T11:48:52
20260514_114607,S02,G3,tv_favorite_chanel,33,4.0,116,data\raw\S02\20260514_114607_S02_G3_T033.csv,2026-05-14T11:48:57
20260514_114607,S02,G3,tv_favorite_chanel,34,4.0,106,data\raw\S02\20260514_114607_S02_G3_T034.csv,2026-05-14T11:49:02
20260514_114607,S02,G3,tv_favorite_chanel,35,4.0,113,data\raw\S02\20260514_114607_S02_G3_T035.csv,2026-05-14T11:49:08
20260514_114607,S02,G3,tv_favorite_chanel,36,4.0,113,data\raw\S02\20260514_114607_S02_G3_T036.csv,2026-05-14T11:49:13
20260514_114607,S02,G3,tv_favorite_chanel,37,4.0,111,data\raw\S02\20260514_114607_S02_G3_T037.csv,2026-05-14T11:49:18
20260514_114607,S02,G3,tv_favorite_chanel,38,4.0,114,data\raw\S02\20260514_114607_S02_G3_T038.csv,2026-05-14T11:49:23
20260514_114607,S02,G3,tv_favorite_chanel,39,4.0,110,data\raw\S02\20260514_114607_S02_G3_T039.csv,2026-05-14T11:49:28
20260514_114607,S02,G3,tv_favorite_chanel,40,4.0,116,data\raw\S02\20260514_114607_S02_G3_T040.csv,2026-05-14T11:49:34
20260514_114607,S02,G3,tv_favorite_chanel,41,4.0,117,data\raw\S02\20260514_114607_S02_G3_T041.csv,2026-05-14T11:49:39
20260514_114607,S02,G3,tv_favorite_chanel,42,4.0,111,data\raw\S02\20260514_114607_S02_G3_T042.csv,2026-05-14T11:49:44
20260514_114607,S02,G3,tv_favorite_chanel,43,4.0,112,data\raw\S02\20260514_114607_S02_G3_T043.csv,2026-05-14T11:49:49
20260514_114607,S02,G3,tv_favorite_chanel,44,4.0,112,data\raw\S02\20260514_114607_S02_G3_T044.csv,2026-05-14T11:49:54
20260514_114607,S02,G3,tv_favorite_chanel,45,4.0,125,data\raw\S02\20260514_114607_S02_G3_T045.csv,2026-05-14T11:50:00
20260514_114607,S02,G3,tv_favorite_chanel,46,4.0,116,data\raw\S02\20260514_114607_S02_G3_T046.csv,2026-05-14T11:50:05
20260514_114607,S02,G3,tv_favorite_chanel,47,4.0,120,data\raw\S02\20260514_114607_S02_G3_T047.csv,2026-05-14T11:50:10
20260514_114607,S02,G3,tv_favorite_chanel,48,4.0,115,data\raw\S02\20260514_114607_S02_G3_T048.csv,2026-05-14T11:50:15
20260514_114607,S02,G3,tv_favorite_chanel,49,4.0,110,data\raw\S02\20260514_114607_S02_G3_T049.csv,2026-05-14T11:50:20
20260514_114607,S02,G3,tv_favorite_chanel,50,4.0,116,data\raw\S02\20260514_114607_S02_G3_T050.csv,2026-05-14T11:50:25
20260514_115112,S02,G4,tv_swtich_source,1,4.0,121,data\raw\S02\20260514_115112_S02_G4_T001.csv,2026-05-14T11:51:17
20260514_115112,S02,G4,tv_swtich_source,2,4.0,113,data\raw\S02\20260514_115112_S02_G4_T002.csv,2026-05-14T11:51:22
20260514_115112,S02,G4,tv_swtich_source,3,4.0,109,data\raw\S02\20260514_115112_S02_G4_T003.csv,2026-05-14T11:51:27
20260514_115112,S02,G4,tv_swtich_source,4,4.0,111,data\raw\S02\20260514_115112_S02_G4_T004.csv,2026-05-14T11:51:32
20260514_115112,S02,G4,tv_swtich_source,5,4.0,115,data\raw\S02\20260514_115112_S02_G4_T005.csv,2026-05-14T11:51:37
20260514_115112,S02,G4,tv_swtich_source,6,4.0,115,data\raw\S02\20260514_115112_S02_G4_T006.csv,2026-05-14T11:51:43
20260514_115112,S02,G4,tv_swtich_source,7,4.0,127,data\raw\S02\20260514_115112_S02_G4_T007.csv,2026-05-14T11:51:48
20260514_115112,S02,G4,tv_swtich_source,8,4.0,124,data\raw\S02\20260514_115112_S02_G4_T008.csv,2026-05-14T11:51:53
20260514_115112,S02,G4,tv_swtich_source,9,4.0,121,data\raw\S02\20260514_115112_S02_G4_T009.csv,2026-05-14T11:51:58
20260514_115112,S02,G4,tv_swtich_source,10,4.0,118,data\raw\S02\20260514_115112_S02_G4_T010.csv,2026-05-14T11:52:03
20260514_115112,S02,G4,tv_swtich_source,11,4.0,114,data\raw\S02\20260514_115112_S02_G4_T011.csv,2026-05-14T11:52:08
20260514_115112,S02,G4,tv_swtich_source,12,4.0,115,data\raw\S02\20260514_115112_S02_G4_T012.csv,2026-05-14T11:52:14
20260514_115112,S02,G4,tv_swtich_source,13,4.0,112,data\raw\S02\20260514_115112_S02_G4_T013.csv,2026-05-14T11:52:19
20260514_115112,S02,G4,tv_swtich_source,14,4.0,117,data\raw\S02\20260514_115112_S02_G4_T014.csv,2026-05-14T11:52:24
20260514_115112,S02,G4,tv_swtich_source,15,4.0,116,data\raw\S02\20260514_115112_S02_G4_T015.csv,2026-05-14T11:52:29
20260514_115112,S02,G4,tv_swtich_source,16,4.0,110,data\raw\S02\20260514_115112_S02_G4_T016.csv,2026-05-14T11:52:34
20260514_115112,S02,G4,tv_swtich_source,17,4.0,113,data\raw\S02\20260514_115112_S02_G4_T017.csv,2026-05-14T11:52:40
20260514_115112,S02,G4,tv_swtich_source,18,4.0,115,data\raw\S02\20260514_115112_S02_G4_T018.csv,2026-05-14T11:52:45
20260514_115112,S02,G4,tv_swtich_source,19,4.0,120,data\raw\S02\20260514_115112_S02_G4_T019.csv,2026-05-14T11:52:50
20260514_115112,S02,G4,tv_swtich_source,20,4.0,112,data\raw\S02\20260514_115112_S02_G4_T020.csv,2026-05-14T11:52:55
20260514_115112,S02,G4,tv_swtich_source,21,4.0,116,data\raw\S02\20260514_115112_S02_G4_T021.csv,2026-05-14T11:53:00
20260514_115112,S02,G4,tv_swtich_source,22,4.0,110,data\raw\S02\20260514_115112_S02_G4_T022.csv,2026-05-14T11:53:05
20260514_115112,S02,G4,tv_swtich_source,23,4.0,120,data\raw\S02\20260514_115112_S02_G4_T023.csv,2026-05-14T11:53:11
20260514_115112,S02,G4,tv_swtich_source,24,4.0,112,data\raw\S02\20260514_115112_S02_G4_T024.csv,2026-05-14T11:53:16
20260514_115112,S02,G4,tv_swtich_source,25,4.0,115,data\raw\S02\20260514_115112_S02_G4_T025.csv,2026-05-14T11:53:21
20260514_115112,S02,G4,tv_swtich_source,26,4.0,114,data\raw\S02\20260514_115112_S02_G4_T026.csv,2026-05-14T11:53:26
20260514_115112,S02,G4,tv_swtich_source,27,4.0,110,data\raw\S02\20260514_115112_S02_G4_T027.csv,2026-05-14T11:53:31
20260514_115112,S02,G4,tv_swtich_source,28,4.0,110,data\raw\S02\20260514_115112_S02_G4_T028.csv,2026-05-14T11:53:36
20260514_115112,S02,G4,tv_swtich_source,29,4.0,113,data\raw\S02\20260514_115112_S02_G4_T029.csv,2026-05-14T11:53:42
20260514_115112,S02,G4,tv_swtich_source,30,4.0,118,data\raw\S02\20260514_115112_S02_G4_T030.csv,2026-05-14T11:53:47
20260514_115112,S02,G4,tv_swtich_source,31,4.0,121,data\raw\S02\20260514_115112_S02_G4_T031.csv,2026-05-14T11:53:52
20260514_115112,S02,G4,tv_swtich_source,32,4.0,116,data\raw\S02\20260514_115112_S02_G4_T032.csv,2026-05-14T11:53:57
20260514_115112,S02,G4,tv_swtich_source,33,4.0,115,data\raw\S02\20260514_115112_S02_G4_T033.csv,2026-05-14T11:54:02
20260514_115112,S02,G4,tv_swtich_source,34,4.0,116,data\raw\S02\20260514_115112_S02_G4_T034.csv,2026-05-14T11:54:08
20260514_115112,S02,G4,tv_swtich_source,35,4.0,120,data\raw\S02\20260514_115112_S02_G4_T035.csv,2026-05-14T11:54:13
20260514_115112,S02,G4,tv_swtich_source,36,4.0,111,data\raw\S02\20260514_115112_S02_G4_T036.csv,2026-05-14T11:54:18
20260514_115112,S02,G4,tv_swtich_source,37,4.0,117,data\raw\S02\20260514_115112_S02_G4_T037.csv,2026-05-14T11:54:23
20260514_115112,S02,G4,tv_swtich_source,38,4.0,111,data\raw\S02\20260514_115112_S02_G4_T038.csv,2026-05-14T11:54:28
20260514_115112,S02,G4,tv_swtich_source,39,4.0,124,data\raw\S02\20260514_115112_S02_G4_T039.csv,2026-05-14T11:54:33
20260514_115112,S02,G4,tv_swtich_source,40,4.0,121,data\raw\S02\20260514_115112_S02_G4_T040.csv,2026-05-14T11:54:39
20260514_115112,S02,G4,tv_swtich_source,41,4.0,114,data\raw\S02\20260514_115112_S02_G4_T041.csv,2026-05-14T11:54:44
20260514_115112,S02,G4,tv_swtich_source,42,4.0,124,data\raw\S02\20260514_115112_S02_G4_T042.csv,2026-05-14T11:54:49
20260514_115112,S02,G4,tv_swtich_source,43,4.0,119,data\raw\S02\20260514_115112_S02_G4_T043.csv,2026-05-14T11:54:54
20260514_115112,S02,G4,tv_swtich_source,44,4.0,119,data\raw\S02\20260514_115112_S02_G4_T044.csv,2026-05-14T11:54:59
20260514_115112,S02,G4,tv_swtich_source,45,4.0,123,data\raw\S02\20260514_115112_S02_G4_T045.csv,2026-05-14T11:55:05
20260514_115112,S02,G4,tv_swtich_source,46,4.0,112,data\raw\S02\20260514_115112_S02_G4_T046.csv,2026-05-14T11:55:10
20260514_115112,S02,G4,tv_swtich_source,47,4.0,114,data\raw\S02\20260514_115112_S02_G4_T047.csv,2026-05-14T11:55:15
20260514_115112,S02,G4,tv_swtich_source,48,4.0,114,data\raw\S02\20260514_115112_S02_G4_T048.csv,2026-05-14T11:55:20
20260514_115112,S02,G4,tv_swtich_source,49,4.0,110,data\raw\S02\20260514_115112_S02_G4_T049.csv,2026-05-14T11:55:25
20260514_115112,S02,G4,tv_swtich_source,50,4.0,103,data\raw\S02\20260514_115112_S02_G4_T050.csv,2026-05-14T11:55:30
20260514_115647,S02,G5,tv_channel_up,1,4.0,111,data\raw\S02\20260514_115647_S02_G5_T001.csv,2026-05-14T11:56:52
20260514_115647,S02,G5,tv_channel_up,2,4.0,118,data\raw\S02\20260514_115647_S02_G5_T002.csv,2026-05-14T11:56:57
20260514_115647,S02,G5,tv_channel_up,3,4.0,112,data\raw\S02\20260514_115647_S02_G5_T003.csv,2026-05-14T11:57:02
20260514_115647,S02,G5,tv_channel_up,4,4.0,110,data\raw\S02\20260514_115647_S02_G5_T004.csv,2026-05-14T11:57:07
20260514_115647,S02,G5,tv_channel_up,5,4.0,120,data\raw\S02\20260514_115647_S02_G5_T005.csv,2026-05-14T11:57:13
20260514_115647,S02,G5,tv_channel_up,6,4.0,124,data\raw\S02\20260514_115647_S02_G5_T006.csv,2026-05-14T11:57:18
20260514_115647,S02,G5,tv_channel_up,7,4.0,111,data\raw\S02\20260514_115647_S02_G5_T007.csv,2026-05-14T11:57:23
20260514_115647,S02,G5,tv_channel_up,8,4.0,116,data\raw\S02\20260514_115647_S02_G5_T008.csv,2026-05-14T11:57:28
20260514_115647,S02,G5,tv_channel_up,9,4.0,110,data\raw\S02\20260514_115647_S02_G5_T009.csv,2026-05-14T11:57:34
20260514_172104,S03,G1,star_first,1,4.0,119,data\raw\S03\20260514_172104_S03_G1_T001.csv,2026-05-14T17:21:10
20260514_172104,S03,G1,star_first,2,4.0,120,data\raw\S03\20260514_172104_S03_G1_T002.csv,2026-05-14T17:21:16
20260514_172104,S03,G1,star_first,3,4.0,120,data\raw\S03\20260514_172104_S03_G1_T003.csv,2026-05-14T17:21:22
20260514_172104,S03,G1,star_first,4,4.0,115,data\raw\S03\20260514_172104_S03_G1_T004.csv,2026-05-14T17:21:28
20260514_172104,S03,G1,star_first,5,4.0,113,data\raw\S03\20260514_172104_S03_G1_T005.csv,2026-05-14T17:21:35
20260514_172104,S03,G1,star_first,6,4.0,121,data\raw\S03\20260514_172104_S03_G1_T006.csv,2026-05-14T17:21:41
20260514_172104,S03,G1,star_first,7,4.0,119,data\raw\S03\20260514_172104_S03_G1_T007.csv,2026-05-14T17:21:47
20260514_172104,S03,G1,star_first,8,4.0,121,data\raw\S03\20260514_172104_S03_G1_T008.csv,2026-05-14T17:21:53
20260514_172104,S03,G1,star_first,9,4.0,125,data\raw\S03\20260514_172104_S03_G1_T009.csv,2026-05-14T17:21:59
20260514_172104,S03,G1,star_first,10,4.0,129,data\raw\S03\20260514_172104_S03_G1_T010.csv,2026-05-14T17:22:05
20260514_172104,S03,G1,star_first,11,4.0,114,data\raw\S03\20260514_172104_S03_G1_T011.csv,2026-05-14T17:22:12
20260514_172104,S03,G1,star_first,12,4.0,122,data\raw\S03\20260514_172104_S03_G1_T012.csv,2026-05-14T17:22:18
20260514_172104,S03,G1,star_first,13,4.0,128,data\raw\S03\20260514_172104_S03_G1_T013.csv,2026-05-14T17:22:24
20260514_172104,S03,G1,star_first,14,4.0,114,data\raw\S03\20260514_172104_S03_G1_T014.csv,2026-05-14T17:22:30
20260514_172104,S03,G1,star_first,15,4.0,120,data\raw\S03\20260514_172104_S03_G1_T015.csv,2026-05-14T17:22:36
20260514_172104,S03,G1,star_first,16,4.0,123,data\raw\S03\20260514_172104_S03_G1_T016.csv,2026-05-14T17:22:42
20260514_172104,S03,G1,star_first,17,4.0,123,data\raw\S03\20260514_172104_S03_G1_T017.csv,2026-05-14T17:22:49
20260514_172104,S03,G1,star_first,18,4.0,118,data\raw\S03\20260514_172104_S03_G1_T018.csv,2026-05-14T17:22:55
20260514_172104,S03,G1,star_first,19,4.0,129,data\raw\S03\20260514_172104_S03_G1_T019.csv,2026-05-14T17:23:01
20260514_172104,S03,G1,star_first,20,4.0,117,data\raw\S03\20260514_172104_S03_G1_T020.csv,2026-05-14T17:23:07
20260514_172104,S03,G1,star_first,21,4.0,124,data\raw\S03\20260514_172104_S03_G1_T021.csv,2026-05-14T17:23:13
20260514_172104,S03,G1,star_first,22,4.0,117,data\raw\S03\20260514_172104_S03_G1_T022.csv,2026-05-14T17:23:20
20260514_172104,S03,G1,star_first,23,4.0,115,data\raw\S03\20260514_172104_S03_G1_T023.csv,2026-05-14T17:23:26
20260514_172104,S03,G1,star_first,24,4.0,118,data\raw\S03\20260514_172104_S03_G1_T024.csv,2026-05-14T17:23:32
20260514_172104,S03,G1,star_first,25,4.0,117,data\raw\S03\20260514_172104_S03_G1_T025.csv,2026-05-14T17:23:38
20260514_172104,S03,G1,star_first,26,4.0,110,data\raw\S03\20260514_172104_S03_G1_T026.csv,2026-05-14T17:23:44
20260514_172104,S03,G1,star_first,27,4.0,128,data\raw\S03\20260514_172104_S03_G1_T027.csv,2026-05-14T17:23:50
20260514_172104,S03,G1,star_first,28,4.0,116,data\raw\S03\20260514_172104_S03_G1_T028.csv,2026-05-14T17:23:56
20260514_172104,S03,G1,star_first,29,4.0,114,data\raw\S03\20260514_172104_S03_G1_T029.csv,2026-05-14T17:24:03
20260514_172104,S03,G1,star_first,30,4.0,123,data\raw\S03\20260514_172104_S03_G1_T030.csv,2026-05-14T17:24:09
20260514_172538,S03,G2,select_wrist_rotate,1,4.0,116,data\raw\S03\20260514_172538_S03_G2_T001.csv,2026-05-14T17:25:44
20260514_172538,S03,G2,select_wrist_rotate,2,4.0,126,data\raw\S03\20260514_172538_S03_G2_T002.csv,2026-05-14T17:25:50
20260514_172538,S03,G2,select_wrist_rotate,3,4.0,123,data\raw\S03\20260514_172538_S03_G2_T003.csv,2026-05-14T17:25:57
20260514_172538,S03,G2,select_wrist_rotate,4,4.0,121,data\raw\S03\20260514_172538_S03_G2_T004.csv,2026-05-14T17:26:03
20260514_172538,S03,G2,select_wrist_rotate,5,4.0,112,data\raw\S03\20260514_172538_S03_G2_T005.csv,2026-05-14T17:26:09
20260514_172538,S03,G2,select_wrist_rotate,6,4.0,120,data\raw\S03\20260514_172538_S03_G2_T006.csv,2026-05-14T17:26:15
20260514_172538,S03,G2,select_wrist_rotate,7,4.0,114,data\raw\S03\20260514_172538_S03_G2_T007.csv,2026-05-14T17:26:21
20260514_172538,S03,G2,select_wrist_rotate,8,4.0,119,data\raw\S03\20260514_172538_S03_G2_T008.csv,2026-05-14T17:26:27
20260514_172538,S03,G2,select_wrist_rotate,9,4.0,116,data\raw\S03\20260514_172538_S03_G2_T009.csv,2026-05-14T17:26:34
20260514_172538,S03,G2,select_wrist_rotate,10,4.0,118,data\raw\S03\20260514_172538_S03_G2_T010.csv,2026-05-14T17:26:40
20260514_172538,S03,G2,select_wrist_rotate,11,4.0,116,data\raw\S03\20260514_172538_S03_G2_T011.csv,2026-05-14T17:26:46
20260514_172538,S03,G2,select_wrist_rotate,12,4.0,121,data\raw\S03\20260514_172538_S03_G2_T012.csv,2026-05-14T17:26:52
20260514_172538,S03,G2,select_wrist_rotate,13,4.0,127,data\raw\S03\20260514_172538_S03_G2_T013.csv,2026-05-14T17:26:58
20260514_172538,S03,G2,select_wrist_rotate,14,4.0,119,data\raw\S03\20260514_172538_S03_G2_T014.csv,2026-05-14T17:27:05
20260514_172538,S03,G2,select_wrist_rotate,15,4.0,125,data\raw\S03\20260514_172538_S03_G2_T015.csv,2026-05-14T17:27:11
20260514_172538,S03,G2,select_wrist_rotate,16,4.0,128,data\raw\S03\20260514_172538_S03_G2_T016.csv,2026-05-14T17:27:17
20260514_172538,S03,G2,select_wrist_rotate,17,4.0,126,data\raw\S03\20260514_172538_S03_G2_T017.csv,2026-05-14T17:27:23
20260514_172538,S03,G2,select_wrist_rotate,18,4.0,120,data\raw\S03\20260514_172538_S03_G2_T018.csv,2026-05-14T17:27:29
20260514_172538,S03,G2,select_wrist_rotate,19,4.0,114,data\raw\S03\20260514_172538_S03_G2_T019.csv,2026-05-14T17:27:36
20260514_172538,S03,G2,select_wrist_rotate,20,4.0,117,data\raw\S03\20260514_172538_S03_G2_T020.csv,2026-05-14T17:27:42
20260514_172538,S03,G2,select_wrist_rotate,21,4.0,114,data\raw\S03\20260514_172538_S03_G2_T021.csv,2026-05-14T17:27:48
20260514_172538,S03,G2,select_wrist_rotate,22,4.0,115,data\raw\S03\20260514_172538_S03_G2_T022.csv,2026-05-14T17:27:54
20260514_172538,S03,G2,select_wrist_rotate,23,4.0,122,data\raw\S03\20260514_172538_S03_G2_T023.csv,2026-05-14T17:28:00
20260514_172538,S03,G2,select_wrist_rotate,24,4.0,120,data\raw\S03\20260514_172538_S03_G2_T024.csv,2026-05-14T17:28:07
20260514_172538,S03,G2,select_wrist_rotate,25,4.0,118,data\raw\S03\20260514_172538_S03_G2_T025.csv,2026-05-14T17:28:13
20260514_172538,S03,G2,select_wrist_rotate,26,4.0,125,data\raw\S03\20260514_172538_S03_G2_T026.csv,2026-05-14T17:28:19
20260514_172538,S03,G2,select_wrist_rotate,27,4.0,114,data\raw\S03\20260514_172538_S03_G2_T027.csv,2026-05-14T17:28:25
20260514_172538,S03,G2,select_wrist_rotate,28,4.0,116,data\raw\S03\20260514_172538_S03_G2_T028.csv,2026-05-14T17:28:31
20260514_172538,S03,G2,select_wrist_rotate,29,4.0,121,data\raw\S03\20260514_172538_S03_G2_T029.csv,2026-05-14T17:28:38
20260514_172538,S03,G2,select_wrist_rotate,30,4.0,121,data\raw\S03\20260514_172538_S03_G2_T030.csv,2026-05-14T17:28:44
20260514_172538,S03,G2,select_wrist_rotate,31,4.0,123,data\raw\S03\20260514_172538_S03_G2_T031.csv,2026-05-14T17:28:50
20260514_172538,S03,G2,select_wrist_rotate,32,4.0,125,data\raw\S03\20260514_172538_S03_G2_T032.csv,2026-05-14T17:28:56
20260514_172538,S03,G2,select_wrist_rotate,33,4.0,119,data\raw\S03\20260514_172538_S03_G2_T033.csv,2026-05-14T17:29:02
20260514_172538,S03,G2,select_wrist_rotate,34,4.0,122,data\raw\S03\20260514_172538_S03_G2_T034.csv,2026-05-14T17:29:09
20260514_172538,S03,G2,select_wrist_rotate,35,4.0,123,data\raw\S03\20260514_172538_S03_G2_T035.csv,2026-05-14T17:29:15
20260514_172538,S03,G2,select_wrist_rotate,36,4.0,112,data\raw\S03\20260514_172538_S03_G2_T036.csv,2026-05-14T17:29:21
20260514_172538,S03,G2,select_wrist_rotate,37,4.0,122,data\raw\S03\20260514_172538_S03_G2_T037.csv,2026-05-14T17:29:27
20260514_172538,S03,G2,select_wrist_rotate,38,4.0,121,data\raw\S03\20260514_172538_S03_G2_T038.csv,2026-05-14T17:29:33
20260514_172538,S03,G2,select_wrist_rotate,39,4.0,122,data\raw\S03\20260514_172538_S03_G2_T039.csv,2026-05-14T17:29:39
20260514_172538,S03,G2,select_wrist_rotate,40,4.0,126,data\raw\S03\20260514_172538_S03_G2_T040.csv,2026-05-14T17:29:46
20260514_172538,S03,G2,select_wrist_rotate,41,4.0,120,data\raw\S03\20260514_172538_S03_G2_T041.csv,2026-05-14T17:29:52
20260514_172538,S03,G2,select_wrist_rotate,42,4.0,112,data\raw\S03\20260514_172538_S03_G2_T042.csv,2026-05-14T17:29:58
20260514_172538,S03,G2,select_wrist_rotate,43,4.0,130,data\raw\S03\20260514_172538_S03_G2_T043.csv,2026-05-14T17:30:04
20260514_172538,S03,G2,select_wrist_rotate,44,4.0,117,data\raw\S03\20260514_172538_S03_G2_T044.csv,2026-05-14T17:30:10
20260514_172538,S03,G2,select_wrist_rotate,45,4.0,122,data\raw\S03\20260514_172538_S03_G2_T045.csv,2026-05-14T17:30:17
20260514_172538,S03,G2,select_wrist_rotate,46,4.0,115,data\raw\S03\20260514_172538_S03_G2_T046.csv,2026-05-14T17:30:23
20260514_172538,S03,G2,select_wrist_rotate,47,4.0,118,data\raw\S03\20260514_172538_S03_G2_T047.csv,2026-05-14T17:30:29
20260514_172538,S03,G2,select_wrist_rotate,48,4.0,126,data\raw\S03\20260514_172538_S03_G2_T048.csv,2026-05-14T17:30:35
20260514_172538,S03,G2,select_wrist_rotate,49,4.0,123,data\raw\S03\20260514_172538_S03_G2_T049.csv,2026-05-14T17:30:41
20260514_172538,S03,G2,select_wrist_rotate,50,4.0,116,data\raw\S03\20260514_172538_S03_G2_T050.csv,2026-05-14T17:30:47
20260514_173703,S03,G1,star_first,1,4.0,136,data\raw\S03\20260514_173703_S03_G1_T001.csv,2026-05-14T17:37:09
20260514_173703,S03,G1,star_first,2,4.0,128,data\raw\S03\20260514_173703_S03_G1_T002.csv,2026-05-14T17:37:15
20260514_173703,S03,G1,star_first,3,4.0,128,data\raw\S03\20260514_173703_S03_G1_T003.csv,2026-05-14T17:37:21
20260514_173703,S03,G1,star_first,4,4.0,129,data\raw\S03\20260514_173703_S03_G1_T004.csv,2026-05-14T17:37:28
20260514_173703,S03,G1,star_first,5,4.0,129,data\raw\S03\20260514_173703_S03_G1_T005.csv,2026-05-14T17:37:34
20260514_173703,S03,G1,star_first,6,4.0,116,data\raw\S03\20260514_173703_S03_G1_T006.csv,2026-05-14T17:37:40
20260514_173703,S03,G1,star_first,7,4.0,128,data\raw\S03\20260514_173703_S03_G1_T007.csv,2026-05-14T17:37:46
20260514_173703,S03,G1,star_first,8,4.0,116,data\raw\S03\20260514_173703_S03_G1_T008.csv,2026-05-14T17:37:52
20260514_173703,S03,G1,star_first,9,4.0,121,data\raw\S03\20260514_173703_S03_G1_T009.csv,2026-05-14T17:37:58
20260514_173703,S03,G1,star_first,10,4.0,125,data\raw\S03\20260514_173703_S03_G1_T010.csv,2026-05-14T17:38:05
20260514_173703,S03,G1,star_first,11,4.0,123,data\raw\S03\20260514_173703_S03_G1_T011.csv,2026-05-14T17:38:11
20260514_173703,S03,G1,star_first,12,4.0,130,data\raw\S03\20260514_173703_S03_G1_T012.csv,2026-05-14T17:38:17
20260514_173703,S03,G1,star_first,13,4.0,129,data\raw\S03\20260514_173703_S03_G1_T013.csv,2026-05-14T17:38:23
20260514_173703,S03,G1,star_first,14,4.0,123,data\raw\S03\20260514_173703_S03_G1_T014.csv,2026-05-14T17:38:30
20260514_173703,S03,G1,star_first,15,4.0,128,data\raw\S03\20260514_173703_S03_G1_T015.csv,2026-05-14T17:38:36
20260514_173703,S03,G1,star_first,16,4.0,122,data\raw\S03\20260514_173703_S03_G1_T016.csv,2026-05-14T17:38:42
20260514_173703,S03,G1,star_first,17,4.0,122,data\raw\S03\20260514_173703_S03_G1_T017.csv,2026-05-14T17:38:48
20260514_173703,S03,G1,star_first,18,4.0,120,data\raw\S03\20260514_173703_S03_G1_T018.csv,2026-05-14T17:38:54
20260514_173703,S03,G1,star_first,19,4.0,115,data\raw\S03\20260514_173703_S03_G1_T019.csv,2026-05-14T17:39:01
20260514_173703,S03,G1,star_first,20,4.0,123,data\raw\S03\20260514_173703_S03_G1_T020.csv,2026-05-14T17:39:07
20260514_173703,S03,G1,star_first,21,4.0,115,data\raw\S03\20260514_173703_S03_G1_T021.csv,2026-05-14T17:39:13
20260514_173703,S03,G1,star_first,22,4.0,128,data\raw\S03\20260514_173703_S03_G1_T022.csv,2026-05-14T17:39:19
20260514_173703,S03,G1,star_first,23,4.0,122,data\raw\S03\20260514_173703_S03_G1_T023.csv,2026-05-14T17:39:25
20260514_173703,S03,G1,star_first,24,4.0,125,data\raw\S03\20260514_173703_S03_G1_T024.csv,2026-05-14T17:39:31
20260514_173703,S03,G1,star_first,25,4.0,128,data\raw\S03\20260514_173703_S03_G1_T025.csv,2026-05-14T17:39:38
20260514_173703,S03,G1,star_first,26,4.0,127,data\raw\S03\20260514_173703_S03_G1_T026.csv,2026-05-14T17:39:44
20260514_173703,S03,G1,star_first,27,4.0,124,data\raw\S03\20260514_173703_S03_G1_T027.csv,2026-05-14T17:39:50
20260514_173703,S03,G1,star_first,28,4.0,117,data\raw\S03\20260514_173703_S03_G1_T028.csv,2026-05-14T17:39:56
20260514_173703,S03,G1,star_first,29,4.0,128,data\raw\S03\20260514_173703_S03_G1_T029.csv,2026-05-14T17:40:03
20260514_173703,S03,G1,star_first,30,4.0,128,data\raw\S03\20260514_173703_S03_G1_T030.csv,2026-05-14T17:40:09
20260514_173703,S03,G1,star_first,31,4.0,124,data\raw\S03\20260514_173703_S03_G1_T031.csv,2026-05-14T17:40:15
20260514_173703,S03,G1,star_first,32,4.0,125,data\raw\S03\20260514_173703_S03_G1_T032.csv,2026-05-14T17:40:21
20260514_173703,S03,G1,star_first,33,4.0,129,data\raw\S03\20260514_173703_S03_G1_T033.csv,2026-05-14T17:40:27
20260514_173703,S03,G1,star_first,34,4.0,126,data\raw\S03\20260514_173703_S03_G1_T034.csv,2026-05-14T17:40:34
20260514_173703,S03,G1,star_first,35,4.0,125,data\raw\S03\20260514_173703_S03_G1_T035.csv,2026-05-14T17:40:40
20260514_173703,S03,G1,star_first,36,4.0,129,data\raw\S03\20260514_173703_S03_G1_T036.csv,2026-05-14T17:40:46
20260514_173703,S03,G1,star_first,37,4.0,120,data\raw\S03\20260514_173703_S03_G1_T037.csv,2026-05-14T17:40:52
20260514_173703,S03,G1,star_first,38,4.0,125,data\raw\S03\20260514_173703_S03_G1_T038.csv,2026-05-14T17:40:58
20260514_173703,S03,G1,star_first,39,4.0,127,data\raw\S03\20260514_173703_S03_G1_T039.csv,2026-05-14T17:41:05
20260514_173703,S03,G1,star_first,40,4.0,122,data\raw\S03\20260514_173703_S03_G1_T040.csv,2026-05-14T17:41:11
20260514_173703,S03,G1,star_first,41,4.0,121,data\raw\S03\20260514_173703_S03_G1_T041.csv,2026-05-14T17:41:17
20260514_173703,S03,G1,star_first,42,4.0,119,data\raw\S03\20260514_173703_S03_G1_T042.csv,2026-05-14T17:41:23
20260514_173703,S03,G1,star_first,43,4.0,114,data\raw\S03\20260514_173703_S03_G1_T043.csv,2026-05-14T17:41:29
20260514_173703,S03,G1,star_first,44,4.0,126,data\raw\S03\20260514_173703_S03_G1_T044.csv,2026-05-14T17:41:35
20260514_173703,S03,G1,star_first,45,4.0,124,data\raw\S03\20260514_173703_S03_G1_T045.csv,2026-05-14T17:41:41
20260514_173703,S03,G1,star_first,46,4.0,118,data\raw\S03\20260514_173703_S03_G1_T046.csv,2026-05-14T17:41:48
20260514_173703,S03,G1,star_first,47,4.0,119,data\raw\S03\20260514_173703_S03_G1_T047.csv,2026-05-14T17:41:54
20260514_173703,S03,G1,star_first,48,4.0,122,data\raw\S03\20260514_173703_S03_G1_T048.csv,2026-05-14T17:42:00
20260514_173703,S03,G1,star_first,49,4.0,126,data\raw\S03\20260514_173703_S03_G1_T049.csv,2026-05-14T17:42:06
20260514_173703,S03,G1,star_first,50,4.0,111,data\raw\S03\20260514_173703_S03_G1_T050.csv,2026-05-14T17:42:12
20260514_174553,S03,G4,tv_swtich_source,1,4.0,124,data\raw\S03\20260514_174553_S03_G4_T001.csv,2026-05-14T17:45:59
20260514_174553,S03,G4,tv_swtich_source,2,4.0,125,data\raw\S03\20260514_174553_S03_G4_T002.csv,2026-05-14T17:46:05
20260514_174553,S03,G4,tv_swtich_source,3,4.0,118,data\raw\S03\20260514_174553_S03_G4_T003.csv,2026-05-14T17:46:11
20260514_174553,S03,G4,tv_swtich_source,4,4.0,122,data\raw\S03\20260514_174553_S03_G4_T004.csv,2026-05-14T17:46:17
20260514_174553,S03,G4,tv_swtich_source,5,4.0,114,data\raw\S03\20260514_174553_S03_G4_T005.csv,2026-05-14T17:46:24
20260514_174553,S03,G4,tv_swtich_source,6,4.0,116,data\raw\S03\20260514_174553_S03_G4_T006.csv,2026-05-14T17:46:30
20260514_174553,S03,G4,tv_swtich_source,7,4.0,112,data\raw\S03\20260514_174553_S03_G4_T007.csv,2026-05-14T17:46:36
20260514_174553,S03,G4,tv_swtich_source,8,4.0,109,data\raw\S03\20260514_174553_S03_G4_T008.csv,2026-05-14T17:46:42
20260514_174553,S03,G4,tv_swtich_source,9,4.0,126,data\raw\S03\20260514_174553_S03_G4_T009.csv,2026-05-14T17:46:48
20260514_174553,S03,G4,tv_swtich_source,10,4.0,117,data\raw\S03\20260514_174553_S03_G4_T010.csv,2026-05-14T17:46:54
20260514_174553,S03,G4,tv_swtich_source,11,4.0,116,data\raw\S03\20260514_174553_S03_G4_T011.csv,2026-05-14T17:47:01
20260514_174553,S03,G4,tv_swtich_source,12,4.0,121,data\raw\S03\20260514_174553_S03_G4_T012.csv,2026-05-14T17:47:07
20260514_174553,S03,G4,tv_swtich_source,13,4.0,114,data\raw\S03\20260514_174553_S03_G4_T013.csv,2026-05-14T17:47:13
20260514_174553,S03,G4,tv_swtich_source,14,4.0,120,data\raw\S03\20260514_174553_S03_G4_T014.csv,2026-05-14T17:47:19
20260514_174553,S03,G4,tv_swtich_source,15,4.0,116,data\raw\S03\20260514_174553_S03_G4_T015.csv,2026-05-14T17:47:25
20260514_174553,S03,G4,tv_swtich_source,16,4.0,120,data\raw\S03\20260514_174553_S03_G4_T016.csv,2026-05-14T17:47:31
20260514_174553,S03,G4,tv_swtich_source,17,4.0,128,data\raw\S03\20260514_174553_S03_G4_T017.csv,2026-05-14T17:47:38
20260514_174553,S03,G4,tv_swtich_source,18,4.0,126,data\raw\S03\20260514_174553_S03_G4_T018.csv,2026-05-14T17:47:44
20260514_174553,S03,G4,tv_swtich_source,19,4.0,127,data\raw\S03\20260514_174553_S03_G4_T019.csv,2026-05-14T17:47:50
20260514_174553,S03,G4,tv_swtich_source,20,4.0,126,data\raw\S03\20260514_174553_S03_G4_T020.csv,2026-05-14T17:47:57
20260514_174553,S03,G4,tv_swtich_source,21,4.0,119,data\raw\S03\20260514_174553_S03_G4_T021.csv,2026-05-14T17:48:03
20260514_174553,S03,G4,tv_swtich_source,22,4.0,119,data\raw\S03\20260514_174553_S03_G4_T022.csv,2026-05-14T17:48:09
20260514_174553,S03,G4,tv_swtich_source,23,4.0,121,data\raw\S03\20260514_174553_S03_G4_T023.csv,2026-05-14T17:48:15
20260514_174553,S03,G4,tv_swtich_source,24,4.0,124,data\raw\S03\20260514_174553_S03_G4_T024.csv,2026-05-14T17:48:21
20260514_174553,S03,G4,tv_swtich_source,25,4.0,127,data\raw\S03\20260514_174553_S03_G4_T025.csv,2026-05-14T17:48:28
20260514_174553,S03,G4,tv_swtich_source,26,4.0,122,data\raw\S03\20260514_174553_S03_G4_T026.csv,2026-05-14T17:48:34
20260514_174553,S03,G4,tv_swtich_source,27,4.0,123,data\raw\S03\20260514_174553_S03_G4_T027.csv,2026-05-14T17:48:40
20260514_174553,S03,G4,tv_swtich_source,28,4.0,114,data\raw\S03\20260514_174553_S03_G4_T028.csv,2026-05-14T17:48:46
20260514_174553,S03,G4,tv_swtich_source,29,4.0,127,data\raw\S03\20260514_174553_S03_G4_T029.csv,2026-05-14T17:48:52
20260514_174553,S03,G4,tv_swtich_source,30,4.0,119,data\raw\S03\20260514_174553_S03_G4_T030.csv,2026-05-14T17:48:58
20260514_174553,S03,G4,tv_swtich_source,31,4.0,120,data\raw\S03\20260514_174553_S03_G4_T031.csv,2026-05-14T17:49:05
20260514_174553,S03,G4,tv_swtich_source,32,4.0,127,data\raw\S03\20260514_174553_S03_G4_T032.csv,2026-05-14T17:49:11
20260514_174553,S03,G4,tv_swtich_source,33,4.0,120,data\raw\S03\20260514_174553_S03_G4_T033.csv,2026-05-14T17:49:17
20260514_174553,S03,G4,tv_swtich_source,34,4.0,113,data\raw\S03\20260514_174553_S03_G4_T034.csv,2026-05-14T17:49:23
20260514_174553,S03,G4,tv_swtich_source,35,4.0,125,data\raw\S03\20260514_174553_S03_G4_T035.csv,2026-05-14T17:49:29
20260514_174553,S03,G4,tv_swtich_source,36,4.0,120,data\raw\S03\20260514_174553_S03_G4_T036.csv,2026-05-14T17:49:35
20260514_174553,S03,G4,tv_swtich_source,37,4.0,120,data\raw\S03\20260514_174553_S03_G4_T037.csv,2026-05-14T17:49:42
20260514_174553,S03,G4,tv_swtich_source,38,4.0,115,data\raw\S03\20260514_174553_S03_G4_T038.csv,2026-05-14T17:49:48
20260514_174553,S03,G4,tv_swtich_source,39,4.0,122,data\raw\S03\20260514_174553_S03_G4_T039.csv,2026-05-14T17:49:54
20260514_174553,S03,G4,tv_swtich_source,40,4.0,116,data\raw\S03\20260514_174553_S03_G4_T040.csv,2026-05-14T17:50:00
20260514_174553,S03,G4,tv_swtich_source,41,4.0,117,data\raw\S03\20260514_174553_S03_G4_T041.csv,2026-05-14T17:50:06
20260514_174553,S03,G4,tv_swtich_source,42,4.0,131,data\raw\S03\20260514_174553_S03_G4_T042.csv,2026-05-14T17:50:12
20260514_174553,S03,G4,tv_swtich_source,43,4.0,121,data\raw\S03\20260514_174553_S03_G4_T043.csv,2026-05-14T17:50:19
20260514_174553,S03,G4,tv_swtich_source,44,4.0,121,data\raw\S03\20260514_174553_S03_G4_T044.csv,2026-05-14T17:50:25
20260514_174553,S03,G4,tv_swtich_source,45,4.0,126,data\raw\S03\20260514_174553_S03_G4_T045.csv,2026-05-14T17:50:31
20260514_174553,S03,G4,tv_swtich_source,46,4.0,126,data\raw\S03\20260514_174553_S03_G4_T046.csv,2026-05-14T17:50:37
20260514_174553,S03,G4,tv_swtich_source,47,4.0,119,data\raw\S03\20260514_174553_S03_G4_T047.csv,2026-05-14T17:50:44
20260514_174553,S03,G4,tv_swtich_source,48,4.0,125,data\raw\S03\20260514_174553_S03_G4_T048.csv,2026-05-14T17:50:50
20260514_174553,S03,G4,tv_swtich_source,49,4.0,122,data\raw\S03\20260514_174553_S03_G4_T049.csv,2026-05-14T17:50:56
20260514_174553,S03,G4,tv_swtich_source,50,4.0,124,data\raw\S03\20260514_174553_S03_G4_T050.csv,2026-05-14T17:51:02
20260514_175417,S03,G5,tv_channel_up,1,4.0,125,data\raw\S03\20260514_175417_S03_G5_T001.csv,2026-05-14T17:54:23
20260514_175417,S03,G5,tv_channel_up,2,4.0,123,data\raw\S03\20260514_175417_S03_G5_T002.csv,2026-05-14T17:54:30
20260514_175417,S03,G5,tv_channel_up,3,4.0,115,data\raw\S03\20260514_175417_S03_G5_T003.csv,2026-05-14T17:54:36
20260514_175417,S03,G5,tv_channel_up,4,4.0,116,data\raw\S03\20260514_175417_S03_G5_T004.csv,2026-05-14T17:54:42
20260514_175417,S03,G5,tv_channel_up,5,4.0,128,data\raw\S03\20260514_175417_S03_G5_T005.csv,2026-05-14T17:54:48
20260514_175417,S03,G5,tv_channel_up,6,4.0,114,data\raw\S03\20260514_175417_S03_G5_T006.csv,2026-05-14T17:54:54
20260514_175417,S03,G5,tv_channel_up,7,4.0,119,data\raw\S03\20260514_175417_S03_G5_T007.csv,2026-05-14T17:55:00
20260514_175417,S03,G5,tv_channel_up,8,4.0,119,data\raw\S03\20260514_175417_S03_G5_T008.csv,2026-05-14T17:55:06
20260514_175417,S03,G5,tv_channel_up,9,4.0,114,data\raw\S03\20260514_175417_S03_G5_T009.csv,2026-05-14T17:55:13
20260514_175417,S03,G5,tv_channel_up,10,4.0,113,data\raw\S03\20260514_175417_S03_G5_T010.csv,2026-05-14T17:55:19
20260514_175417,S03,G5,tv_channel_up,11,4.0,124,data\raw\S03\20260514_175417_S03_G5_T011.csv,2026-05-14T17:55:25
20260514_175417,S03,G5,tv_channel_up,12,4.0,123,data\raw\S03\20260514_175417_S03_G5_T012.csv,2026-05-14T17:55:31
20260514_175417,S03,G5,tv_channel_up,13,4.0,118,data\raw\S03\20260514_175417_S03_G5_T013.csv,2026-05-14T17:55:37
20260514_175417,S03,G5,tv_channel_up,14,4.0,122,data\raw\S03\20260514_175417_S03_G5_T014.csv,2026-05-14T17:55:43
20260514_175417,S03,G5,tv_channel_up,15,4.0,124,data\raw\S03\20260514_175417_S03_G5_T015.csv,2026-05-14T17:55:50
20260514_175417,S03,G5,tv_channel_up,16,4.0,130,data\raw\S03\20260514_175417_S03_G5_T016.csv,2026-05-14T17:55:56
20260514_175417,S03,G5,tv_channel_up,17,4.0,122,data\raw\S03\20260514_175417_S03_G5_T017.csv,2026-05-14T17:56:02
20260514_175417,S03,G5,tv_channel_up,18,4.0,123,data\raw\S03\20260514_175417_S03_G5_T018.csv,2026-05-14T17:56:08
20260514_175417,S03,G5,tv_channel_up,19,4.0,122,data\raw\S03\20260514_175417_S03_G5_T019.csv,2026-05-14T17:56:15
20260514_175417,S03,G5,tv_channel_up,20,4.0,114,data\raw\S03\20260514_175417_S03_G5_T020.csv,2026-05-14T17:56:21
20260514_175417,S03,G5,tv_channel_up,21,4.0,123,data\raw\S03\20260514_175417_S03_G5_T021.csv,2026-05-14T17:56:27
20260514_175417,S03,G5,tv_channel_up,22,4.0,121,data\raw\S03\20260514_175417_S03_G5_T022.csv,2026-05-14T17:56:33
20260514_175417,S03,G5,tv_channel_up,23,4.0,122,data\raw\S03\20260514_175417_S03_G5_T023.csv,2026-05-14T17:56:39
20260514_175417,S03,G5,tv_channel_up,24,4.0,123,data\raw\S03\20260514_175417_S03_G5_T024.csv,2026-05-14T17:56:45
20260514_175417,S03,G5,tv_channel_up,25,4.0,126,data\raw\S03\20260514_175417_S03_G5_T025.csv,2026-05-14T17:56:52
20260514_175417,S03,G5,tv_channel_up,26,4.0,120,data\raw\S03\20260514_175417_S03_G5_T026.csv,2026-05-14T17:56:58
20260514_175417,S03,G5,tv_channel_up,27,4.0,126,data\raw\S03\20260514_175417_S03_G5_T027.csv,2026-05-14T17:57:04
20260514_175417,S03,G5,tv_channel_up,28,4.0,113,data\raw\S03\20260514_175417_S03_G5_T028.csv,2026-05-14T17:57:10
20260514_175417,S03,G5,tv_channel_up,29,4.0,120,data\raw\S03\20260514_175417_S03_G5_T029.csv,2026-05-14T17:57:16
20260514_175417,S03,G5,tv_channel_up,30,4.0,123,data\raw\S03\20260514_175417_S03_G5_T030.csv,2026-05-14T17:57:23
20260514_175417,S03,G5,tv_channel_up,31,4.0,119,data\raw\S03\20260514_175417_S03_G5_T031.csv,2026-05-14T17:57:29
20260514_175417,S03,G5,tv_channel_up,32,4.0,112,data\raw\S03\20260514_175417_S03_G5_T032.csv,2026-05-14T17:57:35
20260514_175417,S03,G5,tv_channel_up,33,4.0,120,data\raw\S03\20260514_175417_S03_G5_T033.csv,2026-05-14T17:57:41
20260514_175417,S03,G5,tv_channel_up,34,4.0,119,data\raw\S03\20260514_175417_S03_G5_T034.csv,2026-05-14T17:57:48
20260514_175417,S03,G5,tv_channel_up,35,4.0,118,data\raw\S03\20260514_175417_S03_G5_T035.csv,2026-05-14T17:57:54
20260514_175417,S03,G5,tv_channel_up,36,4.0,124,data\raw\S03\20260514_175417_S03_G5_T036.csv,2026-05-14T17:58:00
20260514_175417,S03,G5,tv_channel_up,37,4.0,118,data\raw\S03\20260514_175417_S03_G5_T037.csv,2026-05-14T17:58:06
20260514_175417,S03,G5,tv_channel_up,38,4.0,116,data\raw\S03\20260514_175417_S03_G5_T038.csv,2026-05-14T17:58:12
20260514_175417,S03,G5,tv_channel_up,39,4.0,121,data\raw\S03\20260514_175417_S03_G5_T039.csv,2026-05-14T17:58:19
20260514_175417,S03,G5,tv_channel_up,40,4.0,114,data\raw\S03\20260514_175417_S03_G5_T040.csv,2026-05-14T17:58:25
20260514_175417,S03,G5,tv_channel_up,41,4.0,122,data\raw\S03\20260514_175417_S03_G5_T041.csv,2026-05-14T17:58:31
20260514_175417,S03,G5,tv_channel_up,42,4.0,119,data\raw\S03\20260514_175417_S03_G5_T042.csv,2026-05-14T17:58:37
20260514_175417,S03,G5,tv_channel_up,43,4.0,124,data\raw\S03\20260514_175417_S03_G5_T043.csv,2026-05-14T17:58:43
20260514_175417,S03,G5,tv_channel_up,44,4.0,124,data\raw\S03\20260514_175417_S03_G5_T044.csv,2026-05-14T17:58:49
20260514_175417,S03,G5,tv_channel_up,45,4.0,121,data\raw\S03\20260514_175417_S03_G5_T045.csv,2026-05-14T17:58:56
20260514_175417,S03,G5,tv_channel_up,46,4.0,116,data\raw\S03\20260514_175417_S03_G5_T046.csv,2026-05-14T17:59:02
20260514_175417,S03,G5,tv_channel_up,47,4.0,111,data\raw\S03\20260514_175417_S03_G5_T047.csv,2026-05-14T17:59:08
20260514_175417,S03,G5,tv_channel_up,48,4.0,123,data\raw\S03\20260514_175417_S03_G5_T048.csv,2026-05-14T17:59:14
20260514_175417,S03,G5,tv_channel_up,49,4.0,112,data\raw\S03\20260514_175417_S03_G5_T049.csv,2026-05-14T17:59:20
20260514_175417,S03,G5,tv_channel_up,50,4.0,109,data\raw\S03\20260514_175417_S03_G5_T050.csv,2026-05-14T17:59:26
20260514_214705,S05,G1,star_first,1,4.0,109,data\raw\S05\20260514_214705_S05_G1_T001.csv,2026-05-14T21:47:12
20260514_214705,S05,G1,star_first,2,4.0,115,data\raw\S05\20260514_214705_S05_G1_T002.csv,2026-05-14T21:47:18
20260514_214705,S05,G1,star_first,3,4.0,115,data\raw\S05\20260514_214705_S05_G1_T003.csv,2026-05-14T21:47:24
20260514_214705,S05,G1,star_first,4,4.0,120,data\raw\S05\20260514_214705_S05_G1_T004.csv,2026-05-14T21:47:30
20260514_214705,S05,G1,star_first,5,4.0,111,data\raw\S05\20260514_214705_S05_G1_T005.csv,2026-05-14T21:47:36
20260514_214705,S05,G1,star_first,6,4.0,122,data\raw\S05\20260514_214705_S05_G1_T006.csv,2026-05-14T21:47:42
20260514_214705,S05,G1,star_first,7,4.0,123,data\raw\S05\20260514_214705_S05_G1_T007.csv,2026-05-14T21:47:49
20260514_214705,S05,G1,star_first,8,4.0,114,data\raw\S05\20260514_214705_S05_G1_T008.csv,2026-05-14T21:47:55
20260514_214705,S05,G1,star_first,9,4.0,110,data\raw\S05\20260514_214705_S05_G1_T009.csv,2026-05-14T21:48:01
20260514_214705,S05,G1,star_first,10,4.0,123,data\raw\S05\20260514_214705_S05_G1_T010.csv,2026-05-14T21:48:07
20260514_214705,S05,G1,star_first,11,4.0,118,data\raw\S05\20260514_214705_S05_G1_T011.csv,2026-05-14T21:48:13
20260514_214705,S05,G1,star_first,12,4.0,114,data\raw\S05\20260514_214705_S05_G1_T012.csv,2026-05-14T21:48:20
20260514_214705,S05,G1,star_first,13,4.0,111,data\raw\S05\20260514_214705_S05_G1_T013.csv,2026-05-14T21:48:26
20260514_214705,S05,G1,star_first,14,4.0,117,data\raw\S05\20260514_214705_S05_G1_T014.csv,2026-05-14T21:48:32
20260514_214705,S05,G1,star_first,15,4.0,111,data\raw\S05\20260514_214705_S05_G1_T015.csv,2026-05-14T21:48:38
20260514_214705,S05,G1,star_first,16,4.0,111,data\raw\S05\20260514_214705_S05_G1_T016.csv,2026-05-14T21:48:44
20260514_214705,S05,G1,star_first,17,4.0,116,data\raw\S05\20260514_214705_S05_G1_T017.csv,2026-05-14T21:48:51
20260514_214705,S05,G1,star_first,18,4.0,120,data\raw\S05\20260514_214705_S05_G1_T018.csv,2026-05-14T21:48:57
20260514_214705,S05,G1,star_first,19,4.0,115,data\raw\S05\20260514_214705_S05_G1_T019.csv,2026-05-14T21:49:03
20260514_214705,S05,G1,star_first,20,4.0,111,data\raw\S05\20260514_214705_S05_G1_T020.csv,2026-05-14T21:49:09
20260514_214705,S05,G1,star_first,21,4.0,111,data\raw\S05\20260514_214705_S05_G1_T021.csv,2026-05-14T21:49:15
20260514_214705,S05,G1,star_first,22,4.0,109,data\raw\S05\20260514_214705_S05_G1_T022.csv,2026-05-14T21:49:21
20260514_214705,S05,G1,star_first,23,4.0,110,data\raw\S05\20260514_214705_S05_G1_T023.csv,2026-05-14T21:49:27
20260514_214705,S05,G1,star_first,24,4.0,114,data\raw\S05\20260514_214705_S05_G1_T024.csv,2026-05-14T21:49:34
20260514_214705,S05,G1,star_first,25,4.0,115,data\raw\S05\20260514_214705_S05_G1_T025.csv,2026-05-14T21:49:40
20260514_214705,S05,G1,star_first,26,4.0,108,data\raw\S05\20260514_214705_S05_G1_T026.csv,2026-05-14T21:49:46
20260514_214705,S05,G1,star_first,27,4.0,105,data\raw\S05\20260514_214705_S05_G1_T027.csv,2026-05-14T21:49:52
20260514_214705,S05,G1,star_first,28,4.0,112,data\raw\S05\20260514_214705_S05_G1_T028.csv,2026-05-14T21:49:59
20260514_214705,S05,G1,star_first,29,4.0,102,data\raw\S05\20260514_214705_S05_G1_T029.csv,2026-05-14T21:50:05
20260514_214705,S05,G1,star_first,30,4.0,104,data\raw\S05\20260514_214705_S05_G1_T030.csv,2026-05-14T21:50:11
20260514_215143,S05,G2,select_wrist_rotate,1,4.0,117,data\raw\S05\20260514_215143_S05_G2_T001.csv,2026-05-14T21:51:49
20260514_215143,S05,G2,select_wrist_rotate,2,4.0,113,data\raw\S05\20260514_215143_S05_G2_T002.csv,2026-05-14T21:51:54
20260514_215143,S05,G2,select_wrist_rotate,3,4.0,109,data\raw\S05\20260514_215143_S05_G2_T003.csv,2026-05-14T21:51:59
20260514_215143,S05,G2,select_wrist_rotate,4,4.0,108,data\raw\S05\20260514_215143_S05_G2_T004.csv,2026-05-14T21:52:04
20260514_215143,S05,G2,select_wrist_rotate,5,4.0,107,data\raw\S05\20260514_215143_S05_G2_T005.csv,2026-05-14T21:52:09
20260514_215143,S05,G2,select_wrist_rotate,6,4.0,98,data\raw\S05\20260514_215143_S05_G2_T006.csv,2026-05-14T21:52:14
20260514_215143,S05,G2,select_wrist_rotate,7,4.0,113,data\raw\S05\20260514_215143_S05_G2_T007.csv,2026-05-14T21:52:20
20260514_215143,S05,G2,select_wrist_rotate,8,4.0,110,data\raw\S05\20260514_215143_S05_G2_T008.csv,2026-05-14T21:52:25
20260514_215143,S05,G2,select_wrist_rotate,9,4.0,114,data\raw\S05\20260514_215143_S05_G2_T009.csv,2026-05-14T21:52:30
20260514_215143,S05,G2,select_wrist_rotate,10,4.0,114,data\raw\S05\20260514_215143_S05_G2_T010.csv,2026-05-14T21:52:35
20260514_215143,S05,G2,select_wrist_rotate,11,4.0,107,data\raw\S05\20260514_215143_S05_G2_T011.csv,2026-05-14T21:52:40
20260514_215143,S05,G2,select_wrist_rotate,12,4.0,109,data\raw\S05\20260514_215143_S05_G2_T012.csv,2026-05-14T21:52:45
20260514_215143,S05,G2,select_wrist_rotate,13,4.0,110,data\raw\S05\20260514_215143_S05_G2_T013.csv,2026-05-14T21:52:51
20260514_215143,S05,G2,select_wrist_rotate,14,4.0,111,data\raw\S05\20260514_215143_S05_G2_T014.csv,2026-05-14T21:52:56
20260514_215143,S05,G2,select_wrist_rotate,15,4.0,109,data\raw\S05\20260514_215143_S05_G2_T015.csv,2026-05-14T21:53:01
20260514_215143,S05,G2,select_wrist_rotate,16,4.0,109,data\raw\S05\20260514_215143_S05_G2_T016.csv,2026-05-14T21:53:06
20260514_215143,S05,G2,select_wrist_rotate,17,4.0,115,data\raw\S05\20260514_215143_S05_G2_T017.csv,2026-05-14T21:53:11
20260514_215143,S05,G2,select_wrist_rotate,18,4.0,114,data\raw\S05\20260514_215143_S05_G2_T018.csv,2026-05-14T21:53:16
20260514_215143,S05,G2,select_wrist_rotate,19,4.0,117,data\raw\S05\20260514_215143_S05_G2_T019.csv,2026-05-14T21:53:22
20260514_215143,S05,G2,select_wrist_rotate,20,4.0,90,data\raw\S05\20260514_215143_S05_G2_T020.csv,2026-05-14T21:53:27
20260514_215143,S05,G2,select_wrist_rotate,21,4.0,92,data\raw\S05\20260514_215143_S05_G2_T021.csv,2026-05-14T21:53:32
20260514_215143,S05,G2,select_wrist_rotate,22,4.0,98,data\raw\S05\20260514_215143_S05_G2_T022.csv,2026-05-14T21:53:37
20260514_215143,S05,G2,select_wrist_rotate,23,4.0,87,data\raw\S05\20260514_215143_S05_G2_T023.csv,2026-05-14T21:53:42
20260514_215143,S05,G2,select_wrist_rotate,24,4.0,100,data\raw\S05\20260514_215143_S05_G2_T024.csv,2026-05-14T21:53:47
20260514_215143,S05,G2,select_wrist_rotate,25,4.0,104,data\raw\S05\20260514_215143_S05_G2_T025.csv,2026-05-14T21:53:53
20260514_215143,S05,G2,select_wrist_rotate,26,4.0,110,data\raw\S05\20260514_215143_S05_G2_T026.csv,2026-05-14T21:53:58
20260514_215143,S05,G2,select_wrist_rotate,27,4.0,105,data\raw\S05\20260514_215143_S05_G2_T027.csv,2026-05-14T21:54:03
20260514_215143,S05,G2,select_wrist_rotate,28,4.0,103,data\raw\S05\20260514_215143_S05_G2_T028.csv,2026-05-14T21:54:09
20260514_215143,S05,G2,select_wrist_rotate,29,4.0,95,data\raw\S05\20260514_215143_S05_G2_T029.csv,2026-05-14T21:54:14
20260514_215143,S05,G2,select_wrist_rotate,30,4.0,94,data\raw\S05\20260514_215143_S05_G2_T030.csv,2026-05-14T21:54:19
20260514_215643,S05,G3,tv_favorite_chanel,1,4.0,117,data\raw\S05\20260514_215643_S05_G3_T001.csv,2026-05-14T21:56:48
20260514_215643,S05,G3,tv_favorite_chanel,2,4.0,111,data\raw\S05\20260514_215643_S05_G3_T002.csv,2026-05-14T21:56:53
20260514_215643,S05,G3,tv_favorite_chanel,3,4.0,111,data\raw\S05\20260514_215643_S05_G3_T003.csv,2026-05-14T21:56:59
20260514_215643,S05,G3,tv_favorite_chanel,4,4.0,109,data\raw\S05\20260514_215643_S05_G3_T004.csv,2026-05-14T21:57:04
20260514_215643,S05,G3,tv_favorite_chanel,5,4.0,110,data\raw\S05\20260514_215643_S05_G3_T005.csv,2026-05-14T21:57:09
20260514_215643,S05,G3,tv_favorite_chanel,6,4.0,111,data\raw\S05\20260514_215643_S05_G3_T006.csv,2026-05-14T21:57:14
20260514_215643,S05,G3,tv_favorite_chanel,7,4.0,111,data\raw\S05\20260514_215643_S05_G3_T007.csv,2026-05-14T21:57:19
20260514_215643,S05,G3,tv_favorite_chanel,8,4.0,112,data\raw\S05\20260514_215643_S05_G3_T008.csv,2026-05-14T21:57:25
20260514_215643,S05,G3,tv_favorite_chanel,9,4.0,109,data\raw\S05\20260514_215643_S05_G3_T009.csv,2026-05-14T21:57:30
20260514_215643,S05,G3,tv_favorite_chanel,10,4.0,113,data\raw\S05\20260514_215643_S05_G3_T010.csv,2026-05-14T21:57:35
20260514_215643,S05,G3,tv_favorite_chanel,11,4.0,120,data\raw\S05\20260514_215643_S05_G3_T011.csv,2026-05-14T21:57:40
20260514_215643,S05,G3,tv_favorite_chanel,12,4.0,119,data\raw\S05\20260514_215643_S05_G3_T012.csv,2026-05-14T21:57:45
20260514_215643,S05,G3,tv_favorite_chanel,13,4.0,109,data\raw\S05\20260514_215643_S05_G3_T013.csv,2026-05-14T21:57:51
20260514_215643,S05,G3,tv_favorite_chanel,14,4.0,109,data\raw\S05\20260514_215643_S05_G3_T014.csv,2026-05-14T21:57:56
20260514_215643,S05,G3,tv_favorite_chanel,15,4.0,112,data\raw\S05\20260514_215643_S05_G3_T015.csv,2026-05-14T21:58:01
20260514_215643,S05,G3,tv_favorite_chanel,16,4.0,111,data\raw\S05\20260514_215643_S05_G3_T016.csv,2026-05-14T21:58:06
20260514_215643,S05,G3,tv_favorite_chanel,17,4.0,114,data\raw\S05\20260514_215643_S05_G3_T017.csv,2026-05-14T21:58:11
20260514_215643,S05,G3,tv_favorite_chanel,18,4.0,109,data\raw\S05\20260514_215643_S05_G3_T018.csv,2026-05-14T21:58:16
20260514_215643,S05,G3,tv_favorite_chanel,19,4.0,108,data\raw\S05\20260514_215643_S05_G3_T019.csv,2026-05-14T21:58:22
20260514_215643,S05,G3,tv_favorite_chanel,20,4.0,112,data\raw\S05\20260514_215643_S05_G3_T020.csv,2026-05-14T21:58:27
20260514_215643,S05,G3,tv_favorite_chanel,21,4.0,109,data\raw\S05\20260514_215643_S05_G3_T021.csv,2026-05-14T21:58:32
20260514_215643,S05,G3,tv_favorite_chanel,22,4.0,106,data\raw\S05\20260514_215643_S05_G3_T022.csv,2026-05-14T21:58:37
20260514_215643,S05,G3,tv_favorite_chanel,23,4.0,107,data\raw\S05\20260514_215643_S05_G3_T023.csv,2026-05-14T21:58:42
20260514_215643,S05,G3,tv_favorite_chanel,24,4.0,111,data\raw\S05\20260514_215643_S05_G3_T024.csv,2026-05-14T21:58:47
20260514_215643,S05,G3,tv_favorite_chanel,25,4.0,113,data\raw\S05\20260514_215643_S05_G3_T025.csv,2026-05-14T21:58:53
20260514_215643,S05,G3,tv_favorite_chanel,26,4.0,110,data\raw\S05\20260514_215643_S05_G3_T026.csv,2026-05-14T21:58:58
20260514_215643,S05,G3,tv_favorite_chanel,27,4.0,116,data\raw\S05\20260514_215643_S05_G3_T027.csv,2026-05-14T21:59:03
20260514_215643,S05,G3,tv_favorite_chanel,28,4.0,119,data\raw\S05\20260514_215643_S05_G3_T028.csv,2026-05-14T21:59:08
20260514_215643,S05,G3,tv_favorite_chanel,29,4.0,110,data\raw\S05\20260514_215643_S05_G3_T029.csv,2026-05-14T21:59:13
20260514_215643,S05,G3,tv_favorite_chanel,30,4.0,105,data\raw\S05\20260514_215643_S05_G3_T030.csv,2026-05-14T21:59:19
20260514_215643,S05,G3,tv_favorite_chanel,31,4.0,110,data\raw\S05\20260514_215643_S05_G3_T031.csv,2026-05-14T21:59:24
20260514_215643,S05,G3,tv_favorite_chanel,32,4.0,111,data\raw\S05\20260514_215643_S05_G3_T032.csv,2026-05-14T21:59:29
20260514_215643,S05,G3,tv_favorite_chanel,33,4.0,99,data\raw\S05\20260514_215643_S05_G3_T033.csv,2026-05-14T21:59:34
20260514_215643,S05,G3,tv_favorite_chanel,34,4.0,103,data\raw\S05\20260514_215643_S05_G3_T034.csv,2026-05-14T21:59:39
20260514_215643,S05,G3,tv_favorite_chanel,35,4.0,102,data\raw\S05\20260514_215643_S05_G3_T035.csv,2026-05-14T21:59:44
20260514_215643,S05,G3,tv_favorite_chanel,36,4.0,107,data\raw\S05\20260514_215643_S05_G3_T036.csv,2026-05-14T21:59:50
20260514_215643,S05,G3,tv_favorite_chanel,37,4.0,103,data\raw\S05\20260514_215643_S05_G3_T037.csv,2026-05-14T21:59:55
20260514_215643,S05,G3,tv_favorite_chanel,38,4.0,109,data\raw\S05\20260514_215643_S05_G3_T038.csv,2026-05-14T22:00:00
20260514_215643,S05,G3,tv_favorite_chanel,39,4.0,106,data\raw\S05\20260514_215643_S05_G3_T039.csv,2026-05-14T22:00:05
20260514_215643,S05,G3,tv_favorite_chanel,40,4.0,77,data\raw\S05\20260514_215643_S05_G3_T040.csv,2026-05-14T22:00:10
20260514_220107,S05,G4,tv_swtich_source,1,4.0,117,data\raw\S05\20260514_220107_S05_G4_T001.csv,2026-05-14T22:01:12
20260514_220107,S05,G4,tv_swtich_source,2,4.0,112,data\raw\S05\20260514_220107_S05_G4_T002.csv,2026-05-14T22:01:17
20260514_220107,S05,G4,tv_swtich_source,3,4.0,114,data\raw\S05\20260514_220107_S05_G4_T003.csv,2026-05-14T22:01:22
20260514_220107,S05,G4,tv_swtich_source,4,4.0,108,data\raw\S05\20260514_220107_S05_G4_T004.csv,2026-05-14T22:01:28
20260514_220107,S05,G4,tv_swtich_source,5,4.0,107,data\raw\S05\20260514_220107_S05_G4_T005.csv,2026-05-14T22:01:33
20260514_220107,S05,G4,tv_swtich_source,6,4.0,108,data\raw\S05\20260514_220107_S05_G4_T006.csv,2026-05-14T22:01:38
20260514_220107,S05,G4,tv_swtich_source,7,4.0,112,data\raw\S05\20260514_220107_S05_G4_T007.csv,2026-05-14T22:01:43
20260514_220107,S05,G4,tv_swtich_source,8,4.0,109,data\raw\S05\20260514_220107_S05_G4_T008.csv,2026-05-14T22:01:49
20260514_220107,S05,G4,tv_swtich_source,9,4.0,105,data\raw\S05\20260514_220107_S05_G4_T009.csv,2026-05-14T22:01:54
20260514_220107,S05,G4,tv_swtich_source,10,4.0,107,data\raw\S05\20260514_220107_S05_G4_T010.csv,2026-05-14T22:01:59
20260514_220107,S05,G4,tv_swtich_source,11,4.0,107,data\raw\S05\20260514_220107_S05_G4_T011.csv,2026-05-14T22:02:04
20260514_220107,S05,G4,tv_swtich_source,12,4.0,115,data\raw\S05\20260514_220107_S05_G4_T012.csv,2026-05-14T22:02:09
20260514_220107,S05,G4,tv_swtich_source,13,4.0,112,data\raw\S05\20260514_220107_S05_G4_T013.csv,2026-05-14T22:02:14
20260514_220107,S05,G4,tv_swtich_source,14,4.0,110,data\raw\S05\20260514_220107_S05_G4_T014.csv,2026-05-14T22:02:19
20260514_220107,S05,G4,tv_swtich_source,15,4.0,111,data\raw\S05\20260514_220107_S05_G4_T015.csv,2026-05-14T22:02:25
20260514_220107,S05,G4,tv_swtich_source,16,4.0,112,data\raw\S05\20260514_220107_S05_G4_T016.csv,2026-05-14T22:02:30
20260514_220107,S05,G4,tv_swtich_source,17,4.0,114,data\raw\S05\20260514_220107_S05_G4_T017.csv,2026-05-14T22:02:35
20260514_220107,S05,G4,tv_swtich_source,18,4.0,110,data\raw\S05\20260514_220107_S05_G4_T018.csv,2026-05-14T22:02:40
20260514_220107,S05,G4,tv_swtich_source,19,4.0,110,data\raw\S05\20260514_220107_S05_G4_T019.csv,2026-05-14T22:02:46
20260514_220107,S05,G4,tv_swtich_source,20,4.0,109,data\raw\S05\20260514_220107_S05_G4_T020.csv,2026-05-14T22:02:51
20260514_220107,S05,G4,tv_swtich_source,21,4.0,108,data\raw\S05\20260514_220107_S05_G4_T021.csv,2026-05-14T22:02:56
20260514_220107,S05,G4,tv_swtich_source,22,4.0,111,data\raw\S05\20260514_220107_S05_G4_T022.csv,2026-05-14T22:03:01
20260514_220107,S05,G4,tv_swtich_source,23,4.0,111,data\raw\S05\20260514_220107_S05_G4_T023.csv,2026-05-14T22:03:06
20260514_220107,S05,G4,tv_swtich_source,24,4.0,103,data\raw\S05\20260514_220107_S05_G4_T024.csv,2026-05-14T22:03:12
20260514_220107,S05,G4,tv_swtich_source,25,4.0,108,data\raw\S05\20260514_220107_S05_G4_T025.csv,2026-05-14T22:03:17
20260514_220107,S05,G4,tv_swtich_source,26,4.0,84,data\raw\S05\20260514_220107_S05_G4_T026.csv,2026-05-14T22:03:22
20260514_220107,S05,G4,tv_swtich_source,27,4.0,103,data\raw\S05\20260514_220107_S05_G4_T027.csv,2026-05-14T22:03:27
20260514_220107,S05,G4,tv_swtich_source,28,4.0,103,data\raw\S05\20260514_220107_S05_G4_T028.csv,2026-05-14T22:03:32
20260514_220107,S05,G4,tv_swtich_source,29,4.0,105,data\raw\S05\20260514_220107_S05_G4_T029.csv,2026-05-14T22:03:38
20260514_220107,S05,G4,tv_swtich_source,30,4.0,105,data\raw\S05\20260514_220107_S05_G4_T030.csv,2026-05-14T22:03:43
20260514_220107,S05,G4,tv_swtich_source,31,4.0,104,data\raw\S05\20260514_220107_S05_G4_T031.csv,2026-05-14T22:03:48
20260514_220107,S05,G4,tv_swtich_source,32,4.0,106,data\raw\S05\20260514_220107_S05_G4_T032.csv,2026-05-14T22:03:53
20260514_220107,S05,G4,tv_swtich_source,33,4.0,106,data\raw\S05\20260514_220107_S05_G4_T033.csv,2026-05-14T22:03:58
20260514_220107,S05,G4,tv_swtich_source,34,4.0,100,data\raw\S05\20260514_220107_S05_G4_T034.csv,2026-05-14T22:04:03
20260514_220107,S05,G4,tv_swtich_source,35,4.0,99,data\raw\S05\20260514_220107_S05_G4_T035.csv,2026-05-14T22:04:09
20260514_220107,S05,G4,tv_swtich_source,36,4.0,97,data\raw\S05\20260514_220107_S05_G4_T036.csv,2026-05-14T22:04:14
20260514_220107,S05,G4,tv_swtich_source,37,4.0,103,data\raw\S05\20260514_220107_S05_G4_T037.csv,2026-05-14T22:04:19
20260514_220107,S05,G4,tv_swtich_source,38,4.0,103,data\raw\S05\20260514_220107_S05_G4_T038.csv,2026-05-14T22:04:24
20260514_220107,S05,G4,tv_swtich_source,39,4.0,106,data\raw\S05\20260514_220107_S05_G4_T039.csv,2026-05-14T22:04:30
20260514_220107,S05,G4,tv_swtich_source,40,4.0,105,data\raw\S05\20260514_220107_S05_G4_T040.csv,2026-05-14T22:04:35
20260514_220536,S05,G5,tv_channel_up,1,4.0,112,data\raw\S05\20260514_220536_S05_G5_T001.csv,2026-05-14T22:05:41
20260514_220536,S05,G5,tv_channel_up,2,4.0,111,data\raw\S05\20260514_220536_S05_G5_T002.csv,2026-05-14T22:05:47
20260514_220536,S05,G5,tv_channel_up,3,4.0,119,data\raw\S05\20260514_220536_S05_G5_T003.csv,2026-05-14T22:05:52
20260514_220536,S05,G5,tv_channel_up,4,4.0,113,data\raw\S05\20260514_220536_S05_G5_T004.csv,2026-05-14T22:05:57
20260514_220536,S05,G5,tv_channel_up,5,4.0,116,data\raw\S05\20260514_220536_S05_G5_T005.csv,2026-05-14T22:06:02
20260514_220536,S05,G5,tv_channel_up,6,4.0,107,data\raw\S05\20260514_220536_S05_G5_T006.csv,2026-05-14T22:06:07
20260514_220536,S05,G5,tv_channel_up,7,4.0,107,data\raw\S05\20260514_220536_S05_G5_T007.csv,2026-05-14T22:06:13
20260514_220536,S05,G5,tv_channel_up,8,4.0,112,data\raw\S05\20260514_220536_S05_G5_T008.csv,2026-05-14T22:06:18
20260514_220536,S05,G5,tv_channel_up,9,4.0,110,data\raw\S05\20260514_220536_S05_G5_T009.csv,2026-05-14T22:06:23
20260514_220536,S05,G5,tv_channel_up,10,4.0,114,data\raw\S05\20260514_220536_S05_G5_T010.csv,2026-05-14T22:06:28
20260514_220536,S05,G5,tv_channel_up,11,4.0,116,data\raw\S05\20260514_220536_S05_G5_T011.csv,2026-05-14T22:06:33
20260514_220536,S05,G5,tv_channel_up,12,4.0,108,data\raw\S05\20260514_220536_S05_G5_T012.csv,2026-05-14T22:06:39
20260514_220536,S05,G5,tv_channel_up,13,4.0,109,data\raw\S05\20260514_220536_S05_G5_T013.csv,2026-05-14T22:06:44
20260514_220536,S05,G5,tv_channel_up,14,4.0,108,data\raw\S05\20260514_220536_S05_G5_T014.csv,2026-05-14T22:06:49
20260514_220536,S05,G5,tv_channel_up,15,4.0,106,data\raw\S05\20260514_220536_S05_G5_T015.csv,2026-05-14T22:06:54
20260514_220536,S05,G5,tv_channel_up,16,4.0,116,data\raw\S05\20260514_220536_S05_G5_T016.csv,2026-05-14T22:06:59
20260514_220536,S05,G5,tv_channel_up,17,4.0,112,data\raw\S05\20260514_220536_S05_G5_T017.csv,2026-05-14T22:07:05
20260514_220536,S05,G5,tv_channel_up,18,4.0,107,data\raw\S05\20260514_220536_S05_G5_T018.csv,2026-05-14T22:07:10
20260514_220536,S05,G5,tv_channel_up,19,4.0,107,data\raw\S05\20260514_220536_S05_G5_T019.csv,2026-05-14T22:07:15
20260514_220536,S05,G5,tv_channel_up,20,4.0,110,data\raw\S05\20260514_220536_S05_G5_T020.csv,2026-05-14T22:07:20
20260514_220536,S05,G5,tv_channel_up,21,4.0,103,data\raw\S05\20260514_220536_S05_G5_T021.csv,2026-05-14T22:07:25
20260514_220536,S05,G5,tv_channel_up,22,4.0,100,data\raw\S05\20260514_220536_S05_G5_T022.csv,2026-05-14T22:07:30
20260514_220536,S05,G5,tv_channel_up,23,4.0,107,data\raw\S05\20260514_220536_S05_G5_T023.csv,2026-05-14T22:07:36
20260514_220536,S05,G5,tv_channel_up,24,4.0,108,data\raw\S05\20260514_220536_S05_G5_T024.csv,2026-05-14T22:07:41
20260514_220536,S05,G5,tv_channel_up,25,4.0,87,data\raw\S05\20260514_220536_S05_G5_T025.csv,2026-05-14T22:07:46
20260514_220536,S05,G5,tv_channel_up,26,4.0,76,data\raw\S05\20260514_220536_S05_G5_T026.csv,2026-05-14T22:07:51
20260514_220536,S05,G5,tv_channel_up,27,4.0,77,data\raw\S05\20260514_220536_S05_G5_T027.csv,2026-05-14T22:07:56
20260514_220536,S05,G5,tv_channel_up,28,4.0,99,data\raw\S05\20260514_220536_S05_G5_T028.csv,2026-05-14T22:08:02
20260514_220536,S05,G5,tv_channel_up,29,4.0,85,data\raw\S05\20260514_220536_S05_G5_T029.csv,2026-05-14T22:08:07
20260514_220536,S05,G5,tv_channel_up,30,4.0,79,data\raw\S05\20260514_220536_S05_G5_T030.csv,2026-05-14T22:08:12
20260514_220536,S05,G5,tv_channel_up,31,4.0,99,data\raw\S05\20260514_220536_S05_G5_T031.csv,2026-05-14T22:08:18
20260514_220536,S05,G5,tv_channel_up,32,4.0,105,data\raw\S05\20260514_220536_S05_G5_T032.csv,2026-05-14T22:08:23
20260514_220536,S05,G5,tv_channel_up,33,4.0,102,data\raw\S05\20260514_220536_S05_G5_T033.csv,2026-05-14T22:08:28
20260514_220536,S05,G5,tv_channel_up,34,4.0,105,data\raw\S05\20260514_220536_S05_G5_T034.csv,2026-05-14T22:08:33
20260514_220536,S05,G5,tv_channel_up,35,4.0,107,data\raw\S05\20260514_220536_S05_G5_T035.csv,2026-05-14T22:08:38
20260514_220536,S05,G5,tv_channel_up,36,4.0,111,data\raw\S05\20260514_220536_S05_G5_T036.csv,2026-05-14T22:08:44
20260514_220536,S05,G5,tv_channel_up,37,4.0,108,data\raw\S05\20260514_220536_S05_G5_T037.csv,2026-05-14T22:08:49
20260514_220536,S05,G5,tv_channel_up,38,4.0,93,data\raw\S05\20260514_220536_S05_G5_T038.csv,2026-05-14T22:08:54
20260514_220536,S05,G5,tv_channel_up,39,4.0,101,data\raw\S05\20260514_220536_S05_G5_T039.csv,2026-05-14T22:08:59
20260514_220536,S05,G5,tv_channel_up,40,4.0,100,data\raw\S05\20260514_220536_S05_G5_T040.csv,2026-05-14T22:09:04
20260514_220950,S05,G6,tv_channel_down,1,4.0,109,data\raw\S05\20260514_220950_S05_G6_T001.csv,2026-05-14T22:09:55
20260514_220950,S05,G6,tv_channel_down,2,4.0,109,data\raw\S05\20260514_220950_S05_G6_T002.csv,2026-05-14T22:10:00
20260514_220950,S05,G6,tv_channel_down,3,4.0,106,data\raw\S05\20260514_220950_S05_G6_T003.csv,2026-05-14T22:10:06
20260514_220950,S05,G6,tv_channel_down,4,4.0,114,data\raw\S05\20260514_220950_S05_G6_T004.csv,2026-05-14T22:10:11
20260514_220950,S05,G6,tv_channel_down,5,4.0,111,data\raw\S05\20260514_220950_S05_G6_T005.csv,2026-05-14T22:10:16
20260514_220950,S05,G6,tv_channel_down,6,4.0,118,data\raw\S05\20260514_220950_S05_G6_T006.csv,2026-05-14T22:10:21
20260514_220950,S05,G6,tv_channel_down,7,4.0,115,data\raw\S05\20260514_220950_S05_G6_T007.csv,2026-05-14T22:10:26
20260514_220950,S05,G6,tv_channel_down,8,4.0,110,data\raw\S05\20260514_220950_S05_G6_T008.csv,2026-05-14T22:10:31
20260514_220950,S05,G6,tv_channel_down,9,4.0,107,data\raw\S05\20260514_220950_S05_G6_T009.csv,2026-05-14T22:10:36
20260514_220950,S05,G6,tv_channel_down,10,4.0,109,data\raw\S05\20260514_220950_S05_G6_T010.csv,2026-05-14T22:10:42
20260514_220950,S05,G6,tv_channel_down,11,4.0,102,data\raw\S05\20260514_220950_S05_G6_T011.csv,2026-05-14T22:10:47
20260514_220950,S05,G6,tv_channel_down,12,4.0,96,data\raw\S05\20260514_220950_S05_G6_T012.csv,2026-05-14T22:10:52
20260514_220950,S05,G6,tv_channel_down,13,4.0,96,data\raw\S05\20260514_220950_S05_G6_T013.csv,2026-05-14T22:10:57
20260514_220950,S05,G6,tv_channel_down,14,4.0,88,data\raw\S05\20260514_220950_S05_G6_T014.csv,2026-05-14T22:11:02
20260514_220950,S05,G6,tv_channel_down,15,4.0,94,data\raw\S05\20260514_220950_S05_G6_T015.csv,2026-05-14T22:11:08
20260514_220950,S05,G6,tv_channel_down,16,4.0,79,data\raw\S05\20260514_220950_S05_G6_T016.csv,2026-05-14T22:11:13
20260514_220950,S05,G6,tv_channel_down,17,4.0,69,data\raw\S05\20260514_220950_S05_G6_T017.csv,2026-05-14T22:11:18
20260514_220950,S05,G6,tv_channel_down,18,4.0,87,data\raw\S05\20260514_220950_S05_G6_T018.csv,2026-05-14T22:11:23
20260514_220950,S05,G6,tv_channel_down,19,4.0,74,data\raw\S05\20260514_220950_S05_G6_T019.csv,2026-05-14T22:11:28
20260514_220950,S05,G6,tv_channel_down,20,4.0,88,data\raw\S05\20260514_220950_S05_G6_T020.csv,2026-05-14T22:11:33
20260514_220950,S05,G6,tv_channel_down,21,4.0,87,data\raw\S05\20260514_220950_S05_G6_T021.csv,2026-05-14T22:11:39
20260514_220950,S05,G6,tv_channel_down,22,4.0,103,data\raw\S05\20260514_220950_S05_G6_T022.csv,2026-05-14T22:11:44
20260514_220950,S05,G6,tv_channel_down,23,4.0,108,data\raw\S05\20260514_220950_S05_G6_T023.csv,2026-05-14T22:11:49
20260514_220950,S05,G6,tv_channel_down,24,4.0,99,data\raw\S05\20260514_220950_S05_G6_T024.csv,2026-05-14T22:11:54
20260514_220950,S05,G6,tv_channel_down,25,4.0,103,data\raw\S05\20260514_220950_S05_G6_T025.csv,2026-05-14T22:11:59
20260514_220950,S05,G6,tv_channel_down,26,4.0,107,data\raw\S05\20260514_220950_S05_G6_T026.csv,2026-05-14T22:12:05
20260514_220950,S05,G6,tv_channel_down,27,4.0,99,data\raw\S05\20260514_220950_S05_G6_T027.csv,2026-05-14T22:12:10
20260514_220950,S05,G6,tv_channel_down,28,4.0,107,data\raw\S05\20260514_220950_S05_G6_T028.csv,2026-05-14T22:12:15
20260514_220950,S05,G6,tv_channel_down,29,4.0,109,data\raw\S05\20260514_220950_S05_G6_T029.csv,2026-05-14T22:12:20
20260514_220950,S05,G6,tv_channel_down,30,4.0,107,data\raw\S05\20260514_220950_S05_G6_T030.csv,2026-05-14T22:12:25
20260514_220950,S05,G6,tv_channel_down,31,4.0,108,data\raw\S05\20260514_220950_S05_G6_T031.csv,2026-05-14T22:12:31
20260514_220950,S05,G6,tv_channel_down,32,4.0,87,data\raw\S05\20260514_220950_S05_G6_T032.csv,2026-05-14T22:12:36
20260514_220950,S05,G6,tv_channel_down,33,4.0,97,data\raw\S05\20260514_220950_S05_G6_T033.csv,2026-05-14T22:12:41
20260514_220950,S05,G6,tv_channel_down,34,4.0,101,data\raw\S05\20260514_220950_S05_G6_T034.csv,2026-05-14T22:12:46
20260514_220950,S05,G6,tv_channel_down,35,4.0,93,data\raw\S05\20260514_220950_S05_G6_T035.csv,2026-05-14T22:12:51
20260514_220950,S05,G6,tv_channel_down,36,4.0,82,data\raw\S05\20260514_220950_S05_G6_T036.csv,2026-05-14T22:12:56
20260514_220950,S05,G6,tv_channel_down,37,4.0,104,data\raw\S05\20260514_220950_S05_G6_T037.csv,2026-05-14T22:13:02
20260514_220950,S05,G6,tv_channel_down,38,4.0,102,data\raw\S05\20260514_220950_S05_G6_T038.csv,2026-05-14T22:13:07
20260514_220950,S05,G6,tv_channel_down,39,4.0,105,data\raw\S05\20260514_220950_S05_G6_T039.csv,2026-05-14T22:13:12
20260514_220950,S05,G6,tv_channel_down,40,4.0,93,data\raw\S05\20260514_220950_S05_G6_T040.csv,2026-05-14T22:13:17
20260514_221403,S05,G7,tv_channel_down,41,4.0,122,data\raw\S05\20260514_221403_S05_G7_T041.csv,2026-05-14T22:14:08
20260514_221403,S05,G7,tv_channel_down,42,4.0,107,data\raw\S05\20260514_221403_S05_G7_T042.csv,2026-05-14T22:14:13
20260514_221403,S05,G7,tv_channel_down,43,4.0,104,data\raw\S05\20260514_221403_S05_G7_T043.csv,2026-05-14T22:14:18
20260514_221403,S05,G7,tv_channel_down,44,4.0,108,data\raw\S05\20260514_221403_S05_G7_T044.csv,2026-05-14T22:14:24
20260514_221403,S05,G7,tv_channel_down,45,4.0,112,data\raw\S05\20260514_221403_S05_G7_T045.csv,2026-05-14T22:14:29
20260514_221403,S05,G7,tv_channel_down,46,4.0,107,data\raw\S05\20260514_221403_S05_G7_T046.csv,2026-05-14T22:14:34
20260514_221403,S05,G7,tv_channel_down,47,4.0,113,data\raw\S05\20260514_221403_S05_G7_T047.csv,2026-05-14T22:14:39
20260514_221403,S05,G7,tv_channel_down,48,4.0,106,data\raw\S05\20260514_221403_S05_G7_T048.csv,2026-05-14T22:14:44
20260514_221403,S05,G7,tv_channel_down,49,4.0,111,data\raw\S05\20260514_221403_S05_G7_T049.csv,2026-05-14T22:14:50
20260514_221403,S05,G7,tv_channel_down,50,4.0,106,data\raw\S05\20260514_221403_S05_G7_T050.csv,2026-05-14T22:14:55
20260514_221403,S05,G7,tv_channel_down,51,4.0,116,data\raw\S05\20260514_221403_S05_G7_T051.csv,2026-05-14T22:15:00
20260514_221403,S05,G7,tv_channel_down,52,4.0,109,data\raw\S05\20260514_221403_S05_G7_T052.csv,2026-05-14T22:15:05
20260514_221403,S05,G7,tv_channel_down,53,4.0,107,data\raw\S05\20260514_221403_S05_G7_T053.csv,2026-05-14T22:15:10
20260514_221403,S05,G7,tv_channel_down,54,4.0,109,data\raw\S05\20260514_221403_S05_G7_T054.csv,2026-05-14T22:15:16
20260514_221403,S05,G7,tv_channel_down,55,4.0,101,data\raw\S05\20260514_221403_S05_G7_T055.csv,2026-05-14T22:15:21
20260514_221403,S05,G7,tv_channel_down,56,4.0,96,data\raw\S05\20260514_221403_S05_G7_T056.csv,2026-05-14T22:15:26
20260514_221403,S05,G7,tv_channel_down,57,4.0,91,data\raw\S05\20260514_221403_S05_G7_T057.csv,2026-05-14T22:15:31
20260514_221403,S05,G7,tv_channel_down,58,4.0,98,data\raw\S05\20260514_221403_S05_G7_T058.csv,2026-05-14T22:15:37
20260514_221403,S05,G7,tv_channel_down,59,4.0,89,data\raw\S05\20260514_221403_S05_G7_T059.csv,2026-05-14T22:15:42
20260514_221403,S05,G7,tv_channel_down,60,4.0,99,data\raw\S05\20260514_221403_S05_G7_T060.csv,2026-05-14T22:15:47
20260514_221403,S05,G7,tv_channel_down,61,4.0,104,data\raw\S05\20260514_221403_S05_G7_T061.csv,2026-05-14T22:15:53
20260514_221403,S05,G7,tv_channel_down,62,4.0,100,data\raw\S05\20260514_221403_S05_G7_T062.csv,2026-05-14T22:15:58
20260514_221403,S05,G7,tv_channel_down,63,4.0,97,data\raw\S05\20260514_221403_S05_G7_T063.csv,2026-05-14T22:16:03
20260514_221403,S05,G7,tv_channel_down,64,4.0,102,data\raw\S05\20260514_221403_S05_G7_T064.csv,2026-05-14T22:16:08
20260514_221403,S05,G7,tv_channel_down,65,4.0,103,data\raw\S05\20260514_221403_S05_G7_T065.csv,2026-05-14T22:16:13
20260514_221403,S05,G7,tv_channel_down,66,4.0,105,data\raw\S05\20260514_221403_S05_G7_T066.csv,2026-05-14T22:16:19
20260514_221403,S05,G7,tv_channel_down,67,4.0,107,data\raw\S05\20260514_221403_S05_G7_T067.csv,2026-05-14T22:16:24
20260514_221403,S05,G7,tv_channel_down,68,4.0,95,data\raw\S05\20260514_221403_S05_G7_T068.csv,2026-05-14T22:16:29
20260514_221403,S05,G7,tv_channel_down,69,4.0,103,data\raw\S05\20260514_221403_S05_G7_T069.csv,2026-05-14T22:16:34
20260514_221403,S05,G7,tv_channel_down,70,4.0,94,data\raw\S05\20260514_221403_S05_G7_T070.csv,2026-05-14T22:16:39
20260514_221403,S05,G7,tv_channel_down,71,4.0,104,data\raw\S05\20260514_221403_S05_G7_T071.csv,2026-05-14T22:16:45
20260514_221403,S05,G7,tv_channel_down,72,4.0,99,data\raw\S05\20260514_221403_S05_G7_T072.csv,2026-05-14T22:16:50
20260514_221403,S05,G7,tv_channel_down,73,4.0,105,data\raw\S05\20260514_221403_S05_G7_T073.csv,2026-05-14T22:16:55
20260514_221403,S05,G7,tv_channel_down,74,4.0,98,data\raw\S05\20260514_221403_S05_G7_T074.csv,2026-05-14T22:17:00
20260514_221403,S05,G7,tv_channel_down,75,4.0,104,data\raw\S05\20260514_221403_S05_G7_T075.csv,2026-05-14T22:17:06
20260514_221403,S05,G7,tv_channel_down,76,4.0,105,data\raw\S05\20260514_221403_S05_G7_T076.csv,2026-05-14T22:17:11
20260514_221403,S05,G7,tv_channel_down,77,4.0,96,data\raw\S05\20260514_221403_S05_G7_T077.csv,2026-05-14T22:17:16
20260514_221403,S05,G7,tv_channel_down,78,4.0,89,data\raw\S05\20260514_221403_S05_G7_T078.csv,2026-05-14T22:17:21
20260514_221403,S05,G7,tv_channel_down,79,4.0,91,data\raw\S05\20260514_221403_S05_G7_T079.csv,2026-05-14T22:17:26
20260514_221403,S05,G7,tv_channel_down,80,4.0,92,data\raw\S05\20260514_221403_S05_G7_T080.csv,2026-05-14T22:17:31
20260514_222649,S05,G8,speaker_volume_up,1,4.0,115,data\raw\S05\20260514_222649_S05_G8_T001.csv,2026-05-14T22:26:54
20260514_222649,S05,G8,speaker_volume_up,2,4.0,118,data\raw\S05\20260514_222649_S05_G8_T002.csv,2026-05-14T22:26:59
20260514_222649,S05,G8,speaker_volume_up,3,4.0,115,data\raw\S05\20260514_222649_S05_G8_T003.csv,2026-05-14T22:27:05
20260514_222649,S05,G8,speaker_volume_up,4,4.0,122,data\raw\S05\20260514_222649_S05_G8_T004.csv,2026-05-14T22:27:10
20260514_222649,S05,G8,speaker_volume_up,5,4.0,122,data\raw\S05\20260514_222649_S05_G8_T005.csv,2026-05-14T22:27:15
20260514_222649,S05,G8,speaker_volume_up,6,4.0,119,data\raw\S05\20260514_222649_S05_G8_T006.csv,2026-05-14T22:27:20
20260514_222649,S05,G8,speaker_volume_up,7,4.0,113,data\raw\S05\20260514_222649_S05_G8_T007.csv,2026-05-14T22:27:25
20260514_222649,S05,G8,speaker_volume_up,8,4.0,118,data\raw\S05\20260514_222649_S05_G8_T008.csv,2026-05-14T22:27:31
20260514_222649,S05,G8,speaker_volume_up,9,4.0,122,data\raw\S05\20260514_222649_S05_G8_T009.csv,2026-05-14T22:27:36
20260514_222649,S05,G8,speaker_volume_up,10,4.0,120,data\raw\S05\20260514_222649_S05_G8_T010.csv,2026-05-14T22:27:41
20260514_222649,S05,G8,speaker_volume_up,11,4.0,108,data\raw\S05\20260514_222649_S05_G8_T011.csv,2026-05-14T22:27:46
20260514_222649,S05,G8,speaker_volume_up,12,4.0,113,data\raw\S05\20260514_222649_S05_G8_T012.csv,2026-05-14T22:27:52
20260514_222649,S05,G8,speaker_volume_up,13,4.0,114,data\raw\S05\20260514_222649_S05_G8_T013.csv,2026-05-14T22:27:57
20260514_222649,S05,G8,speaker_volume_up,14,4.0,122,data\raw\S05\20260514_222649_S05_G8_T014.csv,2026-05-14T22:28:02
20260514_222649,S05,G8,speaker_volume_up,15,4.0,115,data\raw\S05\20260514_222649_S05_G8_T015.csv,2026-05-14T22:28:07
20260514_222649,S05,G8,speaker_volume_up,16,4.0,115,data\raw\S05\20260514_222649_S05_G8_T016.csv,2026-05-14T22:28:12
20260514_222649,S05,G8,speaker_volume_up,17,4.0,112,data\raw\S05\20260514_222649_S05_G8_T017.csv,2026-05-14T22:28:17
20260514_222649,S05,G8,speaker_volume_up,18,4.0,108,data\raw\S05\20260514_222649_S05_G8_T018.csv,2026-05-14T22:28:23
20260514_222649,S05,G8,speaker_volume_up,19,4.0,110,data\raw\S05\20260514_222649_S05_G8_T019.csv,2026-05-14T22:28:28
20260514_222649,S05,G8,speaker_volume_up,20,4.0,118,data\raw\S05\20260514_222649_S05_G8_T020.csv,2026-05-14T22:28:33
20260514_222649,S05,G8,speaker_volume_up,21,4.0,108,data\raw\S05\20260514_222649_S05_G8_T021.csv,2026-05-14T22:28:38
20260514_222649,S05,G8,speaker_volume_up,22,4.0,113,data\raw\S05\20260514_222649_S05_G8_T022.csv,2026-05-14T22:28:43
20260514_222649,S05,G8,speaker_volume_up,23,4.0,112,data\raw\S05\20260514_222649_S05_G8_T023.csv,2026-05-14T22:28:49
20260514_222649,S05,G8,speaker_volume_up,24,4.0,106,data\raw\S05\20260514_222649_S05_G8_T024.csv,2026-05-14T22:28:54
20260514_222649,S05,G8,speaker_volume_up,25,4.0,106,data\raw\S05\20260514_222649_S05_G8_T025.csv,2026-05-14T22:28:59
20260514_222649,S05,G8,speaker_volume_up,26,4.0,116,data\raw\S05\20260514_222649_S05_G8_T026.csv,2026-05-14T22:29:04
20260514_222649,S05,G8,speaker_volume_up,27,4.0,110,data\raw\S05\20260514_222649_S05_G8_T027.csv,2026-05-14T22:29:09
20260514_222649,S05,G8,speaker_volume_up,28,4.0,113,data\raw\S05\20260514_222649_S05_G8_T028.csv,2026-05-14T22:29:15
20260514_222649,S05,G8,speaker_volume_up,29,4.0,113,data\raw\S05\20260514_222649_S05_G8_T029.csv,2026-05-14T22:29:20
20260514_222649,S05,G8,speaker_volume_up,30,4.0,114,data\raw\S05\20260514_222649_S05_G8_T030.csv,2026-05-14T22:29:25
20260514_222649,S05,G8,speaker_volume_up,31,4.0,113,data\raw\S05\20260514_222649_S05_G8_T031.csv,2026-05-14T22:29:30
20260514_222649,S05,G8,speaker_volume_up,32,4.0,117,data\raw\S05\20260514_222649_S05_G8_T032.csv,2026-05-14T22:29:35
20260514_222649,S05,G8,speaker_volume_up,33,4.0,107,data\raw\S05\20260514_222649_S05_G8_T033.csv,2026-05-14T22:29:40
20260514_222649,S05,G8,speaker_volume_up,34,4.0,112,data\raw\S05\20260514_222649_S05_G8_T034.csv,2026-05-14T22:29:46
20260514_222649,S05,G8,speaker_volume_up,35,4.0,111,data\raw\S05\20260514_222649_S05_G8_T035.csv,2026-05-14T22:29:51
20260514_222649,S05,G8,speaker_volume_up,36,4.0,100,data\raw\S05\20260514_222649_S05_G8_T036.csv,2026-05-14T22:29:56
20260514_222649,S05,G8,speaker_volume_up,37,4.0,95,data\raw\S05\20260514_222649_S05_G8_T037.csv,2026-05-14T22:30:01
20260514_222649,S05,G8,speaker_volume_up,38,4.0,99,data\raw\S05\20260514_222649_S05_G8_T038.csv,2026-05-14T22:30:06
20260514_222649,S05,G8,speaker_volume_up,39,4.0,104,data\raw\S05\20260514_222649_S05_G8_T039.csv,2026-05-14T22:30:11
20260514_222649,S05,G8,speaker_volume_up,40,4.0,94,data\raw\S05\20260514_222649_S05_G8_T040.csv,2026-05-14T22:30:17
20260514_223115,S05,G9,speaker_volume_down,1,4.0,111,data\raw\S05\20260514_223115_S05_G9_T001.csv,2026-05-14T22:31:20
20260514_223115,S05,G9,speaker_volume_down,2,4.0,116,data\raw\S05\20260514_223115_S05_G9_T002.csv,2026-05-14T22:31:26
20260514_223115,S05,G9,speaker_volume_down,3,4.0,113,data\raw\S05\20260514_223115_S05_G9_T003.csv,2026-05-14T22:31:31
20260514_223115,S05,G9,speaker_volume_down,4,4.0,106,data\raw\S05\20260514_223115_S05_G9_T004.csv,2026-05-14T22:31:36
20260514_223115,S05,G9,speaker_volume_down,5,4.0,111,data\raw\S05\20260514_223115_S05_G9_T005.csv,2026-05-14T22:31:41
20260514_223115,S05,G9,speaker_volume_down,6,4.0,108,data\raw\S05\20260514_223115_S05_G9_T006.csv,2026-05-14T22:31:46
20260514_223115,S05,G9,speaker_volume_down,7,4.0,108,data\raw\S05\20260514_223115_S05_G9_T007.csv,2026-05-14T22:31:51
20260514_223115,S05,G9,speaker_volume_down,8,4.0,114,data\raw\S05\20260514_223115_S05_G9_T008.csv,2026-05-14T22:31:57
20260514_223115,S05,G9,speaker_volume_down,9,4.0,110,data\raw\S05\20260514_223115_S05_G9_T009.csv,2026-05-14T22:32:02
20260514_223115,S05,G9,speaker_volume_down,10,4.0,108,data\raw\S05\20260514_223115_S05_G9_T010.csv,2026-05-14T22:32:07
20260514_223115,S05,G9,speaker_volume_down,11,4.0,110,data\raw\S05\20260514_223115_S05_G9_T011.csv,2026-05-14T22:32:12
20260514_223115,S05,G9,speaker_volume_down,12,4.0,111,data\raw\S05\20260514_223115_S05_G9_T012.csv,2026-05-14T22:32:17
20260514_223115,S05,G9,speaker_volume_down,13,4.0,112,data\raw\S05\20260514_223115_S05_G9_T013.csv,2026-05-14T22:32:23
20260514_223115,S05,G9,speaker_volume_down,14,4.0,107,data\raw\S05\20260514_223115_S05_G9_T014.csv,2026-05-14T22:32:28
20260514_223115,S05,G9,speaker_volume_down,15,4.0,113,data\raw\S05\20260514_223115_S05_G9_T015.csv,2026-05-14T22:32:33
20260514_223115,S05,G9,speaker_volume_down,16,4.0,115,data\raw\S05\20260514_223115_S05_G9_T016.csv,2026-05-14T22:32:38
20260514_223115,S05,G9,speaker_volume_down,17,4.0,107,data\raw\S05\20260514_223115_S05_G9_T017.csv,2026-05-14T22:32:43
20260514_223115,S05,G9,speaker_volume_down,18,4.0,109,data\raw\S05\20260514_223115_S05_G9_T018.csv,2026-05-14T22:32:49
20260514_223115,S05,G9,speaker_volume_down,19,4.0,111,data\raw\S05\20260514_223115_S05_G9_T019.csv,2026-05-14T22:32:54
20260514_223115,S05,G9,speaker_volume_down,20,4.0,111,data\raw\S05\20260514_223115_S05_G9_T020.csv,2026-05-14T22:32:59
20260514_223115,S05,G9,speaker_volume_down,21,4.0,120,data\raw\S05\20260514_223115_S05_G9_T021.csv,2026-05-14T22:33:04
20260514_223115,S05,G9,speaker_volume_down,22,4.0,117,data\raw\S05\20260514_223115_S05_G9_T022.csv,2026-05-14T22:33:10
20260514_223115,S05,G9,speaker_volume_down,23,4.0,104,data\raw\S05\20260514_223115_S05_G9_T023.csv,2026-05-14T22:33:15
20260514_223115,S05,G9,speaker_volume_down,24,4.0,112,data\raw\S05\20260514_223115_S05_G9_T024.csv,2026-05-14T22:33:20
20260514_223115,S05,G9,speaker_volume_down,25,4.0,109,data\raw\S05\20260514_223115_S05_G9_T025.csv,2026-05-14T22:33:25
20260514_223115,S05,G9,speaker_volume_down,26,4.0,110,data\raw\S05\20260514_223115_S05_G9_T026.csv,2026-05-14T22:33:30
20260514_223115,S05,G9,speaker_volume_down,27,4.0,107,data\raw\S05\20260514_223115_S05_G9_T027.csv,2026-05-14T22:33:35
20260514_223115,S05,G9,speaker_volume_down,28,4.0,108,data\raw\S05\20260514_223115_S05_G9_T028.csv,2026-05-14T22:33:41
20260514_223115,S05,G9,speaker_volume_down,29,4.0,102,data\raw\S05\20260514_223115_S05_G9_T029.csv,2026-05-14T22:33:46
20260514_223115,S05,G9,speaker_volume_down,30,4.0,109,data\raw\S05\20260514_223115_S05_G9_T030.csv,2026-05-14T22:33:51
20260514_223115,S05,G9,speaker_volume_down,31,4.0,110,data\raw\S05\20260514_223115_S05_G9_T031.csv,2026-05-14T22:33:56
20260514_223115,S05,G9,speaker_volume_down,32,4.0,103,data\raw\S05\20260514_223115_S05_G9_T032.csv,2026-05-14T22:34:01
20260514_223115,S05,G9,speaker_volume_down,33,4.0,110,data\raw\S05\20260514_223115_S05_G9_T033.csv,2026-05-14T22:34:07
20260514_223115,S05,G9,speaker_volume_down,34,4.0,108,data\raw\S05\20260514_223115_S05_G9_T034.csv,2026-05-14T22:34:12
20260514_223115,S05,G9,speaker_volume_down,35,4.0,96,data\raw\S05\20260514_223115_S05_G9_T035.csv,2026-05-14T22:34:17
20260514_223115,S05,G9,speaker_volume_down,36,4.0,88,data\raw\S05\20260514_223115_S05_G9_T036.csv,2026-05-14T22:34:22
20260514_223115,S05,G9,speaker_volume_down,37,4.0,104,data\raw\S05\20260514_223115_S05_G9_T037.csv,2026-05-14T22:34:27
20260514_223115,S05,G9,speaker_volume_down,38,4.0,102,data\raw\S05\20260514_223115_S05_G9_T038.csv,2026-05-14T22:34:33
20260514_223115,S05,G9,speaker_volume_down,39,4.0,110,data\raw\S05\20260514_223115_S05_G9_T039.csv,2026-05-14T22:34:38
20260514_223115,S05,G9,speaker_volume_down,40,4.0,107,data\raw\S05\20260514_223115_S05_G9_T040.csv,2026-05-14T22:34:43
20260514_223553,S05,G10,light_on,1,4.0,113,data\raw\S05\20260514_223553_S05_G10_T001.csv,2026-05-14T22:35:59
20260514_223553,S05,G10,light_on,2,4.0,111,data\raw\S05\20260514_223553_S05_G10_T002.csv,2026-05-14T22:36:04
20260514_223553,S05,G10,light_on,3,4.0,109,data\raw\S05\20260514_223553_S05_G10_T003.csv,2026-05-14T22:36:09
20260514_223553,S05,G10,light_on,4,4.0,116,data\raw\S05\20260514_223553_S05_G10_T004.csv,2026-05-14T22:36:14
20260514_223553,S05,G10,light_on,5,4.0,112,data\raw\S05\20260514_223553_S05_G10_T005.csv,2026-05-14T22:36:19
20260514_223553,S05,G10,light_on,6,4.0,111,data\raw\S05\20260514_223553_S05_G10_T006.csv,2026-05-14T22:36:25
20260514_223553,S05,G10,light_on,7,4.0,107,data\raw\S05\20260514_223553_S05_G10_T007.csv,2026-05-14T22:36:30
20260514_223553,S05,G10,light_on,8,4.0,112,data\raw\S05\20260514_223553_S05_G10_T008.csv,2026-05-14T22:36:35
20260514_223553,S05,G10,light_on,9,4.0,117,data\raw\S05\20260514_223553_S05_G10_T009.csv,2026-05-14T22:36:40
20260514_223553,S05,G10,light_on,10,4.0,106,data\raw\S05\20260514_223553_S05_G10_T010.csv,2026-05-14T22:36:45
20260514_223553,S05,G10,light_on,11,4.0,111,data\raw\S05\20260514_223553_S05_G10_T011.csv,2026-05-14T22:36:50
20260514_223553,S05,G10,light_on,12,4.0,109,data\raw\S05\20260514_223553_S05_G10_T012.csv,2026-05-14T22:36:56
20260514_223553,S05,G10,light_on,13,4.0,104,data\raw\S05\20260514_223553_S05_G10_T013.csv,2026-05-14T22:37:01
20260514_223553,S05,G10,light_on,14,4.0,120,data\raw\S05\20260514_223553_S05_G10_T014.csv,2026-05-14T22:37:06
20260514_223553,S05,G10,light_on,15,4.0,110,data\raw\S05\20260514_223553_S05_G10_T015.csv,2026-05-14T22:37:11
20260514_223553,S05,G10,light_on,16,4.0,110,data\raw\S05\20260514_223553_S05_G10_T016.csv,2026-05-14T22:37:16
20260514_223553,S05,G10,light_on,17,4.0,109,data\raw\S05\20260514_223553_S05_G10_T017.csv,2026-05-14T22:37:21
20260514_223553,S05,G10,light_on,18,4.0,110,data\raw\S05\20260514_223553_S05_G10_T018.csv,2026-05-14T22:37:27
20260514_223553,S05,G10,light_on,19,4.0,107,data\raw\S05\20260514_223553_S05_G10_T019.csv,2026-05-14T22:37:32
20260514_223553,S05,G10,light_on,20,4.0,101,data\raw\S05\20260514_223553_S05_G10_T020.csv,2026-05-14T22:37:37
20260514_223553,S05,G10,light_on,21,4.0,99,data\raw\S05\20260514_223553_S05_G10_T021.csv,2026-05-14T22:37:42
20260514_223553,S05,G10,light_on,22,4.0,106,data\raw\S05\20260514_223553_S05_G10_T022.csv,2026-05-14T22:37:48
20260514_223553,S05,G10,light_on,23,4.0,92,data\raw\S05\20260514_223553_S05_G10_T023.csv,2026-05-14T22:37:53
20260514_223553,S05,G10,light_on,24,4.0,101,data\raw\S05\20260514_223553_S05_G10_T024.csv,2026-05-14T22:37:58
20260514_223553,S05,G10,light_on,25,4.0,102,data\raw\S05\20260514_223553_S05_G10_T025.csv,2026-05-14T22:38:03
20260514_223553,S05,G10,light_on,26,4.0,101,data\raw\S05\20260514_223553_S05_G10_T026.csv,2026-05-14T22:38:08
20260514_223553,S05,G10,light_on,27,4.0,100,data\raw\S05\20260514_223553_S05_G10_T027.csv,2026-05-14T22:38:14
20260514_223553,S05,G10,light_on,28,4.0,102,data\raw\S05\20260514_223553_S05_G10_T028.csv,2026-05-14T22:38:19
20260514_223553,S05,G10,light_on,29,4.0,92,data\raw\S05\20260514_223553_S05_G10_T029.csv,2026-05-14T22:38:24
20260514_223553,S05,G10,light_on,30,4.0,90,data\raw\S05\20260514_223553_S05_G10_T030.csv,2026-05-14T22:38:29
20260514_223553,S05,G10,light_on,31,4.0,104,data\raw\S05\20260514_223553_S05_G10_T031.csv,2026-05-14T22:38:35
20260514_223553,S05,G10,light_on,32,4.0,106,data\raw\S05\20260514_223553_S05_G10_T032.csv,2026-05-14T22:38:40
20260514_223553,S05,G10,light_on,33,4.0,104,data\raw\S05\20260514_223553_S05_G10_T033.csv,2026-05-14T22:38:45
20260514_223553,S05,G10,light_on,34,4.0,96,data\raw\S05\20260514_223553_S05_G10_T034.csv,2026-05-14T22:38:50
20260514_223553,S05,G10,light_on,35,4.0,97,data\raw\S05\20260514_223553_S05_G10_T035.csv,2026-05-14T22:38:56
20260514_223553,S05,G10,light_on,36,4.0,99,data\raw\S05\20260514_223553_S05_G10_T036.csv,2026-05-14T22:39:01
20260514_223553,S05,G10,light_on,37,4.0,107,data\raw\S05\20260514_223553_S05_G10_T037.csv,2026-05-14T22:39:06
20260514_223553,S05,G10,light_on,38,4.0,94,data\raw\S05\20260514_223553_S05_G10_T038.csv,2026-05-14T22:39:11
20260514_223553,S05,G10,light_on,39,4.0,95,data\raw\S05\20260514_223553_S05_G10_T039.csv,2026-05-14T22:39:17
20260514_223553,S05,G10,light_on,40,4.0,90,data\raw\S05\20260514_223553_S05_G10_T040.csv,2026-05-14T22:39:22

20260514_232358,S05,G11,light_off,41,4.0,114,data\raw\S05\20260514_232358_S05_G11_T041.csv,2026-05-14T23:24:03
20260514_232358,S05,G11,light_off,42,4.0,106,data\raw\S05\20260514_232358_S05_G11_T042.csv,2026-05-14T23:24:09
20260514_232358,S05,G11,light_off,43,4.0,115,data\raw\S05\20260514_232358_S05_G11_T043.csv,2026-05-14T23:24:14
20260514_232358,S05,G11,light_off,44,4.0,114,data\raw\S05\20260514_232358_S05_G11_T044.csv,2026-05-14T23:24:19
20260514_232358,S05,G11,light_off,45,4.0,118,data\raw\S05\20260514_232358_S05_G11_T045.csv,2026-05-14T23:24:24
20260514_232358,S05,G11,light_off,46,4.0,110,data\raw\S05\20260514_232358_S05_G11_T046.csv,2026-05-14T23:24:29
20260514_232358,S05,G11,light_off,47,4.0,117,data\raw\S05\20260514_232358_S05_G11_T047.csv,2026-05-14T23:24:34
20260514_232358,S05,G11,light_off,48,4.0,115,data\raw\S05\20260514_232358_S05_G11_T048.csv,2026-05-14T23:24:40
20260514_232358,S05,G11,light_off,49,4.0,111,data\raw\S05\20260514_232358_S05_G11_T049.csv,2026-05-14T23:24:45
20260514_232358,S05,G11,light_off,50,4.0,111,data\raw\S05\20260514_232358_S05_G11_T050.csv,2026-05-14T23:24:50
20260514_232358,S05,G11,light_off,51,4.0,106,data\raw\S05\20260514_232358_S05_G11_T051.csv,2026-05-14T23:24:55
20260514_232358,S05,G11,light_off,52,4.0,109,data\raw\S05\20260514_232358_S05_G11_T052.csv,2026-05-14T23:25:00
20260514_232358,S05,G11,light_off,53,4.0,122,data\raw\S05\20260514_232358_S05_G11_T053.csv,2026-05-14T23:25:05
20260514_232358,S05,G11,light_off,54,4.0,111,data\raw\S05\20260514_232358_S05_G11_T054.csv,2026-05-14T23:25:11
20260514_232358,S05,G11,light_off,55,4.0,107,data\raw\S05\20260514_232358_S05_G11_T055.csv,2026-05-14T23:25:16
20260514_232358,S05,G11,light_off,56,4.0,111,data\raw\S05\20260514_232358_S05_G11_T056.csv,2026-05-14T23:25:21
20260514_232358,S05,G11,light_off,57,4.0,108,data\raw\S05\20260514_232358_S05_G11_T057.csv,2026-05-14T23:25:26
20260514_232358,S05,G11,light_off,58,4.0,114,data\raw\S05\20260514_232358_S05_G11_T058.csv,2026-05-14T23:25:32
20260514_232358,S05,G11,light_off,59,4.0,115,data\raw\S05\20260514_232358_S05_G11_T059.csv,2026-05-14T23:25:37
20260514_232358,S05,G11,light_off,60,4.0,121,data\raw\S05\20260514_232358_S05_G11_T060.csv,2026-05-14T23:25:42
20260514_232358,S05,G11,light_off,61,4.0,105,data\raw\S05\20260514_232358_S05_G11_T061.csv,2026-05-14T23:25:47
20260514_232358,S05,G11,light_off,62,4.0,114,data\raw\S05\20260514_232358_S05_G11_T062.csv,2026-05-14T23:25:52
20260514_232358,S05,G11,light_off,63,4.0,109,data\raw\S05\20260514_232358_S05_G11_T063.csv,2026-05-14T23:25:58
20260514_232358,S05,G11,light_off,64,4.0,112,data\raw\S05\20260514_232358_S05_G11_T064.csv,2026-05-14T23:26:03
20260514_232358,S05,G11,light_off,65,4.0,115,data\raw\S05\20260514_232358_S05_G11_T065.csv,2026-05-14T23:26:08
20260514_232358,S05,G11,light_off,66,4.0,109,data\raw\S05\20260514_232358_S05_G11_T066.csv,2026-05-14T23:26:13
20260514_232358,S05,G11,light_off,67,4.0,110,data\raw\S05\20260514_232358_S05_G11_T067.csv,2026-05-14T23:26:18
20260514_232358,S05,G11,light_off,68,4.0,115,data\raw\S05\20260514_232358_S05_G11_T068.csv,2026-05-14T23:26:24
20260514_232358,S05,G11,light_off,69,4.0,118,data\raw\S05\20260514_232358_S05_G11_T069.csv,2026-05-14T23:26:29
20260514_232358,S05,G11,light_off,70,4.0,119,data\raw\S05\20260514_232358_S05_G11_T070.csv,2026-05-14T23:26:34
20260514_232358,S05,G11,light_off,71,4.0,110,data\raw\S05\20260514_232358_S05_G11_T071.csv,2026-05-14T23:26:39
20260514_232358,S05,G11,light_off,72,4.0,105,data\raw\S05\20260514_232358_S05_G11_T072.csv,2026-05-14T23:26:44
20260514_232358,S05,G11,light_off,73,4.0,116,data\raw\S05\20260514_232358_S05_G11_T073.csv,2026-05-14T23:26:50
20260514_232358,S05,G11,light_off,74,4.0,103,data\raw\S05\20260514_232358_S05_G11_T074.csv,2026-05-14T23:26:55
20260514_232358,S05,G11,light_off,75,4.0,114,data\raw\S05\20260514_232358_S05_G11_T075.csv,2026-05-14T23:27:00
20260514_232358,S05,G11,light_off,76,4.0,109,data\raw\S05\20260514_232358_S05_G11_T076.csv,2026-05-14T23:27:05
20260514_232358,S05,G11,light_off,77,4.0,114,data\raw\S05\20260514_232358_S05_G11_T077.csv,2026-05-14T23:27:10
20260514_232358,S05,G11,light_off,78,4.0,113,data\raw\S05\20260514_232358_S05_G11_T078.csv,2026-05-14T23:27:15
20260514_232358,S05,G11,light_off,79,4.0,120,data\raw\S05\20260514_232358_S05_G11_T079.csv,2026-05-14T23:27:21
20260514_232358,S05,G11,light_off,80,4.0,117,data\raw\S05\20260514_232358_S05_G11_T080.csv,2026-05-14T23:27:26
20260514_233558,S05,G12,curtain_close,1,4.0,116,data\raw\S05\20260514_233558_S05_G12_T001.csv,2026-05-14T23:36:03
20260514_233558,S05,G12,curtain_close,2,4.0,118,data\raw\S05\20260514_233558_S05_G12_T002.csv,2026-05-14T23:36:09
20260514_233558,S05,G12,curtain_close,3,4.0,113,data\raw\S05\20260514_233558_S05_G12_T003.csv,2026-05-14T23:36:14
20260514_233558,S05,G12,curtain_close,4,4.0,109,data\raw\S05\20260514_233558_S05_G12_T004.csv,2026-05-14T23:36:19
20260514_233558,S05,G12,curtain_close,5,4.0,120,data\raw\S05\20260514_233558_S05_G12_T005.csv,2026-05-14T23:36:24
20260514_233558,S05,G12,curtain_close,6,4.0,117,data\raw\S05\20260514_233558_S05_G12_T006.csv,2026-05-14T23:36:29
20260514_233558,S05,G12,curtain_close,7,4.0,107,data\raw\S05\20260514_233558_S05_G12_T007.csv,2026-05-14T23:36:35
20260514_233558,S05,G12,curtain_close,8,4.0,120,data\raw\S05\20260514_233558_S05_G12_T008.csv,2026-05-14T23:36:40
20260514_233558,S05,G12,curtain_close,9,4.0,113,data\raw\S05\20260514_233558_S05_G12_T009.csv,2026-05-14T23:36:45
20260514_233558,S05,G12,curtain_close,10,4.0,118,data\raw\S05\20260514_233558_S05_G12_T010.csv,2026-05-14T23:36:50
20260514_233558,S05,G12,curtain_close,11,4.0,118,data\raw\S05\20260514_233558_S05_G12_T011.csv,2026-05-14T23:36:55
20260514_233558,S05,G12,curtain_close,12,4.0,111,data\raw\S05\20260514_233558_S05_G12_T012.csv,2026-05-14T23:37:01
20260514_233558,S05,G12,curtain_close,13,4.0,114,data\raw\S05\20260514_233558_S05_G12_T013.csv,2026-05-14T23:37:06
20260514_233558,S05,G12,curtain_close,14,4.0,113,data\raw\S05\20260514_233558_S05_G12_T014.csv,2026-05-14T23:37:11
20260514_233558,S05,G12,curtain_close,15,4.0,113,data\raw\S05\20260514_233558_S05_G12_T015.csv,2026-05-14T23:37:16
20260514_233558,S05,G12,curtain_close,16,4.0,112,data\raw\S05\20260514_233558_S05_G12_T016.csv,2026-05-14T23:37:21
20260514_233558,S05,G12,curtain_close,17,4.0,115,data\raw\S05\20260514_233558_S05_G12_T017.csv,2026-05-14T23:37:26
20260514_233558,S05,G12,curtain_close,18,4.0,109,data\raw\S05\20260514_233558_S05_G12_T018.csv,2026-05-14T23:37:31
20260514_233558,S05,G12,curtain_close,19,4.0,111,data\raw\S05\20260514_233558_S05_G12_T019.csv,2026-05-14T23:37:37
20260514_233558,S05,G12,curtain_close,20,4.0,113,data\raw\S05\20260514_233558_S05_G12_T020.csv,2026-05-14T23:37:42
20260514_233558,S05,G12,curtain_close,21,4.0,114,data\raw\S05\20260514_233558_S05_G12_T021.csv,2026-05-14T23:37:47
20260514_233558,S05,G12,curtain_close,22,4.0,112,data\raw\S05\20260514_233558_S05_G12_T022.csv,2026-05-14T23:37:52
20260514_233558,S05,G12,curtain_close,23,4.0,118,data\raw\S05\20260514_233558_S05_G12_T023.csv,2026-05-14T23:37:57
20260514_233558,S05,G12,curtain_close,24,4.0,105,data\raw\S05\20260514_233558_S05_G12_T024.csv,2026-05-14T23:38:02
20260514_233558,S05,G12,curtain_close,25,4.0,114,data\raw\S05\20260514_233558_S05_G12_T025.csv,2026-05-14T23:38:08
20260514_233558,S05,G12,curtain_close,26,4.0,109,data\raw\S05\20260514_233558_S05_G12_T026.csv,2026-05-14T23:38:13
20260514_233558,S05,G12,curtain_close,27,4.0,110,data\raw\S05\20260514_233558_S05_G12_T027.csv,2026-05-14T23:38:18
20260514_233558,S05,G12,curtain_close,28,4.0,120,data\raw\S05\20260514_233558_S05_G12_T028.csv,2026-05-14T23:38:23
20260514_233558,S05,G12,curtain_close,29,4.0,110,data\raw\S05\20260514_233558_S05_G12_T029.csv,2026-05-14T23:38:28
20260514_233558,S05,G12,curtain_close,30,4.0,118,data\raw\S05\20260514_233558_S05_G12_T030.csv,2026-05-14T23:38:33
20260514_233558,S05,G12,curtain_close,31,4.0,112,data\raw\S05\20260514_233558_S05_G12_T031.csv,2026-05-14T23:38:39
20260514_233558,S05,G12,curtain_close,32,4.0,110,data\raw\S05\20260514_233558_S05_G12_T032.csv,2026-05-14T23:38:44
20260514_233558,S05,G12,curtain_close,33,4.0,111,data\raw\S05\20260514_233558_S05_G12_T033.csv,2026-05-14T23:38:49
20260514_233558,S05,G12,curtain_close,34,4.0,111,data\raw\S05\20260514_233558_S05_G12_T034.csv,2026-05-14T23:38:54
20260514_233558,S05,G12,curtain_close,35,4.0,117,data\raw\S05\20260514_233558_S05_G12_T035.csv,2026-05-14T23:38:59
20260514_233558,S05,G12,curtain_close,36,4.0,108,data\raw\S05\20260514_233558_S05_G12_T036.csv,2026-05-14T23:39:05
20260514_233558,S05,G12,curtain_close,37,4.0,107,data\raw\S05\20260514_233558_S05_G12_T037.csv,2026-05-14T23:39:10
20260514_233558,S05,G12,curtain_close,38,4.0,108,data\raw\S05\20260514_233558_S05_G12_T038.csv,2026-05-14T23:39:15
20260514_233558,S05,G12,curtain_close,39,4.0,116,data\raw\S05\20260514_233558_S05_G12_T039.csv,2026-05-14T23:39:20
20260514_233558,S05,G12,curtain_close,40,4.0,113,data\raw\S05\20260514_233558_S05_G12_T040.csv,2026-05-14T23:39:25
20260514_234034,S05,G13,curtain_open,1,4.0,123,data\raw\S05\20260514_234034_S05_G13_T001.csv,2026-05-14T23:40:39
20260514_234034,S05,G13,curtain_open,2,4.0,108,data\raw\S05\20260514_234034_S05_G13_T002.csv,2026-05-14T23:40:45
20260514_234034,S05,G13,curtain_open,3,4.0,112,data\raw\S05\20260514_234034_S05_G13_T003.csv,2026-05-14T23:40:50
20260514_234034,S05,G13,curtain_open,4,4.0,114,data\raw\S05\20260514_234034_S05_G13_T004.csv,2026-05-14T23:40:55
20260514_234034,S05,G13,curtain_open,5,4.0,119,data\raw\S05\20260514_234034_S05_G13_T005.csv,2026-05-14T23:41:00
20260514_234034,S05,G13,curtain_open,6,4.0,125,data\raw\S05\20260514_234034_S05_G13_T006.csv,2026-05-14T23:41:06
20260514_234034,S05,G13,curtain_open,7,4.0,113,data\raw\S05\20260514_234034_S05_G13_T007.csv,2026-05-14T23:41:11
20260514_234034,S05,G13,curtain_open,8,4.0,105,data\raw\S05\20260514_234034_S05_G13_T008.csv,2026-05-14T23:41:16
20260514_234034,S05,G13,curtain_open,9,4.0,116,data\raw\S05\20260514_234034_S05_G13_T009.csv,2026-05-14T23:41:21
20260514_234034,S05,G13,curtain_open,10,4.0,108,data\raw\S05\20260514_234034_S05_G13_T010.csv,2026-05-14T23:41:26
20260514_234034,S05,G13,curtain_open,11,4.0,114,data\raw\S05\20260514_234034_S05_G13_T011.csv,2026-05-14T23:41:32
20260514_234034,S05,G13,curtain_open,12,4.0,115,data\raw\S05\20260514_234034_S05_G13_T012.csv,2026-05-14T23:41:37
20260514_234034,S05,G13,curtain_open,13,4.0,123,data\raw\S05\20260514_234034_S05_G13_T013.csv,2026-05-14T23:41:42
20260514_234034,S05,G13,curtain_open,14,4.0,120,data\raw\S05\20260514_234034_S05_G13_T014.csv,2026-05-14T23:41:47
20260514_234034,S05,G13,curtain_open,15,4.0,113,data\raw\S05\20260514_234034_S05_G13_T015.csv,2026-05-14T23:41:52
20260514_234034,S05,G13,curtain_open,16,4.0,109,data\raw\S05\20260514_234034_S05_G13_T016.csv,2026-05-14T23:41:58
20260514_234034,S05,G13,curtain_open,17,4.0,118,data\raw\S05\20260514_234034_S05_G13_T017.csv,2026-05-14T23:42:03
20260514_234034,S05,G13,curtain_open,18,4.0,118,data\raw\S05\20260514_234034_S05_G13_T018.csv,2026-05-14T23:42:08
20260514_234034,S05,G13,curtain_open,19,4.0,118,data\raw\S05\20260514_234034_S05_G13_T019.csv,2026-05-14T23:42:13
20260514_234034,S05,G13,curtain_open,20,4.0,113,data\raw\S05\20260514_234034_S05_G13_T020.csv,2026-05-14T23:42:18
20260514_234034,S05,G13,curtain_open,21,4.0,120,data\raw\S05\20260514_234034_S05_G13_T021.csv,2026-05-14T23:42:24
20260514_234034,S05,G13,curtain_open,22,4.0,118,data\raw\S05\20260514_234034_S05_G13_T022.csv,2026-05-14T23:42:29
20260514_234034,S05,G13,curtain_open,23,4.0,120,data\raw\S05\20260514_234034_S05_G13_T023.csv,2026-05-14T23:42:34
20260514_234034,S05,G13,curtain_open,24,4.0,116,data\raw\S05\20260514_234034_S05_G13_T024.csv,2026-05-14T23:42:39
20260514_234034,S05,G13,curtain_open,25,4.0,110,data\raw\S05\20260514_234034_S05_G13_T025.csv,2026-05-14T23:42:44
20260514_234034,S05,G13,curtain_open,26,4.0,114,data\raw\S05\20260514_234034_S05_G13_T026.csv,2026-05-14T23:42:49
20260514_234034,S05,G13,curtain_open,27,4.0,109,data\raw\S05\20260514_234034_S05_G13_T027.csv,2026-05-14T23:42:55
20260514_234034,S05,G13,curtain_open,28,4.0,118,data\raw\S05\20260514_234034_S05_G13_T028.csv,2026-05-14T23:43:00
20260514_234034,S05,G13,curtain_open,29,4.0,123,data\raw\S05\20260514_234034_S05_G13_T029.csv,2026-05-14T23:43:05
20260514_234034,S05,G13,curtain_open,30,4.0,117,data\raw\S05\20260514_234034_S05_G13_T030.csv,2026-05-14T23:43:10
20260514_234034,S05,G13,curtain_open,31,4.0,120,data\raw\S05\20260514_234034_S05_G13_T031.csv,2026-05-14T23:43:15
20260514_234034,S05,G13,curtain_open,32,4.0,113,data\raw\S05\20260514_234034_S05_G13_T032.csv,2026-05-14T23:43:20
20260514_234034,S05,G13,curtain_open,33,4.0,115,data\raw\S05\20260514_234034_S05_G13_T033.csv,2026-05-14T23:43:26
20260514_234034,S05,G13,curtain_open,34,4.0,111,data\raw\S05\20260514_234034_S05_G13_T034.csv,2026-05-14T23:43:31
20260514_234034,S05,G13,curtain_open,35,4.0,108,data\raw\S05\20260514_234034_S05_G13_T035.csv,2026-05-14T23:43:36
20260514_234034,S05,G13,curtain_open,36,4.0,113,data\raw\S05\20260514_234034_S05_G13_T036.csv,2026-05-14T23:43:41
20260514_234034,S05,G13,curtain_open,37,4.0,115,data\raw\S05\20260514_234034_S05_G13_T037.csv,2026-05-14T23:43:46
20260514_234034,S05,G13,curtain_open,38,4.0,108,data\raw\S05\20260514_234034_S05_G13_T038.csv,2026-05-14T23:43:52
20260514_234034,S05,G13,curtain_open,39,4.0,113,data\raw\S05\20260514_234034_S05_G13_T039.csv,2026-05-14T23:43:57
20260514_234034,S05,G13,curtain_open,40,4.0,109,data\raw\S05\20260514_234034_S05_G13_T040.csv,2026-05-14T23:44:02
20260514_234648,S05,G14,stop_palm,1,4.0,113,data\raw\S05\20260514_234648_S05_G14_T001.csv,2026-05-14T23:46:53
20260514_234648,S05,G14,stop_palm,2,4.0,111,data\raw\S05\20260514_234648_S05_G14_T002.csv,2026-05-14T23:46:58
20260514_234648,S05,G14,stop_palm,3,4.0,115,data\raw\S05\20260514_234648_S05_G14_T003.csv,2026-05-14T23:47:03
20260514_234648,S05,G14,stop_palm,4,4.0,123,data\raw\S05\20260514_234648_S05_G14_T004.csv,2026-05-14T23:47:09
20260514_234648,S05,G14,stop_palm,5,4.0,114,data\raw\S05\20260514_234648_S05_G14_T005.csv,2026-05-14T23:47:14
20260514_234648,S05,G14,stop_palm,6,4.0,116,data\raw\S05\20260514_234648_S05_G14_T006.csv,2026-05-14T23:47:19
20260514_234648,S05,G14,stop_palm,7,4.0,122,data\raw\S05\20260514_234648_S05_G14_T007.csv,2026-05-14T23:47:24
20260514_234648,S05,G14,stop_palm,8,4.0,117,data\raw\S05\20260514_234648_S05_G14_T008.csv,2026-05-14T23:47:29
20260514_234648,S05,G14,stop_palm,9,4.0,110,data\raw\S05\20260514_234648_S05_G14_T009.csv,2026-05-14T23:47:34
20260514_234648,S05,G14,stop_palm,10,4.0,116,data\raw\S05\20260514_234648_S05_G14_T010.csv,2026-05-14T23:47:40
20260514_234648,S05,G14,stop_palm,11,4.0,125,data\raw\S05\20260514_234648_S05_G14_T011.csv,2026-05-14T23:47:45
20260514_234648,S05,G14,stop_palm,12,4.0,123,data\raw\S05\20260514_234648_S05_G14_T012.csv,2026-05-14T23:47:50
20260514_234648,S05,G14,stop_palm,13,4.0,126,data\raw\S05\20260514_234648_S05_G14_T013.csv,2026-05-14T23:47:55
20260514_234648,S05,G14,stop_palm,14,4.0,108,data\raw\S05\20260514_234648_S05_G14_T014.csv,2026-05-14T23:48:00
20260514_234648,S05,G14,stop_palm,15,4.0,110,data\raw\S05\20260514_234648_S05_G14_T015.csv,2026-05-14T23:48:06
20260514_234648,S05,G14,stop_palm,16,4.0,124,data\raw\S05\20260514_234648_S05_G14_T016.csv,2026-05-14T23:48:11
20260514_234648,S05,G14,stop_palm,17,4.0,124,data\raw\S05\20260514_234648_S05_G14_T017.csv,2026-05-14T23:48:16
20260514_234648,S05,G14,stop_palm,18,4.0,113,data\raw\S05\20260514_234648_S05_G14_T018.csv,2026-05-14T23:48:21
20260514_234648,S05,G14,stop_palm,19,4.0,113,data\raw\S05\20260514_234648_S05_G14_T019.csv,2026-05-14T23:48:26
20260514_234648,S05,G14,stop_palm,20,4.0,123,data\raw\S05\20260514_234648_S05_G14_T020.csv,2026-05-14T23:48:31
20260514_234648,S05,G14,stop_palm,21,4.0,123,data\raw\S05\20260514_234648_S05_G14_T021.csv,2026-05-14T23:48:37
20260514_234648,S05,G14,stop_palm,22,4.0,123,data\raw\S05\20260514_234648_S05_G14_T022.csv,2026-05-14T23:48:42
20260514_234648,S05,G14,stop_palm,23,4.0,127,data\raw\S05\20260514_234648_S05_G14_T023.csv,2026-05-14T23:48:47
20260514_234648,S05,G14,stop_palm,24,4.0,121,data\raw\S05\20260514_234648_S05_G14_T024.csv,2026-05-14T23:48:52
20260514_234648,S05,G14,stop_palm,25,4.0,119,data\raw\S05\20260514_234648_S05_G14_T025.csv,2026-05-14T23:48:57
20260514_234648,S05,G14,stop_palm,26,4.0,124,data\raw\S05\20260514_234648_S05_G14_T026.csv,2026-05-14T23:49:03
20260514_234648,S05,G14,stop_palm,27,4.0,123,data\raw\S05\20260514_234648_S05_G14_T027.csv,2026-05-14T23:49:08
20260514_234648,S05,G14,stop_palm,28,4.0,114,data\raw\S05\20260514_234648_S05_G14_T028.csv,2026-05-14T23:49:13
20260514_234648,S05,G14,stop_palm,29,4.0,115,data\raw\S05\20260514_234648_S05_G14_T029.csv,2026-05-14T23:49:18
20260514_234648,S05,G14,stop_palm,30,4.0,123,data\raw\S05\20260514_234648_S05_G14_T030.csv,2026-05-14T23:49:23
20260514_234648,S05,G14,stop_palm,31,4.0,115,data\raw\S05\20260514_234648_S05_G14_T031.csv,2026-05-14T23:49:28
20260514_234648,S05,G14,stop_palm,32,4.0,120,data\raw\S05\20260514_234648_S05_G14_T032.csv,2026-05-14T23:49:34
20260514_234648,S05,G14,stop_palm,33,4.0,124,data\raw\S05\20260514_234648_S05_G14_T033.csv,2026-05-14T23:49:39
20260514_234648,S05,G14,stop_palm,34,4.0,126,data\raw\S05\20260514_234648_S05_G14_T034.csv,2026-05-14T23:49:44
20260514_234648,S05,G14,stop_palm,35,4.0,121,data\raw\S05\20260514_234648_S05_G14_T035.csv,2026-05-14T23:49:49
20260514_234648,S05,G14,stop_palm,36,4.0,125,data\raw\S05\20260514_234648_S05_G14_T036.csv,2026-05-14T23:49:54
20260514_234648,S05,G14,stop_palm,37,4.0,121,data\raw\S05\20260514_234648_S05_G14_T037.csv,2026-05-14T23:49:59
20260514_234648,S05,G14,stop_palm,38,4.0,127,data\raw\S05\20260514_234648_S05_G14_T038.csv,2026-05-14T23:50:05
20260514_234648,S05,G14,stop_palm,39,4.0,112,data\raw\S05\20260514_234648_S05_G14_T039.csv,2026-05-14T23:50:10
20260514_234648,S05,G14,stop_palm,40,4.0,125,data\raw\S05\20260514_234648_S05_G14_T040.csv,2026-05-14T23:50:15
20260514_235316,S05,G15,emergency_reset,1,4.0,122,data\raw\S05\20260514_235316_S05_G15_T001.csv,2026-05-14T23:53:21
20260514_235316,S05,G15,emergency_reset,2,4.0,111,data\raw\S05\20260514_235316_S05_G15_T002.csv,2026-05-14T23:53:26
20260514_235316,S05,G15,emergency_reset,3,4.0,116,data\raw\S05\20260514_235316_S05_G15_T003.csv,2026-05-14T23:53:31
20260514_235316,S05,G15,emergency_reset,4,4.0,108,data\raw\S05\20260514_235316_S05_G15_T004.csv,2026-05-14T23:53:37
20260514_235316,S05,G15,emergency_reset,5,4.0,111,data\raw\S05\20260514_235316_S05_G15_T005.csv,2026-05-14T23:53:42
20260514_235316,S05,G15,emergency_reset,6,4.0,108,data\raw\S05\20260514_235316_S05_G15_T006.csv,2026-05-14T23:53:47
20260514_235316,S05,G15,emergency_reset,7,4.0,106,data\raw\S05\20260514_235316_S05_G15_T007.csv,2026-05-14T23:53:52
20260514_235316,S05,G15,emergency_reset,8,4.0,108,data\raw\S05\20260514_235316_S05_G15_T008.csv,2026-05-14T23:53:57
20260514_235316,S05,G15,emergency_reset,9,4.0,113,data\raw\S05\20260514_235316_S05_G15_T009.csv,2026-05-14T23:54:02
20260514_235316,S05,G15,emergency_reset,10,4.0,113,data\raw\S05\20260514_235316_S05_G15_T010.csv,2026-05-14T23:54:08
20260514_235316,S05,G15,emergency_reset,11,4.0,120,data\raw\S05\20260514_235316_S05_G15_T011.csv,2026-05-14T23:54:13
20260514_235316,S05,G15,emergency_reset,12,4.0,111,data\raw\S05\20260514_235316_S05_G15_T012.csv,2026-05-14T23:54:18
20260514_235316,S05,G15,emergency_reset,13,4.0,110,data\raw\S05\20260514_235316_S05_G15_T013.csv,2026-05-14T23:54:23
20260514_235316,S05,G15,emergency_reset,14,4.0,108,data\raw\S05\20260514_235316_S05_G15_T014.csv,2026-05-14T23:54:28
20260514_235316,S05,G15,emergency_reset,15,4.0,123,data\raw\S05\20260514_235316_S05_G15_T015.csv,2026-05-14T23:54:34
20260514_235316,S05,G15,emergency_reset,16,4.0,112,data\raw\S05\20260514_235316_S05_G15_T016.csv,2026-05-14T23:54:39
20260514_235316,S05,G15,emergency_reset,17,4.0,109,data\raw\S05\20260514_235316_S05_G15_T017.csv,2026-05-14T23:54:44
20260514_235316,S05,G15,emergency_reset,18,4.0,108,data\raw\S05\20260514_235316_S05_G15_T018.csv,2026-05-14T23:54:49
20260514_235316,S05,G15,emergency_reset,19,4.0,110,data\raw\S05\20260514_235316_S05_G15_T019.csv,2026-05-14T23:54:54
20260514_235316,S05,G15,emergency_reset,20,4.0,120,data\raw\S05\20260514_235316_S05_G15_T020.csv,2026-05-14T23:55:00
20260514_235316,S05,G15,emergency_reset,21,4.0,107,data\raw\S05\20260514_235316_S05_G15_T021.csv,2026-05-14T23:55:05
20260514_235316,S05,G15,emergency_reset,22,4.0,105,data\raw\S05\20260514_235316_S05_G15_T022.csv,2026-05-14T23:55:10
20260514_235316,S05,G15,emergency_reset,23,4.0,109,data\raw\S05\20260514_235316_S05_G15_T023.csv,2026-05-14T23:55:15
20260514_235316,S05,G15,emergency_reset,24,4.0,113,data\raw\S05\20260514_235316_S05_G15_T024.csv,2026-05-14T23:55:20
20260514_235316,S05,G15,emergency_reset,25,4.0,117,data\raw\S05\20260514_235316_S05_G15_T025.csv,2026-05-14T23:55:25
20260514_235316,S05,G15,emergency_reset,26,4.0,114,data\raw\S05\20260514_235316_S05_G15_T026.csv,2026-05-14T23:55:31
20260514_235316,S05,G15,emergency_reset,27,4.0,112,data\raw\S05\20260514_235316_S05_G15_T027.csv,2026-05-14T23:55:36
20260514_235316,S05,G15,emergency_reset,28,4.0,106,data\raw\S05\20260514_235316_S05_G15_T028.csv,2026-05-14T23:55:41
20260514_235316,S05,G15,emergency_reset,29,4.0,115,data\raw\S05\20260514_235316_S05_G15_T029.csv,2026-05-14T23:55:46
20260514_235316,S05,G15,emergency_reset,30,4.0,110,data\raw\S05\20260514_235316_S05_G15_T030.csv,2026-05-14T23:55:51
20260514_235316,S05,G15,emergency_reset,31,4.0,119,data\raw\S05\20260514_235316_S05_G15_T031.csv,2026-05-14T23:55:57
20260514_235316,S05,G15,emergency_reset,32,4.0,113,data\raw\S05\20260514_235316_S05_G15_T032.csv,2026-05-14T23:56:02
20260514_235316,S05,G15,emergency_reset,33,4.0,111,data\raw\S05\20260514_235316_S05_G15_T033.csv,2026-05-14T23:56:07
20260514_235316,S05,G15,emergency_reset,34,4.0,112,data\raw\S05\20260514_235316_S05_G15_T034.csv,2026-05-14T23:56:12
20260514_235316,S05,G15,emergency_reset,35,4.0,111,data\raw\S05\20260514_235316_S05_G15_T035.csv,2026-05-14T23:56:17
20260514_235316,S05,G15,emergency_reset,36,4.0,110,data\raw\S05\20260514_235316_S05_G15_T036.csv,2026-05-14T23:56:23
20260514_235316,S05,G15,emergency_reset,37,4.0,104,data\raw\S05\20260514_235316_S05_G15_T037.csv,2026-05-14T23:56:28
20260514_235316,S05,G15,emergency_reset,38,4.0,116,data\raw\S05\20260514_235316_S05_G15_T038.csv,2026-05-14T23:56:33
20260514_235316,S05,G15,emergency_reset,39,4.0,109,data\raw\S05\20260514_235316_S05_G15_T039.csv,2026-05-14T23:56:38
20260514_235316,S05,G15,emergency_reset,40,4.0,114,data\raw\S05\20260514_235316_S05_G15_T040.csv,2026-05-14T23:56:43
20260514_235853,S05,N1,noise_walking,1,4.0,116,data\raw\S05\20260514_235853_S05_N1_T001.csv,2026-05-14T23:58:58
20260514_235853,S05,N1,noise_walking,2,4.0,120,data\raw\S05\20260514_235853_S05_N1_T002.csv,2026-05-14T23:59:04
20260514_235853,S05,N1,noise_walking,3,4.0,119,data\raw\S05\20260514_235853_S05_N1_T003.csv,2026-05-14T23:59:09
20260514_235853,S05,N1,noise_walking,4,4.0,124,data\raw\S05\20260514_235853_S05_N1_T004.csv,2026-05-14T23:59:14
20260514_235853,S05,N1,noise_walking,5,4.0,113,data\raw\S05\20260514_235853_S05_N1_T005.csv,2026-05-14T23:59:19
20260514_235853,S05,N1,noise_walking,6,4.0,113,data\raw\S05\20260514_235853_S05_N1_T006.csv,2026-05-14T23:59:24
20260514_235853,S05,N1,noise_walking,7,4.0,120,data\raw\S05\20260514_235853_S05_N1_T007.csv,2026-05-14T23:59:30
20260514_235853,S05,N1,noise_walking,8,4.0,123,data\raw\S05\20260514_235853_S05_N1_T008.csv,2026-05-14T23:59:35
20260514_235853,S05,N1,noise_walking,9,4.0,111,data\raw\S05\20260514_235853_S05_N1_T009.csv,2026-05-14T23:59:40
20260514_235853,S05,N1,noise_walking,10,4.0,109,data\raw\S05\20260514_235853_S05_N1_T010.csv,2026-05-14T23:59:45
20260514_235853,S05,N1,noise_walking,11,4.0,106,data\raw\S05\20260514_235853_S05_N1_T011.csv,2026-05-14T23:59:50
20260514_235853,S05,N1,noise_walking,12,4.0,115,data\raw\S05\20260514_235853_S05_N1_T012.csv,2026-05-14T23:59:55
20260514_235853,S05,N1,noise_walking,13,4.0,107,data\raw\S05\20260514_235853_S05_N1_T013.csv,2026-05-15T00:00:01
20260514_235853,S05,N1,noise_walking,14,4.0,121,data\raw\S05\20260514_235853_S05_N1_T014.csv,2026-05-15T00:00:06
20260514_235853,S05,N1,noise_walking,15,4.0,123,data\raw\S05\20260514_235853_S05_N1_T015.csv,2026-05-15T00:00:11
20260514_235853,S05,N1,noise_walking,16,4.0,118,data\raw\S05\20260514_235853_S05_N1_T016.csv,2026-05-15T00:00:16
20260514_235853,S05,N1,noise_walking,17,4.0,123,data\raw\S05\20260514_235853_S05_N1_T017.csv,2026-05-15T00:00:21
20260514_235853,S05,N1,noise_walking,18,4.0,117,data\raw\S05\20260514_235853_S05_N1_T018.csv,2026-05-15T00:00:26
20260514_235853,S05,N1,noise_walking,19,4.0,119,data\raw\S05\20260514_235853_S05_N1_T019.csv,2026-05-15T00:00:31
20260514_235853,S05,N1,noise_walking,20,4.0,117,data\raw\S05\20260514_235853_S05_N1_T020.csv,2026-05-15T00:00:37
20260514_235853,S05,N1,noise_walking,21,4.0,107,data\raw\S05\20260514_235853_S05_N1_T021.csv,2026-05-15T00:00:42
20260514_235853,S05,N1,noise_walking,22,4.0,122,data\raw\S05\20260514_235853_S05_N1_T022.csv,2026-05-15T00:00:47
20260514_235853,S05,N1,noise_walking,23,4.0,117,data\raw\S05\20260514_235853_S05_N1_T023.csv,2026-05-15T00:00:52
20260514_235853,S05,N1,noise_walking,24,4.0,112,data\raw\S05\20260514_235853_S05_N1_T024.csv,2026-05-15T00:00:57
20260514_235853,S05,N1,noise_walking,25,4.0,115,data\raw\S05\20260514_235853_S05_N1_T025.csv,2026-05-15T00:01:03
20260514_235853,S05,N1,noise_walking,26,4.0,111,data\raw\S05\20260514_235853_S05_N1_T026.csv,2026-05-15T00:01:08
20260514_235853,S05,N1,noise_walking,27,4.0,108,data\raw\S05\20260514_235853_S05_N1_T027.csv,2026-05-15T00:01:13
20260514_235853,S05,N1,noise_walking,28,4.0,103,data\raw\S05\20260514_235853_S05_N1_T028.csv,2026-05-15T00:01:18
20260514_235853,S05,N1,noise_walking,29,4.0,103,data\raw\S05\20260514_235853_S05_N1_T029.csv,2026-05-15T00:01:23
20260514_235853,S05,N1,noise_walking,30,4.0,103,data\raw\S05\20260514_235853_S05_N1_T030.csv,2026-05-15T00:01:29
20260514_235853,S05,N1,noise_walking,31,4.0,108,data\raw\S05\20260514_235853_S05_N1_T031.csv,2026-05-15T00:01:34
20260514_235853,S05,N1,noise_walking,32,4.0,101,data\raw\S05\20260514_235853_S05_N1_T032.csv,2026-05-15T00:01:39
20260514_235853,S05,N1,noise_walking,33,4.0,111,data\raw\S05\20260514_235853_S05_N1_T033.csv,2026-05-15T00:01:44
20260514_235853,S05,N1,noise_walking,34,4.0,105,data\raw\S05\20260514_235853_S05_N1_T034.csv,2026-05-15T00:01:49
20260514_235853,S05,N1,noise_walking,35,4.0,109,data\raw\S05\20260514_235853_S05_N1_T035.csv,2026-05-15T00:01:54
20260514_235853,S05,N1,noise_walking,36,4.0,95,data\raw\S05\20260514_235853_S05_N1_T036.csv,2026-05-15T00:02:00
20260514_235853,S05,N1,noise_walking,37,4.0,103,data\raw\S05\20260514_235853_S05_N1_T037.csv,2026-05-15T00:02:05
20260514_235853,S05,N1,noise_walking,38,4.0,100,data\raw\S05\20260514_235853_S05_N1_T038.csv,2026-05-15T00:02:10
20260514_235853,S05,N1,noise_walking,39,4.0,92,data\raw\S05\20260514_235853_S05_N1_T039.csv,2026-05-15T00:02:15
20260514_235853,S05,N1,noise_walking,40,4.0,109,data\raw\S05\20260514_235853_S05_N1_T040.csv,2026-05-15T00:02:20
20260515_000321,S05,N2,noise_watch,1,4.0,114,data\raw\S05\20260515_000321_S05_N2_T001.csv,2026-05-15T00:03:26
20260515_000321,S05,N2,noise_watch,2,4.0,111,data\raw\S05\20260515_000321_S05_N2_T002.csv,2026-05-15T00:03:31
20260515_000321,S05,N2,noise_watch,3,4.0,108,data\raw\S05\20260515_000321_S05_N2_T003.csv,2026-05-15T00:03:36
20260515_000321,S05,N2,noise_watch,4,4.0,114,data\raw\S05\20260515_000321_S05_N2_T004.csv,2026-05-15T00:03:41
20260515_000321,S05,N2,noise_watch,5,4.0,110,data\raw\S05\20260515_000321_S05_N2_T005.csv,2026-05-15T00:03:47
20260515_000321,S05,N2,noise_watch,6,4.0,110,data\raw\S05\20260515_000321_S05_N2_T006.csv,2026-05-15T00:03:52
20260515_000321,S05,N2,noise_watch,7,4.0,120,data\raw\S05\20260515_000321_S05_N2_T007.csv,2026-05-15T00:03:57
20260515_000321,S05,N2,noise_watch,8,4.0,107,data\raw\S05\20260515_000321_S05_N2_T008.csv,2026-05-15T00:04:02
20260515_000321,S05,N2,noise_watch,9,4.0,108,data\raw\S05\20260515_000321_S05_N2_T009.csv,2026-05-15T00:04:07
20260515_000321,S05,N2,noise_watch,10,4.0,113,data\raw\S05\20260515_000321_S05_N2_T010.csv,2026-05-15T00:04:13
20260515_000321,S05,N2,noise_watch,11,4.0,113,data\raw\S05\20260515_000321_S05_N2_T011.csv,2026-05-15T00:04:18
20260515_000321,S05,N2,noise_watch,12,4.0,111,data\raw\S05\20260515_000321_S05_N2_T012.csv,2026-05-15T00:04:23
20260515_000321,S05,N2,noise_watch,13,4.0,108,data\raw\S05\20260515_000321_S05_N2_T013.csv,2026-05-15T00:04:28
20260515_000321,S05,N2,noise_watch,14,4.0,118,data\raw\S05\20260515_000321_S05_N2_T014.csv,2026-05-15T00:04:33
20260515_000321,S05,N2,noise_watch,15,4.0,110,data\raw\S05\20260515_000321_S05_N2_T015.csv,2026-05-15T00:04:38
20260515_000321,S05,N2,noise_watch,16,4.0,100,data\raw\S05\20260515_000321_S05_N2_T016.csv,2026-05-15T00:04:44
20260515_000321,S05,N2,noise_watch,17,4.0,105,data\raw\S05\20260515_000321_S05_N2_T017.csv,2026-05-15T00:04:49
20260515_000321,S05,N2,noise_watch,18,4.0,87,data\raw\S05\20260515_000321_S05_N2_T018.csv,2026-05-15T00:04:54
20260515_000321,S05,N2,noise_watch,19,4.0,104,data\raw\S05\20260515_000321_S05_N2_T019.csv,2026-05-15T00:04:59
20260515_000321,S05,N2,noise_watch,20,4.0,103,data\raw\S05\20260515_000321_S05_N2_T020.csv,2026-05-15T00:05:04
20260515_000321,S05,N2,noise_watch,21,4.0,91,data\raw\S05\20260515_000321_S05_N2_T021.csv,2026-05-15T00:05:09
20260515_000321,S05,N2,noise_watch,22,4.0,105,data\raw\S05\20260515_000321_S05_N2_T022.csv,2026-05-15T00:05:15
20260515_000321,S05,N2,noise_watch,23,4.0,100,data\raw\S05\20260515_000321_S05_N2_T023.csv,2026-05-15T00:05:20
20260515_000321,S05,N2,noise_watch,24,4.0,93,data\raw\S05\20260515_000321_S05_N2_T024.csv,2026-05-15T00:05:25
20260515_000321,S05,N2,noise_watch,25,4.0,105,data\raw\S05\20260515_000321_S05_N2_T025.csv,2026-05-15T00:05:30
20260515_000321,S05,N2,noise_watch,26,4.0,102,data\raw\S05\20260515_000321_S05_N2_T026.csv,2026-05-15T00:05:35
20260515_000321,S05,N2,noise_watch,27,4.0,97,data\raw\S05\20260515_000321_S05_N2_T027.csv,2026-05-15T00:05:41
20260515_000321,S05,N2,noise_watch,28,4.0,108,data\raw\S05\20260515_000321_S05_N2_T028.csv,2026-05-15T00:05:46
20260515_000321,S05,N2,noise_watch,29,4.0,107,data\raw\S05\20260515_000321_S05_N2_T029.csv,2026-05-15T00:05:51
20260515_000321,S05,N2,noise_watch,30,4.0,106,data\raw\S05\20260515_000321_S05_N2_T030.csv,2026-05-15T00:05:56
20260515_000321,S05,N2,noise_watch,31,4.0,67,data\raw\S05\20260515_000321_S05_N2_T031.csv,2026-05-15T00:06:02
20260515_000321,S05,N2,noise_watch,32,4.0,79,data\raw\S05\20260515_000321_S05_N2_T032.csv,2026-05-15T00:06:07
20260515_000321,S05,N2,noise_watch,33,4.0,80,data\raw\S05\20260515_000321_S05_N2_T033.csv,2026-05-15T00:06:12
20260515_000321,S05,N2,noise_watch,34,4.0,65,data\raw\S05\20260515_000321_S05_N2_T034.csv,2026-05-15T00:06:18
20260515_000321,S05,N2,noise_watch,35,4.0,64,data\raw\S05\20260515_000321_S05_N2_T035.csv,2026-05-15T00:06:23
20260515_000321,S05,N2,noise_watch,36,4.0,94,data\raw\S05\20260515_000321_S05_N2_T036.csv,2026-05-15T00:06:28
20260515_000321,S05,N2,noise_watch,37,4.0,99,data\raw\S05\20260515_000321_S05_N2_T037.csv,2026-05-15T00:06:33
20260515_000321,S05,N2,noise_watch,38,4.0,101,data\raw\S05\20260515_000321_S05_N2_T038.csv,2026-05-15T00:06:38
20260515_000321,S05,N2,noise_watch,39,4.0,99,data\raw\S05\20260515_000321_S05_N2_T039.csv,2026-05-15T00:06:44
20260515_000321,S05,N2,noise_watch,40,4.0,101,data\raw\S05\20260515_000321_S05_N2_T040.csv,2026-05-15T00:06:49
20260515_000716,S05,N3,noise_typing,1,4.0,112,data\raw\S05\20260515_000716_S05_N3_T001.csv,2026-05-15T00:07:21
20260515_000716,S05,N3,noise_typing,2,4.0,116,data\raw\S05\20260515_000716_S05_N3_T002.csv,2026-05-15T00:07:26
20260515_000716,S05,N3,noise_typing,3,4.0,111,data\raw\S05\20260515_000716_S05_N3_T003.csv,2026-05-15T00:07:31
20260515_000716,S05,N3,noise_typing,4,4.0,113,data\raw\S05\20260515_000716_S05_N3_T004.csv,2026-05-15T00:07:36
20260515_000716,S05,N3,noise_typing,5,4.0,110,data\raw\S05\20260515_000716_S05_N3_T005.csv,2026-05-15T00:07:42
20260515_000716,S05,N3,noise_typing,6,4.0,96,data\raw\S05\20260515_000716_S05_N3_T006.csv,2026-05-15T00:07:47
20260515_000716,S05,N3,noise_typing,7,4.0,93,data\raw\S05\20260515_000716_S05_N3_T007.csv,2026-05-15T00:07:52
20260515_000716,S05,N3,noise_typing,8,4.0,97,data\raw\S05\20260515_000716_S05_N3_T008.csv,2026-05-15T00:07:57
20260515_000716,S05,N3,noise_typing,9,4.0,111,data\raw\S05\20260515_000716_S05_N3_T009.csv,2026-05-15T00:08:02
20260515_000716,S05,N3,noise_typing,10,4.0,91,data\raw\S05\20260515_000716_S05_N3_T010.csv,2026-05-15T00:08:08
20260515_000716,S05,N3,noise_typing,11,4.0,109,data\raw\S05\20260515_000716_S05_N3_T011.csv,2026-05-15T00:08:13
20260515_000716,S05,N3,noise_typing,12,4.0,92,data\raw\S05\20260515_000716_S05_N3_T012.csv,2026-05-15T00:08:18
20260515_000716,S05,N3,noise_typing,13,4.0,104,data\raw\S05\20260515_000716_S05_N3_T013.csv,2026-05-15T00:08:23
20260515_000716,S05,N3,noise_typing,14,4.0,108,data\raw\S05\20260515_000716_S05_N3_T014.csv,2026-05-15T00:08:29
20260515_000716,S05,N3,noise_typing,15,4.0,104,data\raw\S05\20260515_000716_S05_N3_T015.csv,2026-05-15T00:08:34
20260515_000716,S05,N3,noise_typing,16,4.0,95,data\raw\S05\20260515_000716_S05_N3_T016.csv,2026-05-15T00:08:39
20260515_000716,S05,N3,noise_typing,17,4.0,99,data\raw\S05\20260515_000716_S05_N3_T017.csv,2026-05-15T00:08:44
20260515_000716,S05,N3,noise_typing,18,4.0,103,data\raw\S05\20260515_000716_S05_N3_T018.csv,2026-05-15T00:08:49
20260515_000716,S05,N3,noise_typing,19,4.0,96,data\raw\S05\20260515_000716_S05_N3_T019.csv,2026-05-15T00:08:54
20260515_000716,S05,N3,noise_typing,20,4.0,107,data\raw\S05\20260515_000716_S05_N3_T020.csv,2026-05-15T00:09:00
20260515_000716,S05,N3,noise_typing,21,4.0,102,data\raw\S05\20260515_000716_S05_N3_T021.csv,2026-05-15T00:09:05
20260515_000716,S05,N3,noise_typing,22,4.0,103,data\raw\S05\20260515_000716_S05_N3_T022.csv,2026-05-15T00:09:10
20260515_000716,S05,N3,noise_typing,23,4.0,96,data\raw\S05\20260515_000716_S05_N3_T023.csv,2026-05-15T00:09:15
20260515_000716,S05,N3,noise_typing,24,4.0,100,data\raw\S05\20260515_000716_S05_N3_T024.csv,2026-05-15T00:09:20
20260515_000716,S05,N3,noise_typing,25,4.0,103,data\raw\S05\20260515_000716_S05_N3_T025.csv,2026-05-15T00:09:26
20260515_000716,S05,N3,noise_typing,26,4.0,93,data\raw\S05\20260515_000716_S05_N3_T026.csv,2026-05-15T00:09:31
20260515_000716,S05,N3,noise_typing,27,4.0,83,data\raw\S05\20260515_000716_S05_N3_T027.csv,2026-05-15T00:09:36
20260515_000716,S05,N3,noise_typing,28,4.0,104,data\raw\S05\20260515_000716_S05_N3_T028.csv,2026-05-15T00:09:41
20260515_000716,S05,N3,noise_typing,29,4.0,102,data\raw\S05\20260515_000716_S05_N3_T029.csv,2026-05-15T00:09:47
20260515_000716,S05,N3,noise_typing,30,4.0,88,data\raw\S05\20260515_000716_S05_N3_T030.csv,2026-05-15T00:09:52
20260515_000716,S05,N3,noise_typing,31,4.0,97,data\raw\S05\20260515_000716_S05_N3_T031.csv,2026-05-15T00:09:57
20260515_000716,S05,N3,noise_typing,32,4.0,99,data\raw\S05\20260515_000716_S05_N3_T032.csv,2026-05-15T00:10:02
20260515_000716,S05,N3,noise_typing,33,4.0,94,data\raw\S05\20260515_000716_S05_N3_T033.csv,2026-05-15T00:10:07
20260515_000716,S05,N3,noise_typing,34,4.0,81,data\raw\S05\20260515_000716_S05_N3_T034.csv,2026-05-15T00:10:13
20260515_000716,S05,N3,noise_typing,35,4.0,86,data\raw\S05\20260515_000716_S05_N3_T035.csv,2026-05-15T00:10:18
20260515_000716,S05,N3,noise_typing,36,4.0,103,data\raw\S05\20260515_000716_S05_N3_T036.csv,2026-05-15T00:10:23
20260515_000716,S05,N3,noise_typing,37,4.0,98,data\raw\S05\20260515_000716_S05_N3_T037.csv,2026-05-15T00:10:28
20260515_000716,S05,N3,noise_typing,38,4.0,98,data\raw\S05\20260515_000716_S05_N3_T038.csv,2026-05-15T00:10:34
20260515_000716,S05,N3,noise_typing,39,4.0,115,data\raw\S05\20260515_000716_S05_N3_T039.csv,2026-05-15T00:10:39
20260515_000716,S05,N3,noise_typing,40,4.0,109,data\raw\S05\20260515_000716_S05_N3_T040.csv,2026-05-15T00:10:44
20260515_001132,S05,N4,noise_drinking,1,4.0,113,data\raw\S05\20260515_001132_S05_N4_T001.csv,2026-05-15T00:11:37
20260515_001132,S05,N4,noise_drinking,2,4.0,111,data\raw\S05\20260515_001132_S05_N4_T002.csv,2026-05-15T00:11:42
20260515_001132,S05,N4,noise_drinking,3,4.0,111,data\raw\S05\20260515_001132_S05_N4_T003.csv,2026-05-15T00:11:47
20260515_001132,S05,N4,noise_drinking,4,4.0,115,data\raw\S05\20260515_001132_S05_N4_T004.csv,2026-05-15T00:11:53
20260515_001132,S05,N4,noise_drinking,5,4.0,120,data\raw\S05\20260515_001132_S05_N4_T005.csv,2026-05-15T00:11:58
20260515_001132,S05,N4,noise_drinking,6,4.0,115,data\raw\S05\20260515_001132_S05_N4_T006.csv,2026-05-15T00:12:03
20260515_001132,S05,N4,noise_drinking,7,4.0,114,data\raw\S05\20260515_001132_S05_N4_T007.csv,2026-05-15T00:12:08
20260515_001132,S05,N4,noise_drinking,8,4.0,115,data\raw\S05\20260515_001132_S05_N4_T008.csv,2026-05-15T00:12:13
20260515_001132,S05,N4,noise_drinking,9,4.0,110,data\raw\S05\20260515_001132_S05_N4_T009.csv,2026-05-15T00:12:19
20260515_001132,S05,N4,noise_drinking,10,4.0,122,data\raw\S05\20260515_001132_S05_N4_T010.csv,2026-05-15T00:12:24
20260515_001132,S05,N4,noise_drinking,11,4.0,112,data\raw\S05\20260515_001132_S05_N4_T011.csv,2026-05-15T00:12:29
20260515_001132,S05,N4,noise_drinking,12,4.0,108,data\raw\S05\20260515_001132_S05_N4_T012.csv,2026-05-15T00:12:34
20260515_001132,S05,N4,noise_drinking,13,4.0,115,data\raw\S05\20260515_001132_S05_N4_T013.csv,2026-05-15T00:12:40
20260515_001132,S05,N4,noise_drinking,14,4.0,106,data\raw\S05\20260515_001132_S05_N4_T014.csv,2026-05-15T00:12:45
20260515_001132,S05,N4,noise_drinking,15,4.0,110,data\raw\S05\20260515_001132_S05_N4_T015.csv,2026-05-15T00:12:50
20260515_001132,S05,N4,noise_drinking,16,4.0,96,data\raw\S05\20260515_001132_S05_N4_T016.csv,2026-05-15T00:12:56
20260515_001132,S05,N4,noise_drinking,17,4.0,104,data\raw\S05\20260515_001132_S05_N4_T017.csv,2026-05-15T00:13:01
20260515_001132,S05,N4,noise_drinking,18,4.0,100,data\raw\S05\20260515_001132_S05_N4_T018.csv,2026-05-15T00:13:06
20260515_001132,S05,N4,noise_drinking,19,4.0,102,data\raw\S05\20260515_001132_S05_N4_T019.csv,2026-05-15T00:13:11
20260515_001132,S05,N4,noise_drinking,20,4.0,108,data\raw\S05\20260515_001132_S05_N4_T020.csv,2026-05-15T00:13:16
20260515_001132,S05,N4,noise_drinking,21,4.0,103,data\raw\S05\20260515_001132_S05_N4_T021.csv,2026-05-15T00:13:22
20260515_001132,S05,N4,noise_drinking,22,4.0,102,data\raw\S05\20260515_001132_S05_N4_T022.csv,2026-05-15T00:13:27
20260515_001132,S05,N4,noise_drinking,23,4.0,97,data\raw\S05\20260515_001132_S05_N4_T023.csv,2026-05-15T00:13:32
20260515_001132,S05,N4,noise_drinking,24,4.0,97,data\raw\S05\20260515_001132_S05_N4_T024.csv,2026-05-15T00:13:37
20260515_001132,S05,N4,noise_drinking,25,4.0,107,data\raw\S05\20260515_001132_S05_N4_T025.csv,2026-05-15T00:13:42
20260515_001132,S05,N4,noise_drinking,26,4.0,108,data\raw\S05\20260515_001132_S05_N4_T026.csv,2026-05-15T00:13:47
20260515_001132,S05,N4,noise_drinking,27,4.0,95,data\raw\S05\20260515_001132_S05_N4_T027.csv,2026-05-15T00:13:53
20260515_001132,S05,N4,noise_drinking,28,4.0,104,data\raw\S05\20260515_001132_S05_N4_T028.csv,2026-05-15T00:13:58
20260515_001132,S05,N4,noise_drinking,29,4.0,101,data\raw\S05\20260515_001132_S05_N4_T029.csv,2026-05-15T00:14:03
20260515_001132,S05,N4,noise_drinking,30,4.0,105,data\raw\S05\20260515_001132_S05_N4_T030.csv,2026-05-15T00:14:08
20260515_001132,S05,N4,noise_drinking,31,4.0,92,data\raw\S05\20260515_001132_S05_N4_T031.csv,2026-05-15T00:14:13
20260515_001132,S05,N4,noise_drinking,32,4.0,100,data\raw\S05\20260515_001132_S05_N4_T032.csv,2026-05-15T00:14:19
20260515_001132,S05,N4,noise_drinking,33,4.0,91,data\raw\S05\20260515_001132_S05_N4_T033.csv,2026-05-15T00:14:24
20260515_001132,S05,N4,noise_drinking,34,4.0,92,data\raw\S05\20260515_001132_S05_N4_T034.csv,2026-05-15T00:14:29
20260515_001132,S05,N4,noise_drinking,35,4.0,78,data\raw\S05\20260515_001132_S05_N4_T035.csv,2026-05-15T00:14:34
20260515_001132,S05,N4,noise_drinking,36,4.0,49,data\raw\S05\20260515_001132_S05_N4_T036.csv,2026-05-15T00:14:39
20260515_001132,S05,N4,noise_drinking,37,4.0,89,data\raw\S05\20260515_001132_S05_N4_T037.csv,2026-05-15T00:14:45
20260515_001132,S05,N4,noise_drinking,38,4.0,98,data\raw\S05\20260515_001132_S05_N4_T038.csv,2026-05-15T00:14:50
20260515_001132,S05,N4,noise_drinking,39,4.0,106,data\raw\S05\20260515_001132_S05_N4_T039.csv,2026-05-15T00:14:55
20260515_001132,S05,N4,noise_drinking,40,4.0,105,data\raw\S05\20260515_001132_S05_N4_T040.csv,2026-05-15T00:15:00
20260515_001535,S05,N5,noise_scratch,1,4.0,113,data\raw\S05\20260515_001535_S05_N5_T001.csv,2026-05-15T00:15:40
20260515_001535,S05,N5,noise_scratch,2,4.0,109,data\raw\S05\20260515_001535_S05_N5_T002.csv,2026-05-15T00:15:45
20260515_001535,S05,N5,noise_scratch,3,4.0,112,data\raw\S05\20260515_001535_S05_N5_T003.csv,2026-05-15T00:15:50
20260515_001535,S05,N5,noise_scratch,4,4.0,108,data\raw\S05\20260515_001535_S05_N5_T004.csv,2026-05-15T00:15:56
20260515_001535,S05,N5,noise_scratch,5,4.0,107,data\raw\S05\20260515_001535_S05_N5_T005.csv,2026-05-15T00:16:01
20260515_001535,S05,N5,noise_scratch,6,4.0,115,data\raw\S05\20260515_001535_S05_N5_T006.csv,2026-05-15T00:16:06
20260515_001535,S05,N5,noise_scratch,7,4.0,111,data\raw\S05\20260515_001535_S05_N5_T007.csv,2026-05-15T00:16:11
20260515_001535,S05,N5,noise_scratch,8,4.0,107,data\raw\S05\20260515_001535_S05_N5_T008.csv,2026-05-15T00:16:16
20260515_001535,S05,N5,noise_scratch,9,4.0,113,data\raw\S05\20260515_001535_S05_N5_T009.csv,2026-05-15T00:16:22
20260515_001535,S05,N5,noise_scratch,10,4.0,108,data\raw\S05\20260515_001535_S05_N5_T010.csv,2026-05-15T00:16:27
20260515_001535,S05,N5,noise_scratch,11,4.0,107,data\raw\S05\20260515_001535_S05_N5_T011.csv,2026-05-15T00:16:32
20260515_001535,S05,N5,noise_scratch,12,4.0,109,data\raw\S05\20260515_001535_S05_N5_T012.csv,2026-05-15T00:16:37
20260515_001535,S05,N5,noise_scratch,13,4.0,98,data\raw\S05\20260515_001535_S05_N5_T013.csv,2026-05-15T00:16:42
20260515_001535,S05,N5,noise_scratch,14,4.0,94,data\raw\S05\20260515_001535_S05_N5_T014.csv,2026-05-15T00:16:47
20260515_001535,S05,N5,noise_scratch,15,4.0,100,data\raw\S05\20260515_001535_S05_N5_T015.csv,2026-05-15T00:16:53
20260515_001535,S05,N5,noise_scratch,16,4.0,95,data\raw\S05\20260515_001535_S05_N5_T016.csv,2026-05-15T00:16:58
20260515_001535,S05,N5,noise_scratch,17,4.0,103,data\raw\S05\20260515_001535_S05_N5_T017.csv,2026-05-15T00:17:03
20260515_001535,S05,N5,noise_scratch,18,4.0,96,data\raw\S05\20260515_001535_S05_N5_T018.csv,2026-05-15T00:17:08
20260515_001535,S05,N5,noise_scratch,19,4.0,86,data\raw\S05\20260515_001535_S05_N5_T019.csv,2026-05-15T00:17:14
20260515_001535,S05,N5,noise_scratch,20,4.0,91,data\raw\S05\20260515_001535_S05_N5_T020.csv,2026-05-15T00:17:19
20260515_001535,S05,N5,noise_scratch,21,4.0,90,data\raw\S05\20260515_001535_S05_N5_T021.csv,2026-05-15T00:17:24
20260515_001535,S05,N5,noise_scratch,22,4.0,92,data\raw\S05\20260515_001535_S05_N5_T022.csv,2026-05-15T00:17:29
20260515_001535,S05,N5,noise_scratch,23,4.0,106,data\raw\S05\20260515_001535_S05_N5_T023.csv,2026-05-15T00:17:34
20260515_001535,S05,N5,noise_scratch,24,4.0,104,data\raw\S05\20260515_001535_S05_N5_T024.csv,2026-05-15T00:17:40
20260515_001535,S05,N5,noise_scratch,25,4.0,106,data\raw\S05\20260515_001535_S05_N5_T025.csv,2026-05-15T00:17:45
20260515_001535,S05,N5,noise_scratch,26,4.0,98,data\raw\S05\20260515_001535_S05_N5_T026.csv,2026-05-15T00:17:50
20260515_001535,S05,N5,noise_scratch,27,4.0,98,data\raw\S05\20260515_001535_S05_N5_T027.csv,2026-05-15T00:17:55
20260515_001535,S05,N5,noise_scratch,28,4.0,101,data\raw\S05\20260515_001535_S05_N5_T028.csv,2026-05-15T00:18:01
20260515_001535,S05,N5,noise_scratch,29,4.0,106,data\raw\S05\20260515_001535_S05_N5_T029.csv,2026-05-15T00:18:06
20260515_001535,S05,N5,noise_scratch,30,4.0,105,data\raw\S05\20260515_001535_S05_N5_T030.csv,2026-05-15T00:18:11
20260515_001535,S05,N5,noise_scratch,31,4.0,103,data\raw\S05\20260515_001535_S05_N5_T031.csv,2026-05-15T00:18:16
20260515_001535,S05,N5,noise_scratch,32,4.0,104,data\raw\S05\20260515_001535_S05_N5_T032.csv,2026-05-15T00:18:22
20260515_001535,S05,N5,noise_scratch,33,4.0,93,data\raw\S05\20260515_001535_S05_N5_T033.csv,2026-05-15T00:18:27
20260515_001535,S05,N5,noise_scratch,34,4.0,100,data\raw\S05\20260515_001535_S05_N5_T034.csv,2026-05-15T00:18:32
20260515_001535,S05,N5,noise_scratch,35,4.0,92,data\raw\S05\20260515_001535_S05_N5_T035.csv,2026-05-15T00:18:37
20260515_001535,S05,N5,noise_scratch,36,4.0,107,data\raw\S05\20260515_001535_S05_N5_T036.csv,2026-05-15T00:18:42
20260515_001535,S05,N5,noise_scratch,37,4.0,100,data\raw\S05\20260515_001535_S05_N5_T037.csv,2026-05-15T00:18:48
20260515_001535,S05,N5,noise_scratch,38,4.0,102,data\raw\S05\20260515_001535_S05_N5_T038.csv,2026-05-15T00:18:53
20260515_001535,S05,N5,noise_scratch,39,4.0,84,data\raw\S05\20260515_001535_S05_N5_T039.csv,2026-05-15T00:18:58
20260515_001535,S05,N5,noise_scratch,40,4.0,102,data\raw\S05\20260515_001535_S05_N5_T040.csv,2026-05-15T00:19:03
20260515_151745,S06,G1,star_first,1,4.0,132,data\raw\S06\20260515_151745_S06_G1_T001.csv,2026-05-15T15:17:50
20260515_151745,S06,G1,star_first,2,4.0,124,data\raw\S06\20260515_151745_S06_G1_T002.csv,2026-05-15T15:17:57
20260515_151845,S06,G1,star_first,41,4.0,129,data\raw\S06\20260515_151845_S06_G1_T041.csv,2026-05-15T15:18:51
20260515_151845,S06,G1,star_first,42,4.0,128,data\raw\S06\20260515_151845_S06_G1_T042.csv,2026-05-15T15:18:57
20260515_151845,S06,G1,star_first,43,4.0,113,data\raw\S06\20260515_151845_S06_G1_T043.csv,2026-05-15T15:19:04
20260515_151845,S06,G1,star_first,44,4.0,114,data\raw\S06\20260515_151845_S06_G1_T044.csv,2026-05-15T15:19:11
20260515_151845,S06,G1,star_first,45,4.0,132,data\raw\S06\20260515_151845_S06_G1_T045.csv,2026-05-15T15:19:17
20260515_151845,S06,G1,star_first,46,4.0,115,data\raw\S06\20260515_151845_S06_G1_T046.csv,2026-05-15T15:19:24
20260515_151845,S06,G1,star_first,47,4.0,121,data\raw\S06\20260515_151845_S06_G1_T047.csv,2026-05-15T15:19:31
20260515_151845,S06,G1,star_first,48,4.0,117,data\raw\S06\20260515_151845_S06_G1_T048.csv,2026-05-15T15:19:37
20260515_151845,S06,G1,star_first,49,4.0,127,data\raw\S06\20260515_151845_S06_G1_T049.csv,2026-05-15T15:19:44
20260515_151845,S06,G1,star_first,50,4.0,118,data\raw\S06\20260515_151845_S06_G1_T050.csv,2026-05-15T15:19:51
20260515_151845,S06,G1,star_first,51,4.0,117,data\raw\S06\20260515_151845_S06_G1_T051.csv,2026-05-15T15:19:57
20260515_151845,S06,G1,star_first,52,4.0,117,data\raw\S06\20260515_151845_S06_G1_T052.csv,2026-05-15T15:20:04
20260515_151845,S06,G1,star_first,53,4.0,129,data\raw\S06\20260515_151845_S06_G1_T053.csv,2026-05-15T15:20:11
20260515_151845,S06,G1,star_first,54,4.0,120,data\raw\S06\20260515_151845_S06_G1_T054.csv,2026-05-15T15:20:17
20260515_151845,S06,G1,star_first,55,4.0,127,data\raw\S06\20260515_151845_S06_G1_T055.csv,2026-05-15T15:20:24
20260515_151845,S06,G1,star_first,56,4.0,118,data\raw\S06\20260515_151845_S06_G1_T056.csv,2026-05-15T15:20:31
20260515_151845,S06,G1,star_first,57,4.0,120,data\raw\S06\20260515_151845_S06_G1_T057.csv,2026-05-15T15:20:37
20260515_151845,S06,G1,star_first,58,4.0,115,data\raw\S06\20260515_151845_S06_G1_T058.csv,2026-05-15T15:20:44
20260515_151845,S06,G1,star_first,59,4.0,127,data\raw\S06\20260515_151845_S06_G1_T059.csv,2026-05-15T15:20:51
20260515_151845,S06,G1,star_first,60,4.0,128,data\raw\S06\20260515_151845_S06_G1_T060.csv,2026-05-15T15:20:57
20260515_151845,S06,G1,star_first,61,4.0,118,data\raw\S06\20260515_151845_S06_G1_T061.csv,2026-05-15T15:21:04
20260515_151845,S06,G1,star_first,62,4.0,131,data\raw\S06\20260515_151845_S06_G1_T062.csv,2026-05-15T15:21:11
20260515_151845,S06,G1,star_first,63,4.0,115,data\raw\S06\20260515_151845_S06_G1_T063.csv,2026-05-15T15:21:18
20260515_151845,S06,G1,star_first,64,4.0,115,data\raw\S06\20260515_151845_S06_G1_T064.csv,2026-05-15T15:21:24
20260515_151845,S06,G1,star_first,65,4.0,119,data\raw\S06\20260515_151845_S06_G1_T065.csv,2026-05-15T15:21:31
20260515_151845,S06,G1,star_first,66,4.0,118,data\raw\S06\20260515_151845_S06_G1_T066.csv,2026-05-15T15:21:38
20260515_151845,S06,G1,star_first,67,4.0,116,data\raw\S06\20260515_151845_S06_G1_T067.csv,2026-05-15T15:21:44
20260515_151845,S06,G1,star_first,68,4.0,119,data\raw\S06\20260515_151845_S06_G1_T068.csv,2026-05-15T15:21:51
20260515_151845,S06,G1,star_first,69,4.0,123,data\raw\S06\20260515_151845_S06_G1_T069.csv,2026-05-15T15:21:58
20260515_151845,S06,G1,star_first,70,4.0,131,data\raw\S06\20260515_151845_S06_G1_T070.csv,2026-05-15T15:22:04
20260515_151845,S06,G1,star_first,71,4.0,121,data\raw\S06\20260515_151845_S06_G1_T071.csv,2026-05-15T15:22:11
20260515_151845,S06,G1,star_first,72,4.0,119,data\raw\S06\20260515_151845_S06_G1_T072.csv,2026-05-15T15:22:18
20260515_151845,S06,G1,star_first,73,4.0,114,data\raw\S06\20260515_151845_S06_G1_T073.csv,2026-05-15T15:22:24
20260515_151845,S06,G1,star_first,74,4.0,123,data\raw\S06\20260515_151845_S06_G1_T074.csv,2026-05-15T15:22:31
20260515_151845,S06,G1,star_first,75,4.0,132,data\raw\S06\20260515_151845_S06_G1_T075.csv,2026-05-15T15:22:38
20260515_151845,S06,G1,star_first,76,4.0,121,data\raw\S06\20260515_151845_S06_G1_T076.csv,2026-05-15T15:22:45
20260515_151845,S06,G1,star_first,77,4.0,126,data\raw\S06\20260515_151845_S06_G1_T077.csv,2026-05-15T15:22:51
20260515_151845,S06,G1,star_first,78,4.0,108,data\raw\S06\20260515_151845_S06_G1_T078.csv,2026-05-15T15:22:58
20260515_151845,S06,G1,star_first,79,4.0,94,data\raw\S06\20260515_151845_S06_G1_T079.csv,2026-05-15T15:23:05
20260515_151845,S06,G1,star_first,80,4.0,87,data\raw\S06\20260515_151845_S06_G1_T080.csv,2026-05-15T15:23:12
20260515_152352,S06,G2,select_wrist_rotate,1,4.0,116,data\raw\S06\20260515_152352_S06_G2_T001.csv,2026-05-15T15:23:57
20260515_152352,S06,G2,select_wrist_rotate,2,4.0,113,data\raw\S06\20260515_152352_S06_G2_T002.csv,2026-05-15T15:24:04
20260515_152352,S06,G2,select_wrist_rotate,3,4.0,120,data\raw\S06\20260515_152352_S06_G2_T003.csv,2026-05-15T15:24:10
20260515_152352,S06,G2,select_wrist_rotate,4,4.0,118,data\raw\S06\20260515_152352_S06_G2_T004.csv,2026-05-15T15:24:17
20260515_152352,S06,G2,select_wrist_rotate,5,4.0,125,data\raw\S06\20260515_152352_S06_G2_T005.csv,2026-05-15T15:24:24
20260515_152352,S06,G2,select_wrist_rotate,6,4.0,121,data\raw\S06\20260515_152352_S06_G2_T006.csv,2026-05-15T15:24:31
20260515_152352,S06,G2,select_wrist_rotate,7,4.0,115,data\raw\S06\20260515_152352_S06_G2_T007.csv,2026-05-15T15:24:37
20260515_152352,S06,G2,select_wrist_rotate,8,4.0,117,data\raw\S06\20260515_152352_S06_G2_T008.csv,2026-05-15T15:24:44
20260515_152352,S06,G2,select_wrist_rotate,9,4.0,118,data\raw\S06\20260515_152352_S06_G2_T009.csv,2026-05-15T15:24:51
20260515_152352,S06,G2,select_wrist_rotate,10,4.0,120,data\raw\S06\20260515_152352_S06_G2_T010.csv,2026-05-15T15:24:57
20260515_152352,S06,G2,select_wrist_rotate,11,4.0,114,data\raw\S06\20260515_152352_S06_G2_T011.csv,2026-05-15T15:25:04
20260515_152352,S06,G2,select_wrist_rotate,12,4.0,116,data\raw\S06\20260515_152352_S06_G2_T012.csv,2026-05-15T15:25:11
20260515_152352,S06,G2,select_wrist_rotate,13,4.0,114,data\raw\S06\20260515_152352_S06_G2_T013.csv,2026-05-15T15:25:17
20260515_152352,S06,G2,select_wrist_rotate,14,4.0,116,data\raw\S06\20260515_152352_S06_G2_T014.csv,2026-05-15T15:25:24
20260515_152352,S06,G2,select_wrist_rotate,15,4.0,112,data\raw\S06\20260515_152352_S06_G2_T015.csv,2026-05-15T15:25:31
20260515_152352,S06,G2,select_wrist_rotate,16,4.0,113,data\raw\S06\20260515_152352_S06_G2_T016.csv,2026-05-15T15:25:37
20260515_152352,S06,G2,select_wrist_rotate,17,4.0,113,data\raw\S06\20260515_152352_S06_G2_T017.csv,2026-05-15T15:25:44
20260515_152352,S06,G2,select_wrist_rotate,18,4.0,116,data\raw\S06\20260515_152352_S06_G2_T018.csv,2026-05-15T15:25:51
20260515_152352,S06,G2,select_wrist_rotate,19,4.0,114,data\raw\S06\20260515_152352_S06_G2_T019.csv,2026-05-15T15:25:58
20260515_152352,S06,G2,select_wrist_rotate,20,4.0,126,data\raw\S06\20260515_152352_S06_G2_T020.csv,2026-05-15T15:26:04
20260515_152352,S06,G2,select_wrist_rotate,21,4.0,114,data\raw\S06\20260515_152352_S06_G2_T021.csv,2026-05-15T15:26:11
20260515_152352,S06,G2,select_wrist_rotate,22,4.0,120,data\raw\S06\20260515_152352_S06_G2_T022.csv,2026-05-15T15:26:18
20260515_152352,S06,G2,select_wrist_rotate,23,4.0,123,data\raw\S06\20260515_152352_S06_G2_T023.csv,2026-05-15T15:26:24
20260515_152352,S06,G2,select_wrist_rotate,24,4.0,117,data\raw\S06\20260515_152352_S06_G2_T024.csv,2026-05-15T15:26:31
20260515_152352,S06,G2,select_wrist_rotate,25,4.0,118,data\raw\S06\20260515_152352_S06_G2_T025.csv,2026-05-15T15:26:38
20260515_152352,S06,G2,select_wrist_rotate,26,4.0,120,data\raw\S06\20260515_152352_S06_G2_T026.csv,2026-05-15T15:26:44
20260515_152352,S06,G2,select_wrist_rotate,27,4.0,129,data\raw\S06\20260515_152352_S06_G2_T027.csv,2026-05-15T15:26:51
20260515_152352,S06,G2,select_wrist_rotate,28,4.0,132,data\raw\S06\20260515_152352_S06_G2_T028.csv,2026-05-15T15:26:58
20260515_152352,S06,G2,select_wrist_rotate,29,4.0,120,data\raw\S06\20260515_152352_S06_G2_T029.csv,2026-05-15T15:27:04
20260515_152352,S06,G2,select_wrist_rotate,30,4.0,108,data\raw\S06\20260515_152352_S06_G2_T030.csv,2026-05-15T15:27:11
20260515_152352,S06,G2,select_wrist_rotate,31,4.0,115,data\raw\S06\20260515_152352_S06_G2_T031.csv,2026-05-15T15:27:18
20260515_152352,S06,G2,select_wrist_rotate,32,4.0,118,data\raw\S06\20260515_152352_S06_G2_T032.csv,2026-05-15T15:27:25
20260515_152352,S06,G2,select_wrist_rotate,33,4.0,119,data\raw\S06\20260515_152352_S06_G2_T033.csv,2026-05-15T15:27:31
20260515_152352,S06,G2,select_wrist_rotate,34,4.0,119,data\raw\S06\20260515_152352_S06_G2_T034.csv,2026-05-15T15:27:38
20260515_152352,S06,G2,select_wrist_rotate,35,4.0,113,data\raw\S06\20260515_152352_S06_G2_T035.csv,2026-05-15T15:27:45
20260515_152352,S06,G2,select_wrist_rotate,36,4.0,121,data\raw\S06\20260515_152352_S06_G2_T036.csv,2026-05-15T15:27:51
20260515_152352,S06,G2,select_wrist_rotate,37,4.0,103,data\raw\S06\20260515_152352_S06_G2_T037.csv,2026-05-15T15:27:58
20260515_152352,S06,G2,select_wrist_rotate,38,4.0,115,data\raw\S06\20260515_152352_S06_G2_T038.csv,2026-05-15T15:28:05
20260515_152352,S06,G2,select_wrist_rotate,39,4.0,116,data\raw\S06\20260515_152352_S06_G2_T039.csv,2026-05-15T15:28:11
20260515_152352,S06,G2,select_wrist_rotate,40,4.0,118,data\raw\S06\20260515_152352_S06_G2_T040.csv,2026-05-15T15:28:18
20260515_152910,S06,G3,tv_favorite_chanel,1,4.0,119,data\raw\S06\20260515_152910_S06_G3_T001.csv,2026-05-15T15:29:15
20260515_152910,S06,G3,tv_favorite_chanel,2,4.0,113,data\raw\S06\20260515_152910_S06_G3_T002.csv,2026-05-15T15:29:21
20260515_152910,S06,G3,tv_favorite_chanel,3,4.0,126,data\raw\S06\20260515_152910_S06_G3_T003.csv,2026-05-15T15:29:28
20260515_152910,S06,G3,tv_favorite_chanel,4,4.0,111,data\raw\S06\20260515_152910_S06_G3_T004.csv,2026-05-15T15:29:35
20260515_152910,S06,G3,tv_favorite_chanel,5,4.0,112,data\raw\S06\20260515_152910_S06_G3_T005.csv,2026-05-15T15:29:42
20260515_152910,S06,G3,tv_favorite_chanel,6,4.0,112,data\raw\S06\20260515_152910_S06_G3_T006.csv,2026-05-15T15:29:48
20260515_152910,S06,G3,tv_favorite_chanel,7,4.0,114,data\raw\S06\20260515_152910_S06_G3_T007.csv,2026-05-15T15:29:55
20260515_152910,S06,G3,tv_favorite_chanel,8,4.0,115,data\raw\S06\20260515_152910_S06_G3_T008.csv,2026-05-15T15:30:02
20260515_152910,S06,G3,tv_favorite_chanel,9,4.0,126,data\raw\S06\20260515_152910_S06_G3_T009.csv,2026-05-15T15:30:08
20260515_152910,S06,G3,tv_favorite_chanel,10,4.0,117,data\raw\S06\20260515_152910_S06_G3_T010.csv,2026-05-15T15:30:15
20260515_152910,S06,G3,tv_favorite_chanel,11,4.0,119,data\raw\S06\20260515_152910_S06_G3_T011.csv,2026-05-15T15:30:22
20260515_152910,S06,G3,tv_favorite_chanel,12,4.0,114,data\raw\S06\20260515_152910_S06_G3_T012.csv,2026-05-15T15:30:28
20260515_152910,S06,G3,tv_favorite_chanel,13,4.0,114,data\raw\S06\20260515_152910_S06_G3_T013.csv,2026-05-15T15:30:35
20260515_152910,S06,G3,tv_favorite_chanel,14,4.0,112,data\raw\S06\20260515_152910_S06_G3_T014.csv,2026-05-15T15:30:42
20260515_152910,S06,G3,tv_favorite_chanel,15,4.0,117,data\raw\S06\20260515_152910_S06_G3_T015.csv,2026-05-15T15:30:48
20260515_152910,S06,G3,tv_favorite_chanel,16,4.0,116,data\raw\S06\20260515_152910_S06_G3_T016.csv,2026-05-15T15:30:55
20260515_152910,S06,G3,tv_favorite_chanel,17,4.0,113,data\raw\S06\20260515_152910_S06_G3_T017.csv,2026-05-15T15:31:02
20260515_152910,S06,G3,tv_favorite_chanel,18,4.0,112,data\raw\S06\20260515_152910_S06_G3_T018.csv,2026-05-15T15:31:09
20260515_152910,S06,G3,tv_favorite_chanel,19,4.0,123,data\raw\S06\20260515_152910_S06_G3_T019.csv,2026-05-15T15:31:16
20260515_152910,S06,G3,tv_favorite_chanel,20,4.0,113,data\raw\S06\20260515_152910_S06_G3_T020.csv,2026-05-15T15:31:22
20260515_152910,S06,G3,tv_favorite_chanel,21,4.0,114,data\raw\S06\20260515_152910_S06_G3_T021.csv,2026-05-15T15:31:29
20260515_152910,S06,G3,tv_favorite_chanel,22,4.0,124,data\raw\S06\20260515_152910_S06_G3_T022.csv,2026-05-15T15:31:36
20260515_152910,S06,G3,tv_favorite_chanel,23,4.0,113,data\raw\S06\20260515_152910_S06_G3_T023.csv,2026-05-15T15:31:42
20260515_152910,S06,G3,tv_favorite_chanel,24,4.0,115,data\raw\S06\20260515_152910_S06_G3_T024.csv,2026-05-15T15:31:49
20260515_152910,S06,G3,tv_favorite_chanel,25,4.0,111,data\raw\S06\20260515_152910_S06_G3_T025.csv,2026-05-15T15:31:56
20260515_152910,S06,G3,tv_favorite_chanel,26,4.0,116,data\raw\S06\20260515_152910_S06_G3_T026.csv,2026-05-15T15:32:02
20260515_152910,S06,G3,tv_favorite_chanel,27,4.0,112,data\raw\S06\20260515_152910_S06_G3_T027.csv,2026-05-15T15:32:09
20260515_152910,S06,G3,tv_favorite_chanel,28,4.0,108,data\raw\S06\20260515_152910_S06_G3_T028.csv,2026-05-15T15:32:16
20260515_152910,S06,G3,tv_favorite_chanel,29,4.0,117,data\raw\S06\20260515_152910_S06_G3_T029.csv,2026-05-15T15:32:23
20260515_152910,S06,G3,tv_favorite_chanel,30,4.0,115,data\raw\S06\20260515_152910_S06_G3_T030.csv,2026-05-15T15:32:29
20260515_152910,S06,G3,tv_favorite_chanel,31,4.0,111,data\raw\S06\20260515_152910_S06_G3_T031.csv,2026-05-15T15:32:36
20260515_152910,S06,G3,tv_favorite_chanel,32,4.0,112,data\raw\S06\20260515_152910_S06_G3_T032.csv,2026-05-15T15:32:43
20260515_152910,S06,G3,tv_favorite_chanel,33,4.0,115,data\raw\S06\20260515_152910_S06_G3_T033.csv,2026-05-15T15:32:49
20260515_152910,S06,G3,tv_favorite_chanel,34,4.0,112,data\raw\S06\20260515_152910_S06_G3_T034.csv,2026-05-15T15:32:56
20260515_152910,S06,G3,tv_favorite_chanel,35,4.0,113,data\raw\S06\20260515_152910_S06_G3_T035.csv,2026-05-15T15:33:03
20260515_152910,S06,G3,tv_favorite_chanel,36,4.0,113,data\raw\S06\20260515_152910_S06_G3_T036.csv,2026-05-15T15:33:09
20260515_152910,S06,G3,tv_favorite_chanel,37,4.0,113,data\raw\S06\20260515_152910_S06_G3_T037.csv,2026-05-15T15:33:16
20260515_152910,S06,G3,tv_favorite_chanel,38,4.0,111,data\raw\S06\20260515_152910_S06_G3_T038.csv,2026-05-15T15:33:23
20260515_152910,S06,G3,tv_favorite_chanel,39,4.0,116,data\raw\S06\20260515_152910_S06_G3_T039.csv,2026-05-15T15:33:30
20260515_152910,S06,G3,tv_favorite_chanel,40,4.0,109,data\raw\S06\20260515_152910_S06_G3_T040.csv,2026-05-15T15:33:36
20260515_153432,S06,G4,tv_swtich_source,1,4.0,117,data\raw\S06\20260515_153432_S06_G4_T001.csv,2026-05-15T15:34:37
20260515_153432,S06,G4,tv_swtich_source,2,4.0,115,data\raw\S06\20260515_153432_S06_G4_T002.csv,2026-05-15T15:34:44
20260515_153432,S06,G4,tv_swtich_source,3,4.0,112,data\raw\S06\20260515_153432_S06_G4_T003.csv,2026-05-15T15:34:50
20260515_153432,S06,G4,tv_swtich_source,4,4.0,117,data\raw\S06\20260515_153432_S06_G4_T004.csv,2026-05-15T15:34:57
20260515_153432,S06,G4,tv_swtich_source,5,4.0,109,data\raw\S06\20260515_153432_S06_G4_T005.csv,2026-05-15T15:35:04
20260515_153432,S06,G4,tv_swtich_source,6,4.0,122,data\raw\S06\20260515_153432_S06_G4_T006.csv,2026-05-15T15:35:10
20260515_153432,S06,G4,tv_swtich_source,7,4.0,116,data\raw\S06\20260515_153432_S06_G4_T007.csv,2026-05-15T15:35:17
20260515_153432,S06,G4,tv_swtich_source,8,4.0,122,data\raw\S06\20260515_153432_S06_G4_T008.csv,2026-05-15T15:35:24
20260515_153432,S06,G4,tv_swtich_source,9,4.0,112,data\raw\S06\20260515_153432_S06_G4_T009.csv,2026-05-15T15:35:31
20260515_153432,S06,G4,tv_swtich_source,10,4.0,114,data\raw\S06\20260515_153432_S06_G4_T010.csv,2026-05-15T15:35:37
20260515_153432,S06,G4,tv_swtich_source,11,4.0,110,data\raw\S06\20260515_153432_S06_G4_T011.csv,2026-05-15T15:35:44
20260515_153432,S06,G4,tv_swtich_source,12,4.0,113,data\raw\S06\20260515_153432_S06_G4_T012.csv,2026-05-15T15:35:51
20260515_153432,S06,G4,tv_swtich_source,13,4.0,123,data\raw\S06\20260515_153432_S06_G4_T013.csv,2026-05-15T15:35:57
20260515_153432,S06,G4,tv_swtich_source,14,4.0,122,data\raw\S06\20260515_153432_S06_G4_T014.csv,2026-05-15T15:36:04
20260515_153432,S06,G4,tv_swtich_source,15,4.0,113,data\raw\S06\20260515_153432_S06_G4_T015.csv,2026-05-15T15:36:11
20260515_153432,S06,G4,tv_swtich_source,16,4.0,113,data\raw\S06\20260515_153432_S06_G4_T016.csv,2026-05-15T15:36:18
20260515_153432,S06,G4,tv_swtich_source,17,4.0,118,data\raw\S06\20260515_153432_S06_G4_T017.csv,2026-05-15T15:36:24
20260515_153432,S06,G4,tv_swtich_source,18,4.0,112,data\raw\S06\20260515_153432_S06_G4_T018.csv,2026-05-15T15:36:31
20260515_153432,S06,G4,tv_swtich_source,19,4.0,118,data\raw\S06\20260515_153432_S06_G4_T019.csv,2026-05-15T15:36:38
20260515_153432,S06,G4,tv_swtich_source,20,4.0,120,data\raw\S06\20260515_153432_S06_G4_T020.csv,2026-05-15T15:36:45
20260515_153432,S06,G4,tv_swtich_source,21,4.0,109,data\raw\S06\20260515_153432_S06_G4_T021.csv,2026-05-15T15:36:51
20260515_153432,S06,G4,tv_swtich_source,22,4.0,119,data\raw\S06\20260515_153432_S06_G4_T022.csv,2026-05-15T15:36:58
20260515_153432,S06,G4,tv_swtich_source,23,4.0,116,data\raw\S06\20260515_153432_S06_G4_T023.csv,2026-05-15T15:37:04
20260515_153432,S06,G4,tv_swtich_source,24,4.0,112,data\raw\S06\20260515_153432_S06_G4_T024.csv,2026-05-15T15:37:11
20260515_153432,S06,G4,tv_swtich_source,25,4.0,115,data\raw\S06\20260515_153432_S06_G4_T025.csv,2026-05-15T15:37:18
20260515_153432,S06,G4,tv_swtich_source,26,4.0,112,data\raw\S06\20260515_153432_S06_G4_T026.csv,2026-05-15T15:37:24
20260515_153432,S06,G4,tv_swtich_source,27,4.0,121,data\raw\S06\20260515_153432_S06_G4_T027.csv,2026-05-15T15:37:31
20260515_153432,S06,G4,tv_swtich_source,28,4.0,115,data\raw\S06\20260515_153432_S06_G4_T028.csv,2026-05-15T15:37:38
20260515_153432,S06,G4,tv_swtich_source,29,4.0,117,data\raw\S06\20260515_153432_S06_G4_T029.csv,2026-05-15T15:37:44
20260515_153432,S06,G4,tv_swtich_source,30,4.0,125,data\raw\S06\20260515_153432_S06_G4_T030.csv,2026-05-15T15:37:51
20260515_153432,S06,G4,tv_swtich_source,31,4.0,118,data\raw\S06\20260515_153432_S06_G4_T031.csv,2026-05-15T15:37:58
20260515_153432,S06,G4,tv_swtich_source,32,4.0,120,data\raw\S06\20260515_153432_S06_G4_T032.csv,2026-05-15T15:38:04
20260515_153432,S06,G4,tv_swtich_source,33,4.0,120,data\raw\S06\20260515_153432_S06_G4_T033.csv,2026-05-15T15:38:11
20260515_153432,S06,G4,tv_swtich_source,34,4.0,111,data\raw\S06\20260515_153432_S06_G4_T034.csv,2026-05-15T15:38:18
20260515_153432,S06,G4,tv_swtich_source,35,4.0,116,data\raw\S06\20260515_153432_S06_G4_T035.csv,2026-05-15T15:38:25
20260515_153432,S06,G4,tv_swtich_source,36,4.0,107,data\raw\S06\20260515_153432_S06_G4_T036.csv,2026-05-15T15:38:31
20260515_153432,S06,G4,tv_swtich_source,37,4.0,115,data\raw\S06\20260515_153432_S06_G4_T037.csv,2026-05-15T15:38:38
20260515_153432,S06,G4,tv_swtich_source,38,4.0,115,data\raw\S06\20260515_153432_S06_G4_T038.csv,2026-05-15T15:38:45
20260515_153432,S06,G4,tv_swtich_source,39,4.0,117,data\raw\S06\20260515_153432_S06_G4_T039.csv,2026-05-15T15:38:51
20260515_153432,S06,G4,tv_swtich_source,40,4.0,124,data\raw\S06\20260515_153432_S06_G4_T040.csv,2026-05-15T15:38:58
20260515_153954,S06,G5,tv_channel_up,1,4.0,114,data\raw\S06\20260515_153954_S06_G5_T001.csv,2026-05-15T15:39:59
20260515_153954,S06,G5,tv_channel_up,2,4.0,115,data\raw\S06\20260515_153954_S06_G5_T002.csv,2026-05-15T15:40:06
20260515_153954,S06,G5,tv_channel_up,3,4.0,118,data\raw\S06\20260515_153954_S06_G5_T003.csv,2026-05-15T15:40:12
20260515_153954,S06,G5,tv_channel_up,4,4.0,110,data\raw\S06\20260515_153954_S06_G5_T004.csv,2026-05-15T15:40:19
20260515_153954,S06,G5,tv_channel_up,5,4.0,113,data\raw\S06\20260515_153954_S06_G5_T005.csv,2026-05-15T15:40:26
20260515_153954,S06,G5,tv_channel_up,6,4.0,119,data\raw\S06\20260515_153954_S06_G5_T006.csv,2026-05-15T15:40:32
20260515_153954,S06,G5,tv_channel_up,7,4.0,118,data\raw\S06\20260515_153954_S06_G5_T007.csv,2026-05-15T15:40:39
20260515_153954,S06,G5,tv_channel_up,8,4.0,113,data\raw\S06\20260515_153954_S06_G5_T008.csv,2026-05-15T15:40:46
20260515_153954,S06,G5,tv_channel_up,9,4.0,117,data\raw\S06\20260515_153954_S06_G5_T009.csv,2026-05-15T15:40:53
20260515_153954,S06,G5,tv_channel_up,10,4.0,120,data\raw\S06\20260515_153954_S06_G5_T010.csv,2026-05-15T15:40:59
20260515_153954,S06,G5,tv_channel_up,11,4.0,117,data\raw\S06\20260515_153954_S06_G5_T011.csv,2026-05-15T15:41:06
20260515_153954,S06,G5,tv_channel_up,12,4.0,115,data\raw\S06\20260515_153954_S06_G5_T012.csv,2026-05-15T15:41:13
20260515_153954,S06,G5,tv_channel_up,13,4.0,113,data\raw\S06\20260515_153954_S06_G5_T013.csv,2026-05-15T15:41:19
20260515_153954,S06,G5,tv_channel_up,14,4.0,114,data\raw\S06\20260515_153954_S06_G5_T014.csv,2026-05-15T15:41:26
20260515_153954,S06,G5,tv_channel_up,15,4.0,125,data\raw\S06\20260515_153954_S06_G5_T015.csv,2026-05-15T15:41:33
20260515_153954,S06,G5,tv_channel_up,16,4.0,115,data\raw\S06\20260515_153954_S06_G5_T016.csv,2026-05-15T15:41:39
20260515_153954,S06,G5,tv_channel_up,17,4.0,114,data\raw\S06\20260515_153954_S06_G5_T017.csv,2026-05-15T15:41:46
20260515_153954,S06,G5,tv_channel_up,18,4.0,112,data\raw\S06\20260515_153954_S06_G5_T018.csv,2026-05-15T15:41:53
20260515_153954,S06,G5,tv_channel_up,19,4.0,116,data\raw\S06\20260515_153954_S06_G5_T019.csv,2026-05-15T15:42:00
20260515_153954,S06,G5,tv_channel_up,20,4.0,116,data\raw\S06\20260515_153954_S06_G5_T020.csv,2026-05-15T15:42:06
20260515_153954,S06,G5,tv_channel_up,21,4.0,110,data\raw\S06\20260515_153954_S06_G5_T021.csv,2026-05-15T15:42:13
20260515_153954,S06,G5,tv_channel_up,22,4.0,111,data\raw\S06\20260515_153954_S06_G5_T022.csv,2026-05-15T15:42:19
20260515_153954,S06,G5,tv_channel_up,23,4.0,116,data\raw\S06\20260515_153954_S06_G5_T023.csv,2026-05-15T15:42:26
20260515_153954,S06,G5,tv_channel_up,24,4.0,113,data\raw\S06\20260515_153954_S06_G5_T024.csv,2026-05-15T15:42:33
20260515_153954,S06,G5,tv_channel_up,25,4.0,111,data\raw\S06\20260515_153954_S06_G5_T025.csv,2026-05-15T15:42:39
20260515_153954,S06,G5,tv_channel_up,26,4.0,112,data\raw\S06\20260515_153954_S06_G5_T026.csv,2026-05-15T15:42:46
20260515_153954,S06,G5,tv_channel_up,27,4.0,113,data\raw\S06\20260515_153954_S06_G5_T027.csv,2026-05-15T15:42:53
20260515_153954,S06,G5,tv_channel_up,28,4.0,113,data\raw\S06\20260515_153954_S06_G5_T028.csv,2026-05-15T15:42:59
20260515_153954,S06,G5,tv_channel_up,29,4.0,119,data\raw\S06\20260515_153954_S06_G5_T029.csv,2026-05-15T15:43:06
20260515_153954,S06,G5,tv_channel_up,30,4.0,118,data\raw\S06\20260515_153954_S06_G5_T030.csv,2026-05-15T15:43:13
20260515_153954,S06,G5,tv_channel_up,31,4.0,122,data\raw\S06\20260515_153954_S06_G5_T031.csv,2026-05-15T15:43:20
20260515_153954,S06,G5,tv_channel_up,32,4.0,114,data\raw\S06\20260515_153954_S06_G5_T032.csv,2026-05-15T15:43:26
20260515_153954,S06,G5,tv_channel_up,33,4.0,112,data\raw\S06\20260515_153954_S06_G5_T033.csv,2026-05-15T15:43:33
20260515_153954,S06,G5,tv_channel_up,34,4.0,112,data\raw\S06\20260515_153954_S06_G5_T034.csv,2026-05-15T15:43:40
20260515_153954,S06,G5,tv_channel_up,35,4.0,116,data\raw\S06\20260515_153954_S06_G5_T035.csv,2026-05-15T15:43:47
20260515_153954,S06,G5,tv_channel_up,36,4.0,120,data\raw\S06\20260515_153954_S06_G5_T036.csv,2026-05-15T15:43:53
20260515_153954,S06,G5,tv_channel_up,37,4.0,125,data\raw\S06\20260515_153954_S06_G5_T037.csv,2026-05-15T15:44:00
20260515_153954,S06,G5,tv_channel_up,38,4.0,110,data\raw\S06\20260515_153954_S06_G5_T038.csv,2026-05-15T15:44:07
20260515_153954,S06,G5,tv_channel_up,39,4.0,112,data\raw\S06\20260515_153954_S06_G5_T039.csv,2026-05-15T15:44:13
20260515_153954,S06,G5,tv_channel_up,40,4.0,112,data\raw\S06\20260515_153954_S06_G5_T040.csv,2026-05-15T15:44:20
20260515_154554,S06,G6,tv_channel_down,1,4.0,116,data\raw\S06\20260515_154554_S06_G6_T001.csv,2026-05-15T15:45:59
20260515_154554,S06,G6,tv_channel_down,2,4.0,111,data\raw\S06\20260515_154554_S06_G6_T002.csv,2026-05-15T15:46:06
20260515_154554,S06,G6,tv_channel_down,3,4.0,117,data\raw\S06\20260515_154554_S06_G6_T003.csv,2026-05-15T15:46:12
20260515_154554,S06,G6,tv_channel_down,4,4.0,115,data\raw\S06\20260515_154554_S06_G6_T004.csv,2026-05-15T15:46:19
20260515_154554,S06,G6,tv_channel_down,5,4.0,116,data\raw\S06\20260515_154554_S06_G6_T005.csv,2026-05-15T15:46:26
20260515_154554,S06,G6,tv_channel_down,6,4.0,120,data\raw\S06\20260515_154554_S06_G6_T006.csv,2026-05-15T15:46:32
20260515_154554,S06,G6,tv_channel_down,7,4.0,111,data\raw\S06\20260515_154554_S06_G6_T007.csv,2026-05-15T15:46:39
20260515_154554,S06,G6,tv_channel_down,8,4.0,114,data\raw\S06\20260515_154554_S06_G6_T008.csv,2026-05-15T15:46:46
20260515_154554,S06,G6,tv_channel_down,9,4.0,113,data\raw\S06\20260515_154554_S06_G6_T009.csv,2026-05-15T15:46:53
20260515_154554,S06,G6,tv_channel_down,10,4.0,122,data\raw\S06\20260515_154554_S06_G6_T010.csv,2026-05-15T15:46:59
20260515_154554,S06,G6,tv_channel_down,11,4.0,115,data\raw\S06\20260515_154554_S06_G6_T011.csv,2026-05-15T15:47:06
20260515_154554,S06,G6,tv_channel_down,12,4.0,115,data\raw\S06\20260515_154554_S06_G6_T012.csv,2026-05-15T15:47:13
20260515_154554,S06,G6,tv_channel_down,13,4.0,111,data\raw\S06\20260515_154554_S06_G6_T013.csv,2026-05-15T15:47:20
20260515_154554,S06,G6,tv_channel_down,14,4.0,113,data\raw\S06\20260515_154554_S06_G6_T014.csv,2026-05-15T15:47:26
20260515_154554,S06,G6,tv_channel_down,15,4.0,124,data\raw\S06\20260515_154554_S06_G6_T015.csv,2026-05-15T15:47:33
20260515_154554,S06,G6,tv_channel_down,16,4.0,113,data\raw\S06\20260515_154554_S06_G6_T016.csv,2026-05-15T15:47:40
20260515_154554,S06,G6,tv_channel_down,17,4.0,121,data\raw\S06\20260515_154554_S06_G6_T017.csv,2026-05-15T15:47:46
20260515_154554,S06,G6,tv_channel_down,18,4.0,119,data\raw\S06\20260515_154554_S06_G6_T018.csv,2026-05-15T15:47:53
20260515_154554,S06,G6,tv_channel_down,19,4.0,122,data\raw\S06\20260515_154554_S06_G6_T019.csv,2026-05-15T15:48:00
20260515_154554,S06,G6,tv_channel_down,20,4.0,111,data\raw\S06\20260515_154554_S06_G6_T020.csv,2026-05-15T15:48:06
20260515_154554,S06,G6,tv_channel_down,21,4.0,115,data\raw\S06\20260515_154554_S06_G6_T021.csv,2026-05-15T15:48:13
20260515_154554,S06,G6,tv_channel_down,22,4.0,110,data\raw\S06\20260515_154554_S06_G6_T022.csv,2026-05-15T15:48:20
20260515_154554,S06,G6,tv_channel_down,23,4.0,112,data\raw\S06\20260515_154554_S06_G6_T023.csv,2026-05-15T15:48:27
20260515_154554,S06,G6,tv_channel_down,24,4.0,113,data\raw\S06\20260515_154554_S06_G6_T024.csv,2026-05-15T15:48:33
20260515_154554,S06,G6,tv_channel_down,25,4.0,111,data\raw\S06\20260515_154554_S06_G6_T025.csv,2026-05-15T15:48:40
20260515_154554,S06,G6,tv_channel_down,26,4.0,116,data\raw\S06\20260515_154554_S06_G6_T026.csv,2026-05-15T15:48:47
20260515_154554,S06,G6,tv_channel_down,27,4.0,122,data\raw\S06\20260515_154554_S06_G6_T027.csv,2026-05-15T15:48:54
20260515_154554,S06,G6,tv_channel_down,28,4.0,120,data\raw\S06\20260515_154554_S06_G6_T028.csv,2026-05-15T15:49:00
20260515_154554,S06,G6,tv_channel_down,29,4.0,114,data\raw\S06\20260515_154554_S06_G6_T029.csv,2026-05-15T15:49:07
20260515_154554,S06,G6,tv_channel_down,30,4.0,114,data\raw\S06\20260515_154554_S06_G6_T030.csv,2026-05-15T15:49:14
20260515_154554,S06,G6,tv_channel_down,31,4.0,110,data\raw\S06\20260515_154554_S06_G6_T031.csv,2026-05-15T15:49:20
20260515_154554,S06,G6,tv_channel_down,32,4.0,112,data\raw\S06\20260515_154554_S06_G6_T032.csv,2026-05-15T15:49:27
20260515_154554,S06,G6,tv_channel_down,33,4.0,123,data\raw\S06\20260515_154554_S06_G6_T033.csv,2026-05-15T15:49:34
20260515_154554,S06,G6,tv_channel_down,34,4.0,115,data\raw\S06\20260515_154554_S06_G6_T034.csv,2026-05-15T15:49:40
20260515_154554,S06,G6,tv_channel_down,35,4.0,114,data\raw\S06\20260515_154554_S06_G6_T035.csv,2026-05-15T15:49:47
20260515_154554,S06,G6,tv_channel_down,36,4.0,121,data\raw\S06\20260515_154554_S06_G6_T036.csv,2026-05-15T15:49:54
20260515_154554,S06,G6,tv_channel_down,37,4.0,120,data\raw\S06\20260515_154554_S06_G6_T037.csv,2026-05-15T15:50:00
20260515_154554,S06,G6,tv_channel_down,38,4.0,117,data\raw\S06\20260515_154554_S06_G6_T038.csv,2026-05-15T15:50:07
20260515_154554,S06,G6,tv_channel_down,39,4.0,115,data\raw\S06\20260515_154554_S06_G6_T039.csv,2026-05-15T15:50:14
20260515_154554,S06,G6,tv_channel_down,40,4.0,118,data\raw\S06\20260515_154554_S06_G6_T040.csv,2026-05-15T15:50:20
20260515_155219,S06,G7,tv_voice_search,1,4.0,115,data\raw\S06\20260515_155219_S06_G7_T001.csv,2026-05-15T15:52:25
20260515_155219,S06,G7,tv_voice_search,2,4.0,111,data\raw\S06\20260515_155219_S06_G7_T002.csv,2026-05-15T15:52:31
20260515_155219,S06,G7,tv_voice_search,3,4.0,113,data\raw\S06\20260515_155219_S06_G7_T003.csv,2026-05-15T15:52:38
20260515_155219,S06,G7,tv_voice_search,4,4.0,111,data\raw\S06\20260515_155219_S06_G7_T004.csv,2026-05-15T15:52:45
20260515_155219,S06,G7,tv_voice_search,5,4.0,113,data\raw\S06\20260515_155219_S06_G7_T005.csv,2026-05-15T15:52:51
20260515_155219,S06,G7,tv_voice_search,6,4.0,124,data\raw\S06\20260515_155219_S06_G7_T006.csv,2026-05-15T15:52:58
20260515_155219,S06,G7,tv_voice_search,7,4.0,114,data\raw\S06\20260515_155219_S06_G7_T007.csv,2026-05-15T15:53:05
20260515_155219,S06,G7,tv_voice_search,8,4.0,109,data\raw\S06\20260515_155219_S06_G7_T008.csv,2026-05-15T15:53:12
20260515_155219,S06,G7,tv_voice_search,9,4.0,107,data\raw\S06\20260515_155219_S06_G7_T009.csv,2026-05-15T15:53:18
20260515_155219,S06,G7,tv_voice_search,10,4.0,115,data\raw\S06\20260515_155219_S06_G7_T010.csv,2026-05-15T15:53:25
20260515_155219,S06,G7,tv_voice_search,11,4.0,120,data\raw\S06\20260515_155219_S06_G7_T011.csv,2026-05-15T15:53:32
20260515_155219,S06,G7,tv_voice_search,12,4.0,121,data\raw\S06\20260515_155219_S06_G7_T012.csv,2026-05-15T15:53:38
20260515_155219,S06,G7,tv_voice_search,13,4.0,114,data\raw\S06\20260515_155219_S06_G7_T013.csv,2026-05-15T15:53:45
20260515_155219,S06,G7,tv_voice_search,14,4.0,113,data\raw\S06\20260515_155219_S06_G7_T014.csv,2026-05-15T15:53:51
20260515_155219,S06,G7,tv_voice_search,15,4.0,113,data\raw\S06\20260515_155219_S06_G7_T015.csv,2026-05-15T15:53:58
20260515_155219,S06,G7,tv_voice_search,16,4.0,118,data\raw\S06\20260515_155219_S06_G7_T016.csv,2026-05-15T15:54:05
20260515_155219,S06,G7,tv_voice_search,17,4.0,114,data\raw\S06\20260515_155219_S06_G7_T017.csv,2026-05-15T15:54:11
20260515_155219,S06,G7,tv_voice_search,18,4.0,115,data\raw\S06\20260515_155219_S06_G7_T018.csv,2026-05-15T15:54:18
20260515_155219,S06,G7,tv_voice_search,19,4.0,119,data\raw\S06\20260515_155219_S06_G7_T019.csv,2026-05-15T15:54:25
20260515_155219,S06,G7,tv_voice_search,20,4.0,124,data\raw\S06\20260515_155219_S06_G7_T020.csv,2026-05-15T15:54:31
20260515_155219,S06,G7,tv_voice_search,21,4.0,126,data\raw\S06\20260515_155219_S06_G7_T021.csv,2026-05-15T15:54:38
20260515_155219,S06,G7,tv_voice_search,22,4.0,113,data\raw\S06\20260515_155219_S06_G7_T022.csv,2026-05-15T15:54:45
20260515_155219,S06,G7,tv_voice_search,23,4.0,115,data\raw\S06\20260515_155219_S06_G7_T023.csv,2026-05-15T15:54:51
20260515_155219,S06,G7,tv_voice_search,24,4.0,116,data\raw\S06\20260515_155219_S06_G7_T024.csv,2026-05-15T15:54:58
20260515_155219,S06,G7,tv_voice_search,25,4.0,121,data\raw\S06\20260515_155219_S06_G7_T025.csv,2026-05-15T15:55:05
20260515_155219,S06,G7,tv_voice_search,26,4.0,115,data\raw\S06\20260515_155219_S06_G7_T026.csv,2026-05-15T15:55:11
20260515_155219,S06,G7,tv_voice_search,27,4.0,108,data\raw\S06\20260515_155219_S06_G7_T027.csv,2026-05-15T15:55:18
20260515_155219,S06,G7,tv_voice_search,28,4.0,113,data\raw\S06\20260515_155219_S06_G7_T028.csv,2026-05-15T15:55:25
20260515_155219,S06,G7,tv_voice_search,29,4.0,110,data\raw\S06\20260515_155219_S06_G7_T029.csv,2026-05-15T15:55:31
20260515_155219,S06,G7,tv_voice_search,30,4.0,111,data\raw\S06\20260515_155219_S06_G7_T030.csv,2026-05-15T15:55:38
20260515_155219,S06,G7,tv_voice_search,31,4.0,120,data\raw\S06\20260515_155219_S06_G7_T031.csv,2026-05-15T15:55:45
20260515_155219,S06,G7,tv_voice_search,32,4.0,116,data\raw\S06\20260515_155219_S06_G7_T032.csv,2026-05-15T15:55:52
20260515_155219,S06,G7,tv_voice_search,33,4.0,115,data\raw\S06\20260515_155219_S06_G7_T033.csv,2026-05-15T15:55:58
20260515_155219,S06,G7,tv_voice_search,34,4.0,118,data\raw\S06\20260515_155219_S06_G7_T034.csv,2026-05-15T15:56:05
20260515_155219,S06,G7,tv_voice_search,35,4.0,106,data\raw\S06\20260515_155219_S06_G7_T035.csv,2026-05-15T15:56:12
20260515_155219,S06,G7,tv_voice_search,36,4.0,112,data\raw\S06\20260515_155219_S06_G7_T036.csv,2026-05-15T15:56:18
20260515_155219,S06,G7,tv_voice_search,37,4.0,116,data\raw\S06\20260515_155219_S06_G7_T037.csv,2026-05-15T15:56:25
20260515_155219,S06,G7,tv_voice_search,38,4.0,112,data\raw\S06\20260515_155219_S06_G7_T038.csv,2026-05-15T15:56:32
20260515_155219,S06,G7,tv_voice_search,39,4.0,118,data\raw\S06\20260515_155219_S06_G7_T039.csv,2026-05-15T15:56:38
20260515_155219,S06,G7,tv_voice_search,40,4.0,111,data\raw\S06\20260515_155219_S06_G7_T040.csv,2026-05-15T15:56:45
20260515_155804,S06,G8,speaker_volume_up,1,4.0,123,data\raw\S06\20260515_155804_S06_G8_T001.csv,2026-05-15T15:58:09
20260515_155804,S06,G8,speaker_volume_up,2,4.0,110,data\raw\S06\20260515_155804_S06_G8_T002.csv,2026-05-15T15:58:16
20260515_155804,S06,G8,speaker_volume_up,3,4.0,120,data\raw\S06\20260515_155804_S06_G8_T003.csv,2026-05-15T15:58:23
20260515_155804,S06,G8,speaker_volume_up,4,4.0,115,data\raw\S06\20260515_155804_S06_G8_T004.csv,2026-05-15T15:58:30
20260515_155804,S06,G8,speaker_volume_up,5,4.0,114,data\raw\S06\20260515_155804_S06_G8_T005.csv,2026-05-15T15:58:37
20260515_155804,S06,G8,speaker_volume_up,6,4.0,109,data\raw\S06\20260515_155804_S06_G8_T006.csv,2026-05-15T15:58:43
20260515_155804,S06,G8,speaker_volume_up,7,4.0,111,data\raw\S06\20260515_155804_S06_G8_T007.csv,2026-05-15T15:58:50
20260515_155804,S06,G8,speaker_volume_up,8,4.0,111,data\raw\S06\20260515_155804_S06_G8_T008.csv,2026-05-15T15:58:57
20260515_155804,S06,G8,speaker_volume_up,9,4.0,120,data\raw\S06\20260515_155804_S06_G8_T009.csv,2026-05-15T15:59:03
20260515_155804,S06,G8,speaker_volume_up,10,4.0,110,data\raw\S06\20260515_155804_S06_G8_T010.csv,2026-05-15T15:59:10
20260515_155804,S06,G8,speaker_volume_up,11,4.0,117,data\raw\S06\20260515_155804_S06_G8_T011.csv,2026-05-15T15:59:17
20260515_155804,S06,G8,speaker_volume_up,12,4.0,111,data\raw\S06\20260515_155804_S06_G8_T012.csv,2026-05-15T15:59:24
20260515_155804,S06,G8,speaker_volume_up,13,4.0,113,data\raw\S06\20260515_155804_S06_G8_T013.csv,2026-05-15T15:59:30
20260515_155804,S06,G8,speaker_volume_up,14,4.0,119,data\raw\S06\20260515_155804_S06_G8_T014.csv,2026-05-15T15:59:37
20260515_155804,S06,G8,speaker_volume_up,15,4.0,110,data\raw\S06\20260515_155804_S06_G8_T015.csv,2026-05-15T15:59:44
20260515_155804,S06,G8,speaker_volume_up,16,4.0,115,data\raw\S06\20260515_155804_S06_G8_T016.csv,2026-05-15T15:59:51
20260515_155804,S06,G8,speaker_volume_up,17,4.0,108,data\raw\S06\20260515_155804_S06_G8_T017.csv,2026-05-15T15:59:58
20260515_155804,S06,G8,speaker_volume_up,18,4.0,115,data\raw\S06\20260515_155804_S06_G8_T018.csv,2026-05-15T16:00:04
20260515_155804,S06,G8,speaker_volume_up,19,4.0,110,data\raw\S06\20260515_155804_S06_G8_T019.csv,2026-05-15T16:00:11
20260515_155804,S06,G8,speaker_volume_up,20,4.0,110,data\raw\S06\20260515_155804_S06_G8_T020.csv,2026-05-15T16:00:18
20260515_155804,S06,G8,speaker_volume_up,21,4.0,112,data\raw\S06\20260515_155804_S06_G8_T021.csv,2026-05-15T16:00:25
20260515_160256,S06,G1,star_first,1,4.0,123,data\raw\S06\20260515_160256_S06_G1_T001.csv,2026-05-15T16:03:01
20260515_160256,S06,G1,star_first,2,4.0,119,data\raw\S06\20260515_160256_S06_G1_T002.csv,2026-05-15T16:03:06
20260515_160256,S06,G1,star_first,3,4.0,117,data\raw\S06\20260515_160256_S06_G1_T003.csv,2026-05-15T16:03:11
20260515_160256,S06,G1,star_first,4,4.0,114,data\raw\S06\20260515_160256_S06_G1_T004.csv,2026-05-15T16:03:16
20260515_160354,S06,G8,speaker_volume_up,1,4.0,120,data\raw\S06\20260515_160354_S06_G8_T001.csv,2026-05-15T16:03:59
20260515_160354,S06,G8,speaker_volume_up,2,4.0,114,data\raw\S06\20260515_160354_S06_G8_T002.csv,2026-05-15T16:04:04
20260515_160354,S06,G8,speaker_volume_up,3,4.0,114,data\raw\S06\20260515_160354_S06_G8_T003.csv,2026-05-15T16:04:09
20260515_160354,S06,G8,speaker_volume_up,4,4.0,122,data\raw\S06\20260515_160354_S06_G8_T004.csv,2026-05-15T16:04:14
20260515_160354,S06,G8,speaker_volume_up,5,4.0,113,data\raw\S06\20260515_160354_S06_G8_T005.csv,2026-05-15T16:04:20
20260515_160354,S06,G8,speaker_volume_up,6,4.0,118,data\raw\S06\20260515_160354_S06_G8_T006.csv,2026-05-15T16:04:25
20260515_160354,S06,G8,speaker_volume_up,7,4.0,114,data\raw\S06\20260515_160354_S06_G8_T007.csv,2026-05-15T16:04:30
20260515_160354,S06,G8,speaker_volume_up,8,4.0,120,data\raw\S06\20260515_160354_S06_G8_T008.csv,2026-05-15T16:04:35
20260515_160354,S06,G8,speaker_volume_up,9,4.0,120,data\raw\S06\20260515_160354_S06_G8_T009.csv,2026-05-15T16:04:40
20260515_160354,S06,G8,speaker_volume_up,10,4.0,116,data\raw\S06\20260515_160354_S06_G8_T010.csv,2026-05-15T16:04:45
20260515_160354,S06,G8,speaker_volume_up,11,4.0,125,data\raw\S06\20260515_160354_S06_G8_T011.csv,2026-05-15T16:04:51
20260515_160354,S06,G8,speaker_volume_up,12,4.0,120,data\raw\S06\20260515_160354_S06_G8_T012.csv,2026-05-15T16:04:56
20260515_160354,S06,G8,speaker_volume_up,13,4.0,122,data\raw\S06\20260515_160354_S06_G8_T013.csv,2026-05-15T16:05:01
20260515_160354,S06,G8,speaker_volume_up,14,4.0,114,data\raw\S06\20260515_160354_S06_G8_T014.csv,2026-05-15T16:05:06
20260515_160354,S06,G8,speaker_volume_up,15,4.0,115,data\raw\S06\20260515_160354_S06_G8_T015.csv,2026-05-15T16:05:11
20260515_160354,S06,G8,speaker_volume_up,16,4.0,114,data\raw\S06\20260515_160354_S06_G8_T016.csv,2026-05-15T16:05:17
20260515_160354,S06,G8,speaker_volume_up,17,4.0,115,data\raw\S06\20260515_160354_S06_G8_T017.csv,2026-05-15T16:05:22
20260515_160354,S06,G8,speaker_volume_up,18,4.0,109,data\raw\S06\20260515_160354_S06_G8_T018.csv,2026-05-15T16:05:27
20260515_160354,S06,G8,speaker_volume_up,19,4.0,123,data\raw\S06\20260515_160354_S06_G8_T019.csv,2026-05-15T16:05:32
20260515_160354,S06,G8,speaker_volume_up,20,4.0,116,data\raw\S06\20260515_160354_S06_G8_T020.csv,2026-05-15T16:05:37
20260515_160354,S06,G8,speaker_volume_up,21,4.0,119,data\raw\S06\20260515_160354_S06_G8_T021.csv,2026-05-15T16:05:42
20260515_160354,S06,G8,speaker_volume_up,22,4.0,118,data\raw\S06\20260515_160354_S06_G8_T022.csv,2026-05-15T16:05:48
20260515_160354,S06,G8,speaker_volume_up,23,4.0,118,data\raw\S06\20260515_160354_S06_G8_T023.csv,2026-05-15T16:05:53
20260515_160354,S06,G8,speaker_volume_up,24,4.0,119,data\raw\S06\20260515_160354_S06_G8_T024.csv,2026-05-15T16:05:58
20260515_160354,S06,G8,speaker_volume_up,25,4.0,117,data\raw\S06\20260515_160354_S06_G8_T025.csv,2026-05-15T16:06:03
20260515_160354,S06,G8,speaker_volume_up,26,4.0,111,data\raw\S06\20260515_160354_S06_G8_T026.csv,2026-05-15T16:06:08
20260515_160354,S06,G8,speaker_volume_up,27,4.0,121,data\raw\S06\20260515_160354_S06_G8_T027.csv,2026-05-15T16:06:14
20260515_160354,S06,G8,speaker_volume_up,28,4.0,120,data\raw\S06\20260515_160354_S06_G8_T028.csv,2026-05-15T16:06:19
20260515_160354,S06,G8,speaker_volume_up,29,4.0,117,data\raw\S06\20260515_160354_S06_G8_T029.csv,2026-05-15T16:06:24
20260515_160354,S06,G8,speaker_volume_up,30,4.0,115,data\raw\S06\20260515_160354_S06_G8_T030.csv,2026-05-15T16:06:29
20260515_160354,S06,G8,speaker_volume_up,31,4.0,120,data\raw\S06\20260515_160354_S06_G8_T031.csv,2026-05-15T16:06:34
20260515_160354,S06,G8,speaker_volume_up,32,4.0,112,data\raw\S06\20260515_160354_S06_G8_T032.csv,2026-05-15T16:06:39
20260515_160354,S06,G8,speaker_volume_up,33,4.0,116,data\raw\S06\20260515_160354_S06_G8_T033.csv,2026-05-15T16:06:44
20260515_160354,S06,G8,speaker_volume_up,34,4.0,112,data\raw\S06\20260515_160354_S06_G8_T034.csv,2026-05-15T16:06:50
20260515_160354,S06,G8,speaker_volume_up,35,4.0,119,data\raw\S06\20260515_160354_S06_G8_T035.csv,2026-05-15T16:06:55
20260515_160354,S06,G8,speaker_volume_up,36,4.0,114,data\raw\S06\20260515_160354_S06_G8_T036.csv,2026-05-15T16:07:00
20260515_160354,S06,G8,speaker_volume_up,37,4.0,115,data\raw\S06\20260515_160354_S06_G8_T037.csv,2026-05-15T16:07:05
20260515_160354,S06,G8,speaker_volume_up,38,4.0,115,data\raw\S06\20260515_160354_S06_G8_T038.csv,2026-05-15T16:07:10
20260515_160354,S06,G8,speaker_volume_up,39,4.0,118,data\raw\S06\20260515_160354_S06_G8_T039.csv,2026-05-15T16:07:15
20260515_160354,S06,G8,speaker_volume_up,40,4.0,125,data\raw\S06\20260515_160354_S06_G8_T040.csv,2026-05-15T16:07:21
20260515_161437,S06,G9,speaker_volume_down,1,4.0,127,data\raw\S06\20260515_161437_S06_G9_T001.csv,2026-05-15T16:14:42
20260515_161437,S06,G9,speaker_volume_down,2,4.0,120,data\raw\S06\20260515_161437_S06_G9_T002.csv,2026-05-15T16:14:47
20260515_161437,S06,G9,speaker_volume_down,3,4.0,113,data\raw\S06\20260515_161437_S06_G9_T003.csv,2026-05-15T16:14:52
20260515_161437,S06,G9,speaker_volume_down,4,4.0,109,data\raw\S06\20260515_161437_S06_G9_T004.csv,2026-05-15T16:14:57
20260515_161437,S06,G9,speaker_volume_down,5,4.0,113,data\raw\S06\20260515_161437_S06_G9_T005.csv,2026-05-15T16:15:03
20260515_161437,S06,G9,speaker_volume_down,6,4.0,107,data\raw\S06\20260515_161437_S06_G9_T006.csv,2026-05-15T16:15:08
20260515_161437,S06,G9,speaker_volume_down,7,4.0,117,data\raw\S06\20260515_161437_S06_G9_T007.csv,2026-05-15T16:15:13
20260515_161437,S06,G9,speaker_volume_down,8,4.0,120,data\raw\S06\20260515_161437_S06_G9_T008.csv,2026-05-15T16:15:18
20260515_161437,S06,G9,speaker_volume_down,9,4.0,123,data\raw\S06\20260515_161437_S06_G9_T009.csv,2026-05-15T16:15:24
20260515_161437,S06,G9,speaker_volume_down,10,4.0,112,data\raw\S06\20260515_161437_S06_G9_T010.csv,2026-05-15T16:15:29
20260515_161437,S06,G9,speaker_volume_down,11,4.0,121,data\raw\S06\20260515_161437_S06_G9_T011.csv,2026-05-15T16:15:34
20260515_161437,S06,G9,speaker_volume_down,12,4.0,116,data\raw\S06\20260515_161437_S06_G9_T012.csv,2026-05-15T16:15:39
20260515_161437,S06,G9,speaker_volume_down,13,4.0,116,data\raw\S06\20260515_161437_S06_G9_T013.csv,2026-05-15T16:15:44
20260515_161437,S06,G9,speaker_volume_down,14,4.0,115,data\raw\S06\20260515_161437_S06_G9_T014.csv,2026-05-15T16:15:49
20260515_161437,S06,G9,speaker_volume_down,15,4.0,125,data\raw\S06\20260515_161437_S06_G9_T015.csv,2026-05-15T16:15:55
20260515_161437,S06,G9,speaker_volume_down,16,4.0,113,data\raw\S06\20260515_161437_S06_G9_T016.csv,2026-05-15T16:16:00
20260515_161437,S06,G9,speaker_volume_down,17,4.0,110,data\raw\S06\20260515_161437_S06_G9_T017.csv,2026-05-15T16:16:05
20260515_161437,S06,G9,speaker_volume_down,18,4.0,116,data\raw\S06\20260515_161437_S06_G9_T018.csv,2026-05-15T16:16:10
20260515_161437,S06,G9,speaker_volume_down,19,4.0,112,data\raw\S06\20260515_161437_S06_G9_T019.csv,2026-05-15T16:16:15
20260515_161437,S06,G9,speaker_volume_down,20,4.0,117,data\raw\S06\20260515_161437_S06_G9_T020.csv,2026-05-15T16:16:21
20260515_161437,S06,G9,speaker_volume_down,21,4.0,116,data\raw\S06\20260515_161437_S06_G9_T021.csv,2026-05-15T16:16:26
20260515_161437,S06,G9,speaker_volume_down,22,4.0,110,data\raw\S06\20260515_161437_S06_G9_T022.csv,2026-05-15T16:16:31
20260515_161437,S06,G9,speaker_volume_down,23,4.0,113,data\raw\S06\20260515_161437_S06_G9_T023.csv,2026-05-15T16:16:36
20260515_161437,S06,G9,speaker_volume_down,24,4.0,116,data\raw\S06\20260515_161437_S06_G9_T024.csv,2026-05-15T16:16:41
20260515_161437,S06,G9,speaker_volume_down,25,4.0,112,data\raw\S06\20260515_161437_S06_G9_T025.csv,2026-05-15T16:16:47
20260515_161437,S06,G9,speaker_volume_down,26,4.0,121,data\raw\S06\20260515_161437_S06_G9_T026.csv,2026-05-15T16:16:52
20260515_161437,S06,G9,speaker_volume_down,27,4.0,116,data\raw\S06\20260515_161437_S06_G9_T027.csv,2026-05-15T16:16:57
20260515_161437,S06,G9,speaker_volume_down,28,4.0,111,data\raw\S06\20260515_161437_S06_G9_T028.csv,2026-05-15T16:17:02
20260515_161437,S06,G9,speaker_volume_down,29,4.0,112,data\raw\S06\20260515_161437_S06_G9_T029.csv,2026-05-15T16:17:07
20260515_161437,S06,G9,speaker_volume_down,30,4.0,117,data\raw\S06\20260515_161437_S06_G9_T030.csv,2026-05-15T16:17:13
20260515_161437,S06,G9,speaker_volume_down,31,4.0,111,data\raw\S06\20260515_161437_S06_G9_T031.csv,2026-05-15T16:17:18
20260515_161437,S06,G9,speaker_volume_down,32,4.0,116,data\raw\S06\20260515_161437_S06_G9_T032.csv,2026-05-15T16:17:23
20260515_161437,S06,G9,speaker_volume_down,33,4.0,117,data\raw\S06\20260515_161437_S06_G9_T033.csv,2026-05-15T16:17:28
20260515_161437,S06,G9,speaker_volume_down,34,4.0,121,data\raw\S06\20260515_161437_S06_G9_T034.csv,2026-05-15T16:17:33
20260515_161437,S06,G9,speaker_volume_down,35,4.0,126,data\raw\S06\20260515_161437_S06_G9_T035.csv,2026-05-15T16:17:39
20260515_161437,S06,G9,speaker_volume_down,36,4.0,117,data\raw\S06\20260515_161437_S06_G9_T036.csv,2026-05-15T16:17:44
20260515_161437,S06,G9,speaker_volume_down,37,4.0,124,data\raw\S06\20260515_161437_S06_G9_T037.csv,2026-05-15T16:17:49
20260515_161437,S06,G9,speaker_volume_down,38,4.0,114,data\raw\S06\20260515_161437_S06_G9_T038.csv,2026-05-15T16:17:54
20260515_161437,S06,G9,speaker_volume_down,39,4.0,124,data\raw\S06\20260515_161437_S06_G9_T039.csv,2026-05-15T16:17:59
20260515_161437,S06,G9,speaker_volume_down,40,4.0,121,data\raw\S06\20260515_161437_S06_G9_T040.csv,2026-05-15T16:18:05
20260515_162015,S06,G10,light_on,1,4.0,114,data\raw\S06\20260515_162015_S06_G10_T001.csv,2026-05-15T16:20:20
20260515_162015,S06,G10,light_on,2,4.0,112,data\raw\S06\20260515_162015_S06_G10_T002.csv,2026-05-15T16:20:25
20260515_162015,S06,G10,light_on,3,4.0,113,data\raw\S06\20260515_162015_S06_G10_T003.csv,2026-05-15T16:20:31
20260515_162015,S06,G10,light_on,4,4.0,109,data\raw\S06\20260515_162015_S06_G10_T004.csv,2026-05-15T16:20:36
20260515_162015,S06,G10,light_on,5,4.0,113,data\raw\S06\20260515_162015_S06_G10_T005.csv,2026-05-15T16:20:41
20260515_162015,S06,G10,light_on,6,4.0,111,data\raw\S06\20260515_162015_S06_G10_T006.csv,2026-05-15T16:20:46
20260515_162015,S06,G10,light_on,7,4.0,116,data\raw\S06\20260515_162015_S06_G10_T007.csv,2026-05-15T16:20:52
20260515_162015,S06,G10,light_on,8,4.0,115,data\raw\S06\20260515_162015_S06_G10_T008.csv,2026-05-15T16:20:57
20260515_162015,S06,G10,light_on,9,4.0,115,data\raw\S06\20260515_162015_S06_G10_T009.csv,2026-05-15T16:21:02
20260515_162015,S06,G10,light_on,10,4.0,109,data\raw\S06\20260515_162015_S06_G10_T010.csv,2026-05-15T16:21:07
20260515_162015,S06,G10,light_on,11,4.0,113,data\raw\S06\20260515_162015_S06_G10_T011.csv,2026-05-15T16:21:12
20260515_162015,S06,G10,light_on,12,4.0,118,data\raw\S06\20260515_162015_S06_G10_T012.csv,2026-05-15T16:21:17
20260515_162015,S06,G10,light_on,13,4.0,116,data\raw\S06\20260515_162015_S06_G10_T013.csv,2026-05-15T16:21:23
20260515_162015,S06,G10,light_on,14,4.0,114,data\raw\S06\20260515_162015_S06_G10_T014.csv,2026-05-15T16:21:28
20260515_162015,S06,G10,light_on,15,4.0,108,data\raw\S06\20260515_162015_S06_G10_T015.csv,2026-05-15T16:21:33
20260515_162015,S06,G10,light_on,16,4.0,119,data\raw\S06\20260515_162015_S06_G10_T016.csv,2026-05-15T16:21:38
20260515_162015,S06,G10,light_on,17,4.0,116,data\raw\S06\20260515_162015_S06_G10_T017.csv,2026-05-15T16:21:43
20260515_162015,S06,G10,light_on,18,4.0,108,data\raw\S06\20260515_162015_S06_G10_T018.csv,2026-05-15T16:21:49
20260515_162015,S06,G10,light_on,19,4.0,119,data\raw\S06\20260515_162015_S06_G10_T019.csv,2026-05-15T16:21:54
20260515_162015,S06,G10,light_on,20,4.0,107,data\raw\S06\20260515_162015_S06_G10_T020.csv,2026-05-15T16:21:59
20260515_162015,S06,G10,light_on,21,4.0,121,data\raw\S06\20260515_162015_S06_G10_T021.csv,2026-05-15T16:22:04
20260515_162015,S06,G10,light_on,22,4.0,116,data\raw\S06\20260515_162015_S06_G10_T022.csv,2026-05-15T16:22:09
20260515_162015,S06,G10,light_on,23,4.0,113,data\raw\S06\20260515_162015_S06_G10_T023.csv,2026-05-15T16:22:14
20260515_162015,S06,G10,light_on,24,4.0,106,data\raw\S06\20260515_162015_S06_G10_T024.csv,2026-05-15T16:22:19
20260515_162015,S06,G10,light_on,25,4.0,118,data\raw\S06\20260515_162015_S06_G10_T025.csv,2026-05-15T16:22:25
20260515_162015,S06,G10,light_on,26,4.0,116,data\raw\S06\20260515_162015_S06_G10_T026.csv,2026-05-15T16:22:30
20260515_162015,S06,G10,light_on,27,4.0,108,data\raw\S06\20260515_162015_S06_G10_T027.csv,2026-05-15T16:22:35
20260515_162015,S06,G10,light_on,28,4.0,108,data\raw\S06\20260515_162015_S06_G10_T028.csv,2026-05-15T16:22:40
20260515_162015,S06,G10,light_on,29,4.0,116,data\raw\S06\20260515_162015_S06_G10_T029.csv,2026-05-15T16:22:45
20260515_162015,S06,G10,light_on,30,4.0,115,data\raw\S06\20260515_162015_S06_G10_T030.csv,2026-05-15T16:22:51
20260515_162015,S06,G10,light_on,31,4.0,120,data\raw\S06\20260515_162015_S06_G10_T031.csv,2026-05-15T16:22:56
20260515_162015,S06,G10,light_on,32,4.0,116,data\raw\S06\20260515_162015_S06_G10_T032.csv,2026-05-15T16:23:01
20260515_162015,S06,G10,light_on,33,4.0,117,data\raw\S06\20260515_162015_S06_G10_T033.csv,2026-05-15T16:23:06
20260515_162015,S06,G10,light_on,34,4.0,107,data\raw\S06\20260515_162015_S06_G10_T034.csv,2026-05-15T16:23:11
20260515_162015,S06,G10,light_on,35,4.0,113,data\raw\S06\20260515_162015_S06_G10_T035.csv,2026-05-15T16:23:16
20260515_162015,S06,G10,light_on,36,4.0,110,data\raw\S06\20260515_162015_S06_G10_T036.csv,2026-05-15T16:23:22
20260515_162015,S06,G10,light_on,37,4.0,117,data\raw\S06\20260515_162015_S06_G10_T037.csv,2026-05-15T16:23:27
20260515_162015,S06,G10,light_on,38,4.0,119,data\raw\S06\20260515_162015_S06_G10_T038.csv,2026-05-15T16:23:32
20260515_162015,S06,G10,light_on,39,4.0,111,data\raw\S06\20260515_162015_S06_G10_T039.csv,2026-05-15T16:23:37
20260515_162015,S06,G10,light_on,40,4.0,105,data\raw\S06\20260515_162015_S06_G10_T040.csv,2026-05-15T16:23:42
20260515_162705,S07,G1,star_first,1,4.0,126,data\raw\S07\20260515_162705_S07_G1_T001.csv,2026-05-15T16:27:10
20260515_162705,S07,G1,star_first,2,4.0,114,data\raw\S07\20260515_162705_S07_G1_T002.csv,2026-05-15T16:27:15
20260515_162705,S07,G1,star_first,3,4.0,118,data\raw\S07\20260515_162705_S07_G1_T003.csv,2026-05-15T16:27:20
20260515_162705,S07,G1,star_first,4,4.0,114,data\raw\S07\20260515_162705_S07_G1_T004.csv,2026-05-15T16:27:25
20260515_162705,S07,G1,star_first,5,4.0,117,data\raw\S07\20260515_162705_S07_G1_T005.csv,2026-05-15T16:27:31
20260515_162705,S07,G1,star_first,6,4.0,119,data\raw\S07\20260515_162705_S07_G1_T006.csv,2026-05-15T16:27:36
20260515_162705,S07,G1,star_first,7,4.0,115,data\raw\S07\20260515_162705_S07_G1_T007.csv,2026-05-15T16:27:41
20260515_162705,S07,G1,star_first,8,4.0,121,data\raw\S07\20260515_162705_S07_G1_T008.csv,2026-05-15T16:27:46
20260515_162705,S07,G1,star_first,9,4.0,107,data\raw\S07\20260515_162705_S07_G1_T009.csv,2026-05-15T16:27:51
20260515_162705,S07,G1,star_first,10,4.0,116,data\raw\S07\20260515_162705_S07_G1_T010.csv,2026-05-15T16:27:57
20260515_162705,S07,G1,star_first,11,4.0,115,data\raw\S07\20260515_162705_S07_G1_T011.csv,2026-05-15T16:28:02
20260515_162705,S07,G1,star_first,12,4.0,111,data\raw\S07\20260515_162705_S07_G1_T012.csv,2026-05-15T16:28:07
20260515_162705,S07,G1,star_first,13,4.0,127,data\raw\S07\20260515_162705_S07_G1_T013.csv,2026-05-15T16:28:12
20260515_162705,S07,G1,star_first,14,4.0,114,data\raw\S07\20260515_162705_S07_G1_T014.csv,2026-05-15T16:28:17
20260515_162705,S07,G1,star_first,15,4.0,112,data\raw\S07\20260515_162705_S07_G1_T015.csv,2026-05-15T16:28:22
20260515_162705,S07,G1,star_first,16,4.0,109,data\raw\S07\20260515_162705_S07_G1_T016.csv,2026-05-15T16:28:28
20260515_162705,S07,G1,star_first,17,4.0,107,data\raw\S07\20260515_162705_S07_G1_T017.csv,2026-05-15T16:28:33
20260515_162705,S07,G1,star_first,18,4.0,113,data\raw\S07\20260515_162705_S07_G1_T018.csv,2026-05-15T16:28:38
20260515_162705,S07,G1,star_first,19,4.0,115,data\raw\S07\20260515_162705_S07_G1_T019.csv,2026-05-15T16:28:43
20260515_162705,S07,G1,star_first,20,4.0,115,data\raw\S07\20260515_162705_S07_G1_T020.csv,2026-05-15T16:28:49
20260515_162705,S07,G1,star_first,21,4.0,122,data\raw\S07\20260515_162705_S07_G1_T021.csv,2026-05-15T16:28:54
20260515_162705,S07,G1,star_first,22,4.0,124,data\raw\S07\20260515_162705_S07_G1_T022.csv,2026-05-15T16:28:59
20260515_162705,S07,G1,star_first,23,4.0,114,data\raw\S07\20260515_162705_S07_G1_T023.csv,2026-05-15T16:29:04
20260515_162705,S07,G1,star_first,24,4.0,117,data\raw\S07\20260515_162705_S07_G1_T024.csv,2026-05-15T16:29:09
20260515_162705,S07,G1,star_first,25,4.0,116,data\raw\S07\20260515_162705_S07_G1_T025.csv,2026-05-15T16:29:14
20260515_162705,S07,G1,star_first,26,4.0,119,data\raw\S07\20260515_162705_S07_G1_T026.csv,2026-05-15T16:29:19
20260515_162705,S07,G1,star_first,27,4.0,112,data\raw\S07\20260515_162705_S07_G1_T027.csv,2026-05-15T16:29:25
20260515_162705,S07,G1,star_first,28,4.0,109,data\raw\S07\20260515_162705_S07_G1_T028.csv,2026-05-15T16:29:30
20260515_162705,S07,G1,star_first,29,4.0,126,data\raw\S07\20260515_162705_S07_G1_T029.csv,2026-05-15T16:29:35
20260515_162705,S07,G1,star_first,30,4.0,113,data\raw\S07\20260515_162705_S07_G1_T030.csv,2026-05-15T16:29:40
20260515_162705,S07,G1,star_first,31,4.0,120,data\raw\S07\20260515_162705_S07_G1_T031.csv,2026-05-15T16:29:45
20260515_162705,S07,G1,star_first,32,4.0,112,data\raw\S07\20260515_162705_S07_G1_T032.csv,2026-05-15T16:29:50
20260515_162705,S07,G1,star_first,33,4.0,122,data\raw\S07\20260515_162705_S07_G1_T033.csv,2026-05-15T16:29:56
20260515_162705,S07,G1,star_first,34,4.0,124,data\raw\S07\20260515_162705_S07_G1_T034.csv,2026-05-15T16:30:01
20260515_162705,S07,G1,star_first,35,4.0,114,data\raw\S07\20260515_162705_S07_G1_T035.csv,2026-05-15T16:30:06
20260515_162705,S07,G1,star_first,36,4.0,115,data\raw\S07\20260515_162705_S07_G1_T036.csv,2026-05-15T16:30:11
20260515_162705,S07,G1,star_first,37,4.0,118,data\raw\S07\20260515_162705_S07_G1_T037.csv,2026-05-15T16:30:17
20260515_162705,S07,G1,star_first,38,4.0,113,data\raw\S07\20260515_162705_S07_G1_T038.csv,2026-05-15T16:30:22
20260515_162705,S07,G1,star_first,39,4.0,120,data\raw\S07\20260515_162705_S07_G1_T039.csv,2026-05-15T16:30:27
20260515_162705,S07,G1,star_first,40,4.0,117,data\raw\S07\20260515_162705_S07_G1_T040.csv,2026-05-15T16:30:32
20260515_163104,S07,G2,select_wrist_rotate,1,4.0,119,data\raw\S07\20260515_163104_S07_G2_T001.csv,2026-05-15T16:31:09
20260515_163104,S07,G2,select_wrist_rotate,2,4.0,116,data\raw\S07\20260515_163104_S07_G2_T002.csv,2026-05-15T16:31:14
20260515_163104,S07,G2,select_wrist_rotate,3,4.0,111,data\raw\S07\20260515_163104_S07_G2_T003.csv,2026-05-15T16:31:19
20260515_163104,S07,G2,select_wrist_rotate,4,4.0,113,data\raw\S07\20260515_163104_S07_G2_T004.csv,2026-05-15T16:31:25
20260515_163104,S07,G2,select_wrist_rotate,5,4.0,122,data\raw\S07\20260515_163104_S07_G2_T005.csv,2026-05-15T16:31:30
20260515_163104,S07,G2,select_wrist_rotate,6,4.0,116,data\raw\S07\20260515_163104_S07_G2_T006.csv,2026-05-15T16:31:35
20260515_163104,S07,G2,select_wrist_rotate,7,4.0,117,data\raw\S07\20260515_163104_S07_G2_T007.csv,2026-05-15T16:31:40
20260515_163104,S07,G2,select_wrist_rotate,8,4.0,112,data\raw\S07\20260515_163104_S07_G2_T008.csv,2026-05-15T16:31:45
20260515_163104,S07,G2,select_wrist_rotate,9,4.0,120,data\raw\S07\20260515_163104_S07_G2_T009.csv,2026-05-15T16:31:50
20260515_163104,S07,G2,select_wrist_rotate,10,4.0,121,data\raw\S07\20260515_163104_S07_G2_T010.csv,2026-05-15T16:31:56
20260515_163104,S07,G2,select_wrist_rotate,11,4.0,112,data\raw\S07\20260515_163104_S07_G2_T011.csv,2026-05-15T16:32:01
20260515_163104,S07,G2,select_wrist_rotate,12,4.0,114,data\raw\S07\20260515_163104_S07_G2_T012.csv,2026-05-15T16:32:06
20260515_163104,S07,G2,select_wrist_rotate,13,4.0,125,data\raw\S07\20260515_163104_S07_G2_T013.csv,2026-05-15T16:32:11
20260515_163104,S07,G2,select_wrist_rotate,14,4.0,113,data\raw\S07\20260515_163104_S07_G2_T014.csv,2026-05-15T16:32:17
20260515_163104,S07,G2,select_wrist_rotate,15,4.0,119,data\raw\S07\20260515_163104_S07_G2_T015.csv,2026-05-15T16:32:22
20260515_163104,S07,G2,select_wrist_rotate,16,4.0,113,data\raw\S07\20260515_163104_S07_G2_T016.csv,2026-05-15T16:32:27
20260515_163104,S07,G2,select_wrist_rotate,17,4.0,115,data\raw\S07\20260515_163104_S07_G2_T017.csv,2026-05-15T16:32:32
20260515_163104,S07,G2,select_wrist_rotate,18,4.0,114,data\raw\S07\20260515_163104_S07_G2_T018.csv,2026-05-15T16:32:37
20260515_163104,S07,G2,select_wrist_rotate,19,4.0,113,data\raw\S07\20260515_163104_S07_G2_T019.csv,2026-05-15T16:32:42
20260515_163104,S07,G2,select_wrist_rotate,20,4.0,117,data\raw\S07\20260515_163104_S07_G2_T020.csv,2026-05-15T16:32:47
20260515_163104,S07,G2,select_wrist_rotate,21,4.0,125,data\raw\S07\20260515_163104_S07_G2_T021.csv,2026-05-15T16:32:53
20260515_163104,S07,G2,select_wrist_rotate,22,4.0,120,data\raw\S07\20260515_163104_S07_G2_T022.csv,2026-05-15T16:32:58
20260515_163104,S07,G2,select_wrist_rotate,23,4.0,118,data\raw\S07\20260515_163104_S07_G2_T023.csv,2026-05-15T16:33:03
20260515_163104,S07,G2,select_wrist_rotate,24,4.0,116,data\raw\S07\20260515_163104_S07_G2_T024.csv,2026-05-15T16:33:08
20260515_163104,S07,G2,select_wrist_rotate,25,4.0,117,data\raw\S07\20260515_163104_S07_G2_T025.csv,2026-05-15T16:33:13
20260515_163104,S07,G2,select_wrist_rotate,26,4.0,113,data\raw\S07\20260515_163104_S07_G2_T026.csv,2026-05-15T16:33:18
20260515_163104,S07,G2,select_wrist_rotate,27,4.0,121,data\raw\S07\20260515_163104_S07_G2_T027.csv,2026-05-15T16:33:24
20260515_163104,S07,G2,select_wrist_rotate,28,4.0,108,data\raw\S07\20260515_163104_S07_G2_T028.csv,2026-05-15T16:33:29
20260515_163104,S07,G2,select_wrist_rotate,29,4.0,110,data\raw\S07\20260515_163104_S07_G2_T029.csv,2026-05-15T16:33:34
20260515_163104,S07,G2,select_wrist_rotate,30,4.0,115,data\raw\S07\20260515_163104_S07_G2_T030.csv,2026-05-15T16:33:39
20260515_163104,S07,G2,select_wrist_rotate,31,4.0,120,data\raw\S07\20260515_163104_S07_G2_T031.csv,2026-05-15T16:33:44
20260515_163104,S07,G2,select_wrist_rotate,32,4.0,120,data\raw\S07\20260515_163104_S07_G2_T032.csv,2026-05-15T16:33:50
20260515_163104,S07,G2,select_wrist_rotate,33,4.0,113,data\raw\S07\20260515_163104_S07_G2_T033.csv,2026-05-15T16:33:55
20260515_163104,S07,G2,select_wrist_rotate,34,4.0,112,data\raw\S07\20260515_163104_S07_G2_T034.csv,2026-05-15T16:34:00
20260515_163104,S07,G2,select_wrist_rotate,35,4.0,118,data\raw\S07\20260515_163104_S07_G2_T035.csv,2026-05-15T16:34:05
20260515_163104,S07,G2,select_wrist_rotate,36,4.0,118,data\raw\S07\20260515_163104_S07_G2_T036.csv,2026-05-15T16:34:10
20260515_163104,S07,G2,select_wrist_rotate,37,4.0,112,data\raw\S07\20260515_163104_S07_G2_T037.csv,2026-05-15T16:34:15
20260515_163104,S07,G2,select_wrist_rotate,38,4.0,109,data\raw\S07\20260515_163104_S07_G2_T038.csv,2026-05-15T16:34:21
20260515_163104,S07,G2,select_wrist_rotate,39,4.0,114,data\raw\S07\20260515_163104_S07_G2_T039.csv,2026-05-15T16:34:26
20260515_163104,S07,G2,select_wrist_rotate,40,4.0,118,data\raw\S07\20260515_163104_S07_G2_T040.csv,2026-05-15T16:34:31
20260515_163503,S07,G3,tv_favorite_chanel,1,4.0,118,data\raw\S07\20260515_163503_S07_G3_T001.csv,2026-05-15T16:35:09
20260515_163503,S07,G3,tv_favorite_chanel,2,4.0,115,data\raw\S07\20260515_163503_S07_G3_T002.csv,2026-05-15T16:35:14
20260515_163503,S07,G3,tv_favorite_chanel,3,4.0,110,data\raw\S07\20260515_163503_S07_G3_T003.csv,2026-05-15T16:35:19
20260515_163503,S07,G3,tv_favorite_chanel,4,4.0,107,data\raw\S07\20260515_163503_S07_G3_T004.csv,2026-05-15T16:35:24
20260515_163503,S07,G3,tv_favorite_chanel,5,4.0,115,data\raw\S07\20260515_163503_S07_G3_T005.csv,2026-05-15T16:35:29
20260515_163503,S07,G3,tv_favorite_chanel,6,4.0,118,data\raw\S07\20260515_163503_S07_G3_T006.csv,2026-05-15T16:35:34
20260515_163503,S07,G3,tv_favorite_chanel,7,4.0,117,data\raw\S07\20260515_163503_S07_G3_T007.csv,2026-05-15T16:35:40
20260515_163503,S07,G3,tv_favorite_chanel,8,4.0,109,data\raw\S07\20260515_163503_S07_G3_T008.csv,2026-05-15T16:35:45
20260515_163503,S07,G3,tv_favorite_chanel,9,4.0,111,data\raw\S07\20260515_163503_S07_G3_T009.csv,2026-05-15T16:35:50
20260515_163503,S07,G3,tv_favorite_chanel,10,4.0,111,data\raw\S07\20260515_163503_S07_G3_T010.csv,2026-05-15T16:35:55
20260515_163503,S07,G3,tv_favorite_chanel,11,4.0,108,data\raw\S07\20260515_163503_S07_G3_T011.csv,2026-05-15T16:36:00
20260515_163503,S07,G3,tv_favorite_chanel,12,4.0,108,data\raw\S07\20260515_163503_S07_G3_T012.csv,2026-05-15T16:36:05
20260515_163503,S07,G3,tv_favorite_chanel,13,4.0,115,data\raw\S07\20260515_163503_S07_G3_T013.csv,2026-05-15T16:36:11
20260515_163503,S07,G3,tv_favorite_chanel,14,4.0,112,data\raw\S07\20260515_163503_S07_G3_T014.csv,2026-05-15T16:36:16
20260515_163503,S07,G3,tv_favorite_chanel,15,4.0,118,data\raw\S07\20260515_163503_S07_G3_T015.csv,2026-05-15T16:36:21
20260515_163503,S07,G3,tv_favorite_chanel,16,4.0,116,data\raw\S07\20260515_163503_S07_G3_T016.csv,2026-05-15T16:36:26
20260515_163503,S07,G3,tv_favorite_chanel,17,4.0,119,data\raw\S07\20260515_163503_S07_G3_T017.csv,2026-05-15T16:36:32
20260515_163503,S07,G3,tv_favorite_chanel,18,4.0,115,data\raw\S07\20260515_163503_S07_G3_T018.csv,2026-05-15T16:36:37
20260515_163503,S07,G3,tv_favorite_chanel,19,4.0,115,data\raw\S07\20260515_163503_S07_G3_T019.csv,2026-05-15T16:36:42
20260515_163503,S07,G3,tv_favorite_chanel,20,4.0,111,data\raw\S07\20260515_163503_S07_G3_T020.csv,2026-05-15T16:36:47
20260515_163503,S07,G3,tv_favorite_chanel,21,4.0,115,data\raw\S07\20260515_163503_S07_G3_T021.csv,2026-05-15T16:36:52
20260515_163503,S07,G3,tv_favorite_chanel,22,4.0,116,data\raw\S07\20260515_163503_S07_G3_T022.csv,2026-05-15T16:36:58
20260515_163503,S07,G3,tv_favorite_chanel,23,4.0,122,data\raw\S07\20260515_163503_S07_G3_T023.csv,2026-05-15T16:37:03
20260515_163503,S07,G3,tv_favorite_chanel,24,4.0,124,data\raw\S07\20260515_163503_S07_G3_T024.csv,2026-05-15T16:37:08
20260515_163503,S07,G3,tv_favorite_chanel,25,4.0,112,data\raw\S07\20260515_163503_S07_G3_T025.csv,2026-05-15T16:37:13
20260515_163503,S07,G3,tv_favorite_chanel,26,4.0,121,data\raw\S07\20260515_163503_S07_G3_T026.csv,2026-05-15T16:37:18
20260515_163503,S07,G3,tv_favorite_chanel,27,4.0,119,data\raw\S07\20260515_163503_S07_G3_T027.csv,2026-05-15T16:37:24
20260515_163503,S07,G3,tv_favorite_chanel,28,4.0,118,data\raw\S07\20260515_163503_S07_G3_T028.csv,2026-05-15T16:37:29
20260515_163503,S07,G3,tv_favorite_chanel,29,4.0,117,data\raw\S07\20260515_163503_S07_G3_T029.csv,2026-05-15T16:37:34
20260515_163503,S07,G3,tv_favorite_chanel,30,4.0,108,data\raw\S07\20260515_163503_S07_G3_T030.csv,2026-05-15T16:37:39
20260515_163503,S07,G3,tv_favorite_chanel,31,4.0,122,data\raw\S07\20260515_163503_S07_G3_T031.csv,2026-05-15T16:37:44
20260515_163503,S07,G3,tv_favorite_chanel,32,4.0,111,data\raw\S07\20260515_163503_S07_G3_T032.csv,2026-05-15T16:37:49
20260515_163503,S07,G3,tv_favorite_chanel,33,4.0,111,data\raw\S07\20260515_163503_S07_G3_T033.csv,2026-05-15T16:37:55
20260515_163503,S07,G3,tv_favorite_chanel,34,4.0,113,data\raw\S07\20260515_163503_S07_G3_T034.csv,2026-05-15T16:38:00
20260515_163503,S07,G3,tv_favorite_chanel,35,4.0,117,data\raw\S07\20260515_163503_S07_G3_T035.csv,2026-05-15T16:38:05
20260515_163503,S07,G3,tv_favorite_chanel,36,4.0,111,data\raw\S07\20260515_163503_S07_G3_T036.csv,2026-05-15T16:38:10
20260515_163503,S07,G3,tv_favorite_chanel,37,4.0,115,data\raw\S07\20260515_163503_S07_G3_T037.csv,2026-05-15T16:38:15
20260515_163503,S07,G3,tv_favorite_chanel,38,4.0,115,data\raw\S07\20260515_163503_S07_G3_T038.csv,2026-05-15T16:38:20
20260515_163503,S07,G3,tv_favorite_chanel,39,4.0,109,data\raw\S07\20260515_163503_S07_G3_T039.csv,2026-05-15T16:38:25
20260515_163503,S07,G3,tv_favorite_chanel,40,4.0,114,data\raw\S07\20260515_163503_S07_G3_T040.csv,2026-05-15T16:38:31
20260515_164030,S07,G4,tv_swtich_source,1,4.0,110,data\raw\S07\20260515_164030_S07_G4_T001.csv,2026-05-15T16:40:35
20260515_164030,S07,G4,tv_swtich_source,2,4.0,119,data\raw\S07\20260515_164030_S07_G4_T002.csv,2026-05-15T16:40:40
20260515_164030,S07,G4,tv_swtich_source,3,4.0,110,data\raw\S07\20260515_164030_S07_G4_T003.csv,2026-05-15T16:40:45
20260515_164030,S07,G4,tv_swtich_source,4,4.0,114,data\raw\S07\20260515_164030_S07_G4_T004.csv,2026-05-15T16:40:50
20260515_164030,S07,G4,tv_swtich_source,5,4.0,123,data\raw\S07\20260515_164030_S07_G4_T005.csv,2026-05-15T16:40:56
20260515_164030,S07,G4,tv_swtich_source,6,4.0,122,data\raw\S07\20260515_164030_S07_G4_T006.csv,2026-05-15T16:41:01
20260515_164030,S07,G4,tv_swtich_source,7,4.0,119,data\raw\S07\20260515_164030_S07_G4_T007.csv,2026-05-15T16:41:06
20260515_164030,S07,G4,tv_swtich_source,8,4.0,118,data\raw\S07\20260515_164030_S07_G4_T008.csv,2026-05-15T16:41:11
20260515_164030,S07,G4,tv_swtich_source,9,4.0,110,data\raw\S07\20260515_164030_S07_G4_T009.csv,2026-05-15T16:41:16
20260515_164030,S07,G4,tv_swtich_source,10,4.0,115,data\raw\S07\20260515_164030_S07_G4_T010.csv,2026-05-15T16:41:22
20260515_164030,S07,G4,tv_swtich_source,11,4.0,109,data\raw\S07\20260515_164030_S07_G4_T011.csv,2026-05-15T16:41:27
20260515_164030,S07,G4,tv_swtich_source,12,4.0,111,data\raw\S07\20260515_164030_S07_G4_T012.csv,2026-05-15T16:41:32
20260515_164030,S07,G4,tv_swtich_source,13,4.0,121,data\raw\S07\20260515_164030_S07_G4_T013.csv,2026-05-15T16:41:37
20260515_164030,S07,G4,tv_swtich_source,14,4.0,112,data\raw\S07\20260515_164030_S07_G4_T014.csv,2026-05-15T16:41:42
20260515_164030,S07,G4,tv_swtich_source,15,4.0,122,data\raw\S07\20260515_164030_S07_G4_T015.csv,2026-05-15T16:41:48
20260515_164030,S07,G4,tv_swtich_source,16,4.0,111,data\raw\S07\20260515_164030_S07_G4_T016.csv,2026-05-15T16:41:53
20260515_164030,S07,G4,tv_swtich_source,17,4.0,112,data\raw\S07\20260515_164030_S07_G4_T017.csv,2026-05-15T16:41:58
20260515_164030,S07,G4,tv_swtich_source,18,4.0,107,data\raw\S07\20260515_164030_S07_G4_T018.csv,2026-05-15T16:42:03
20260515_164030,S07,G4,tv_swtich_source,19,4.0,125,data\raw\S07\20260515_164030_S07_G4_T019.csv,2026-05-15T16:42:08
20260515_164030,S07,G4,tv_swtich_source,20,4.0,112,data\raw\S07\20260515_164030_S07_G4_T020.csv,2026-05-15T16:42:14
20260515_164030,S07,G4,tv_swtich_source,21,4.0,114,data\raw\S07\20260515_164030_S07_G4_T021.csv,2026-05-15T16:42:19
20260515_164030,S07,G4,tv_swtich_source,22,4.0,115,data\raw\S07\20260515_164030_S07_G4_T022.csv,2026-05-15T16:42:24
20260515_164030,S07,G4,tv_swtich_source,23,4.0,113,data\raw\S07\20260515_164030_S07_G4_T023.csv,2026-05-15T16:42:29
20260515_164030,S07,G4,tv_swtich_source,24,4.0,114,data\raw\S07\20260515_164030_S07_G4_T024.csv,2026-05-15T16:42:34
20260515_164030,S07,G4,tv_swtich_source,25,4.0,118,data\raw\S07\20260515_164030_S07_G4_T025.csv,2026-05-15T16:42:40
20260515_164030,S07,G4,tv_swtich_source,26,4.0,118,data\raw\S07\20260515_164030_S07_G4_T026.csv,2026-05-15T16:42:45
20260515_164030,S07,G4,tv_swtich_source,27,4.0,118,data\raw\S07\20260515_164030_S07_G4_T027.csv,2026-05-15T16:42:50
20260515_164030,S07,G4,tv_swtich_source,28,4.0,124,data\raw\S07\20260515_164030_S07_G4_T028.csv,2026-05-15T16:42:55
20260515_164030,S07,G4,tv_swtich_source,29,4.0,112,data\raw\S07\20260515_164030_S07_G4_T029.csv,2026-05-15T16:43:00
20260515_164030,S07,G4,tv_swtich_source,30,4.0,111,data\raw\S07\20260515_164030_S07_G4_T030.csv,2026-05-15T16:43:06
20260515_164030,S07,G4,tv_swtich_source,31,4.0,117,data\raw\S07\20260515_164030_S07_G4_T031.csv,2026-05-15T16:43:11
20260515_164030,S07,G4,tv_swtich_source,32,4.0,111,data\raw\S07\20260515_164030_S07_G4_T032.csv,2026-05-15T16:43:16
20260515_164030,S07,G4,tv_swtich_source,33,4.0,112,data\raw\S07\20260515_164030_S07_G4_T033.csv,2026-05-15T16:43:21
20260515_164030,S07,G4,tv_swtich_source,34,4.0,114,data\raw\S07\20260515_164030_S07_G4_T034.csv,2026-05-15T16:43:26
20260515_164030,S07,G4,tv_swtich_source,35,4.0,110,data\raw\S07\20260515_164030_S07_G4_T035.csv,2026-05-15T16:43:31
20260515_164030,S07,G4,tv_swtich_source,36,4.0,111,data\raw\S07\20260515_164030_S07_G4_T036.csv,2026-05-15T16:43:36
20260515_164030,S07,G4,tv_swtich_source,37,4.0,112,data\raw\S07\20260515_164030_S07_G4_T037.csv,2026-05-15T16:43:42
20260515_164030,S07,G4,tv_swtich_source,38,4.0,117,data\raw\S07\20260515_164030_S07_G4_T038.csv,2026-05-15T16:43:47
20260515_164030,S07,G4,tv_swtich_source,39,4.0,111,data\raw\S07\20260515_164030_S07_G4_T039.csv,2026-05-15T16:43:52
20260515_164030,S07,G4,tv_swtich_source,40,4.0,112,data\raw\S07\20260515_164030_S07_G4_T040.csv,2026-05-15T16:43:57
20260515_164826,S07,G5,tv_channel_up,1,4.0,123,data\raw\S07\20260515_164826_S07_G5_T001.csv,2026-05-15T16:48:31
20260515_164826,S07,G5,tv_channel_up,2,4.0,110,data\raw\S07\20260515_164826_S07_G5_T002.csv,2026-05-15T16:48:36
20260515_164826,S07,G5,tv_channel_up,3,4.0,111,data\raw\S07\20260515_164826_S07_G5_T003.csv,2026-05-15T16:48:41
20260515_164826,S07,G5,tv_channel_up,4,4.0,114,data\raw\S07\20260515_164826_S07_G5_T004.csv,2026-05-15T16:48:46
20260515_164826,S07,G5,tv_channel_up,5,4.0,115,data\raw\S07\20260515_164826_S07_G5_T005.csv,2026-05-15T16:48:51
20260515_164826,S07,G5,tv_channel_up,6,4.0,117,data\raw\S07\20260515_164826_S07_G5_T006.csv,2026-05-15T16:48:56
20260515_164826,S07,G5,tv_channel_up,7,4.0,113,data\raw\S07\20260515_164826_S07_G5_T007.csv,2026-05-15T16:49:02
20260515_164826,S07,G5,tv_channel_up,8,4.0,115,data\raw\S07\20260515_164826_S07_G5_T008.csv,2026-05-15T16:49:07
20260515_164826,S07,G5,tv_channel_up,9,4.0,109,data\raw\S07\20260515_164826_S07_G5_T009.csv,2026-05-15T16:49:12
20260515_164826,S07,G5,tv_channel_up,10,4.0,113,data\raw\S07\20260515_164826_S07_G5_T010.csv,2026-05-15T16:49:17
20260515_164826,S07,G5,tv_channel_up,11,4.0,111,data\raw\S07\20260515_164826_S07_G5_T011.csv,2026-05-15T16:49:22
20260515_164826,S07,G5,tv_channel_up,12,4.0,118,data\raw\S07\20260515_164826_S07_G5_T012.csv,2026-05-15T16:49:27
20260515_164826,S07,G5,tv_channel_up,13,4.0,117,data\raw\S07\20260515_164826_S07_G5_T013.csv,2026-05-15T16:49:33
20260515_164826,S07,G5,tv_channel_up,14,4.0,121,data\raw\S07\20260515_164826_S07_G5_T014.csv,2026-05-15T16:49:38
20260515_164826,S07,G5,tv_channel_up,15,4.0,115,data\raw\S07\20260515_164826_S07_G5_T015.csv,2026-05-15T16:49:43
20260515_164826,S07,G5,tv_channel_up,16,4.0,121,data\raw\S07\20260515_164826_S07_G5_T016.csv,2026-05-15T16:49:48
20260515_164826,S07,G5,tv_channel_up,17,4.0,121,data\raw\S07\20260515_164826_S07_G5_T017.csv,2026-05-15T16:49:53
20260515_164826,S07,G5,tv_channel_up,18,4.0,122,data\raw\S07\20260515_164826_S07_G5_T018.csv,2026-05-15T16:49:59
20260515_164826,S07,G5,tv_channel_up,19,4.0,125,data\raw\S07\20260515_164826_S07_G5_T019.csv,2026-05-15T16:50:04
20260515_164826,S07,G5,tv_channel_up,20,4.0,112,data\raw\S07\20260515_164826_S07_G5_T020.csv,2026-05-15T16:50:09
20260515_164826,S07,G5,tv_channel_up,21,4.0,111,data\raw\S07\20260515_164826_S07_G5_T021.csv,2026-05-15T16:50:14
20260515_164826,S07,G5,tv_channel_up,22,4.0,112,data\raw\S07\20260515_164826_S07_G5_T022.csv,2026-05-15T16:50:19
20260515_164826,S07,G5,tv_channel_up,23,4.0,116,data\raw\S07\20260515_164826_S07_G5_T023.csv,2026-05-15T16:50:25
20260515_164826,S07,G5,tv_channel_up,24,4.0,118,data\raw\S07\20260515_164826_S07_G5_T024.csv,2026-05-15T16:50:30
20260515_164826,S07,G5,tv_channel_up,25,4.0,120,data\raw\S07\20260515_164826_S07_G5_T025.csv,2026-05-15T16:50:35
20260515_164826,S07,G5,tv_channel_up,26,4.0,111,data\raw\S07\20260515_164826_S07_G5_T026.csv,2026-05-15T16:50:40
20260515_164826,S07,G5,tv_channel_up,27,4.0,124,data\raw\S07\20260515_164826_S07_G5_T027.csv,2026-05-15T16:50:45
20260515_164826,S07,G5,tv_channel_up,28,4.0,116,data\raw\S07\20260515_164826_S07_G5_T028.csv,2026-05-15T16:50:51
20260515_164826,S07,G5,tv_channel_up,29,4.0,109,data\raw\S07\20260515_164826_S07_G5_T029.csv,2026-05-15T16:50:56
20260515_164826,S07,G5,tv_channel_up,30,4.0,120,data\raw\S07\20260515_164826_S07_G5_T030.csv,2026-05-15T16:51:01
20260515_164826,S07,G5,tv_channel_up,31,4.0,119,data\raw\S07\20260515_164826_S07_G5_T031.csv,2026-05-15T16:51:06
20260515_164826,S07,G5,tv_channel_up,32,4.0,119,data\raw\S07\20260515_164826_S07_G5_T032.csv,2026-05-15T16:51:11
20260515_164826,S07,G5,tv_channel_up,33,4.0,115,data\raw\S07\20260515_164826_S07_G5_T033.csv,2026-05-15T16:51:17
20260515_164826,S07,G5,tv_channel_up,34,4.0,124,data\raw\S07\20260515_164826_S07_G5_T034.csv,2026-05-15T16:51:22
20260515_164826,S07,G5,tv_channel_up,35,4.0,122,data\raw\S07\20260515_164826_S07_G5_T035.csv,2026-05-15T16:51:27
20260515_164826,S07,G5,tv_channel_up,36,4.0,121,data\raw\S07\20260515_164826_S07_G5_T036.csv,2026-05-15T16:51:32
20260515_164826,S07,G5,tv_channel_up,37,4.0,124,data\raw\S07\20260515_164826_S07_G5_T037.csv,2026-05-15T16:51:37
20260515_164826,S07,G5,tv_channel_up,38,4.0,118,data\raw\S07\20260515_164826_S07_G5_T038.csv,2026-05-15T16:51:42
20260515_164826,S07,G5,tv_channel_up,39,4.0,114,data\raw\S07\20260515_164826_S07_G5_T039.csv,2026-05-15T16:51:48
20260515_164826,S07,G5,tv_channel_up,40,4.0,123,data\raw\S07\20260515_164826_S07_G5_T040.csv,2026-05-15T16:51:53
20260515_165227,S08,G5,tv_channel_up,1,4.0,117,data\raw\S08\20260515_165227_S08_G5_T001.csv,2026-05-15T16:52:32
20260515_165227,S08,G5,tv_channel_up,2,4.0,113,data\raw\S08\20260515_165227_S08_G5_T002.csv,2026-05-15T16:52:38
20260515_165227,S08,G5,tv_channel_up,3,4.0,112,data\raw\S08\20260515_165227_S08_G5_T003.csv,2026-05-15T16:52:43
20260515_165227,S08,G5,tv_channel_up,4,4.0,112,data\raw\S08\20260515_165227_S08_G5_T004.csv,2026-05-15T16:52:48
20260515_165227,S08,G5,tv_channel_up,5,4.0,116,data\raw\S08\20260515_165227_S08_G5_T005.csv,2026-05-15T16:52:53
20260515_165227,S08,G5,tv_channel_up,6,4.0,119,data\raw\S08\20260515_165227_S08_G5_T006.csv,2026-05-15T16:52:58
20260515_165227,S08,G5,tv_channel_up,7,4.0,113,data\raw\S08\20260515_165227_S08_G5_T007.csv,2026-05-15T16:53:03
20260515_165227,S08,G5,tv_channel_up,8,4.0,111,data\raw\S08\20260515_165227_S08_G5_T008.csv,2026-05-15T16:53:09
20260515_165227,S08,G5,tv_channel_up,9,4.0,115,data\raw\S08\20260515_165227_S08_G5_T009.csv,2026-05-15T16:53:14
20260515_165227,S08,G5,tv_channel_up,10,4.0,116,data\raw\S08\20260515_165227_S08_G5_T010.csv,2026-05-15T16:53:19
20260515_165227,S08,G5,tv_channel_up,11,4.0,112,data\raw\S08\20260515_165227_S08_G5_T011.csv,2026-05-15T16:53:24
20260515_165227,S08,G5,tv_channel_up,12,4.0,109,data\raw\S08\20260515_165227_S08_G5_T012.csv,2026-05-15T16:53:30
20260515_165227,S08,G5,tv_channel_up,13,4.0,115,data\raw\S08\20260515_165227_S08_G5_T013.csv,2026-05-15T16:53:35
20260515_165227,S08,G5,tv_channel_up,14,4.0,115,data\raw\S08\20260515_165227_S08_G5_T014.csv,2026-05-15T16:53:40
20260515_165227,S08,G5,tv_channel_up,15,4.0,123,data\raw\S08\20260515_165227_S08_G5_T015.csv,2026-05-15T16:53:45
20260515_165227,S08,G5,tv_channel_up,16,4.0,110,data\raw\S08\20260515_165227_S08_G5_T016.csv,2026-05-15T16:53:50
20260515_165227,S08,G5,tv_channel_up,17,4.0,123,data\raw\S08\20260515_165227_S08_G5_T017.csv,2026-05-15T16:53:56
20260515_165227,S08,G5,tv_channel_up,18,4.0,123,data\raw\S08\20260515_165227_S08_G5_T018.csv,2026-05-15T16:54:01
20260515_165227,S08,G5,tv_channel_up,19,4.0,118,data\raw\S08\20260515_165227_S08_G5_T019.csv,2026-05-15T16:54:06
20260515_165227,S08,G5,tv_channel_up,20,4.0,110,data\raw\S08\20260515_165227_S08_G5_T020.csv,2026-05-15T16:54:11
20260515_165227,S08,G5,tv_channel_up,21,4.0,109,data\raw\S08\20260515_165227_S08_G5_T021.csv,2026-05-15T16:54:17
20260515_165227,S08,G5,tv_channel_up,22,4.0,114,data\raw\S08\20260515_165227_S08_G5_T022.csv,2026-05-15T16:54:22
20260515_165227,S08,G5,tv_channel_up,23,4.0,112,data\raw\S08\20260515_165227_S08_G5_T023.csv,2026-05-15T16:54:27
20260515_165227,S08,G5,tv_channel_up,24,4.0,116,data\raw\S08\20260515_165227_S08_G5_T024.csv,2026-05-15T16:54:32
20260515_165227,S08,G5,tv_channel_up,25,4.0,114,data\raw\S08\20260515_165227_S08_G5_T025.csv,2026-05-15T16:54:37
20260515_165227,S08,G5,tv_channel_up,26,4.0,114,data\raw\S08\20260515_165227_S08_G5_T026.csv,2026-05-15T16:54:42
20260515_165227,S08,G5,tv_channel_up,27,4.0,110,data\raw\S08\20260515_165227_S08_G5_T027.csv,2026-05-15T16:54:48
20260515_165227,S08,G5,tv_channel_up,28,4.0,108,data\raw\S08\20260515_165227_S08_G5_T028.csv,2026-05-15T16:54:53
20260515_165227,S08,G5,tv_channel_up,29,4.0,113,data\raw\S08\20260515_165227_S08_G5_T029.csv,2026-05-15T16:54:58
20260515_165227,S08,G5,tv_channel_up,30,4.0,114,data\raw\S08\20260515_165227_S08_G5_T030.csv,2026-05-15T16:55:03
20260515_165227,S08,G5,tv_channel_up,31,4.0,122,data\raw\S08\20260515_165227_S08_G5_T031.csv,2026-05-15T16:55:08
20260515_165227,S08,G5,tv_channel_up,32,4.0,111,data\raw\S08\20260515_165227_S08_G5_T032.csv,2026-05-15T16:55:14
20260515_165227,S08,G5,tv_channel_up,33,4.0,111,data\raw\S08\20260515_165227_S08_G5_T033.csv,2026-05-15T16:55:19
20260515_165227,S08,G5,tv_channel_up,34,4.0,114,data\raw\S08\20260515_165227_S08_G5_T034.csv,2026-05-15T16:55:24
20260515_165227,S08,G5,tv_channel_up,35,4.0,110,data\raw\S08\20260515_165227_S08_G5_T035.csv,2026-05-15T16:55:29
20260515_165227,S08,G5,tv_channel_up,36,4.0,112,data\raw\S08\20260515_165227_S08_G5_T036.csv,2026-05-15T16:55:34
20260515_165227,S08,G5,tv_channel_up,37,4.0,115,data\raw\S08\20260515_165227_S08_G5_T037.csv,2026-05-15T16:55:40
20260515_165227,S08,G5,tv_channel_up,38,4.0,115,data\raw\S08\20260515_165227_S08_G5_T038.csv,2026-05-15T16:55:45
20260515_165227,S08,G5,tv_channel_up,39,4.0,111,data\raw\S08\20260515_165227_S08_G5_T039.csv,2026-05-15T16:55:50
20260515_165227,S08,G5,tv_channel_up,40,4.0,103,data\raw\S08\20260515_165227_S08_G5_T040.csv,2026-05-15T16:55:55
20260515_165907,S08,G6,tv_channel_down,1,4.0,110,data\raw\S08\20260515_165907_S08_G6_T001.csv,2026-05-15T16:59:13
20260515_165907,S08,G6,tv_channel_down,2,4.0,116,data\raw\S08\20260515_165907_S08_G6_T002.csv,2026-05-15T16:59:18
20260515_165907,S08,G6,tv_channel_down,3,4.0,108,data\raw\S08\20260515_165907_S08_G6_T003.csv,2026-05-15T16:59:23
20260515_165907,S08,G6,tv_channel_down,4,4.0,111,data\raw\S08\20260515_165907_S08_G6_T004.csv,2026-05-15T16:59:28
20260515_165907,S08,G6,tv_channel_down,5,4.0,119,data\raw\S08\20260515_165907_S08_G6_T005.csv,2026-05-15T16:59:33
20260515_165907,S08,G6,tv_channel_down,6,4.0,113,data\raw\S08\20260515_165907_S08_G6_T006.csv,2026-05-15T16:59:39
20260515_165907,S08,G6,tv_channel_down,7,4.0,112,data\raw\S08\20260515_165907_S08_G6_T007.csv,2026-05-15T16:59:44
20260515_165907,S08,G6,tv_channel_down,8,4.0,116,data\raw\S08\20260515_165907_S08_G6_T008.csv,2026-05-15T16:59:49
20260515_165907,S08,G6,tv_channel_down,9,4.0,109,data\raw\S08\20260515_165907_S08_G6_T009.csv,2026-05-15T16:59:54
20260515_165907,S08,G6,tv_channel_down,10,4.0,117,data\raw\S08\20260515_165907_S08_G6_T010.csv,2026-05-15T17:00:00
20260515_165907,S08,G6,tv_channel_down,11,4.0,113,data\raw\S08\20260515_165907_S08_G6_T011.csv,2026-05-15T17:00:05
20260515_165907,S08,G6,tv_channel_down,12,4.0,114,data\raw\S08\20260515_165907_S08_G6_T012.csv,2026-05-15T17:00:10
20260515_165907,S08,G6,tv_channel_down,13,4.0,111,data\raw\S08\20260515_165907_S08_G6_T013.csv,2026-05-15T17:00:15
20260515_165907,S08,G6,tv_channel_down,14,4.0,109,data\raw\S08\20260515_165907_S08_G6_T014.csv,2026-05-15T17:00:20
20260515_165907,S08,G6,tv_channel_down,15,4.0,120,data\raw\S08\20260515_165907_S08_G6_T015.csv,2026-05-15T17:00:26
20260515_165907,S08,G6,tv_channel_down,16,4.0,115,data\raw\S08\20260515_165907_S08_G6_T016.csv,2026-05-15T17:00:31
20260515_165907,S08,G6,tv_channel_down,17,4.0,114,data\raw\S08\20260515_165907_S08_G6_T017.csv,2026-05-15T17:00:36
20260515_165907,S08,G6,tv_channel_down,18,4.0,112,data\raw\S08\20260515_165907_S08_G6_T018.csv,2026-05-15T17:00:41
20260515_165907,S08,G6,tv_channel_down,19,4.0,116,data\raw\S08\20260515_165907_S08_G6_T019.csv,2026-05-15T17:00:46
20260515_165907,S08,G6,tv_channel_down,20,4.0,110,data\raw\S08\20260515_165907_S08_G6_T020.csv,2026-05-15T17:00:51
20260515_165907,S08,G6,tv_channel_down,21,4.0,115,data\raw\S08\20260515_165907_S08_G6_T021.csv,2026-05-15T17:00:57
20260515_165907,S08,G6,tv_channel_down,22,4.0,116,data\raw\S08\20260515_165907_S08_G6_T022.csv,2026-05-15T17:01:02
20260515_165907,S08,G6,tv_channel_down,23,4.0,110,data\raw\S08\20260515_165907_S08_G6_T023.csv,2026-05-15T17:01:07
20260515_165907,S08,G6,tv_channel_down,24,4.0,118,data\raw\S08\20260515_165907_S08_G6_T024.csv,2026-05-15T17:01:12
20260515_165907,S08,G6,tv_channel_down,25,4.0,110,data\raw\S08\20260515_165907_S08_G6_T025.csv,2026-05-15T17:01:17
20260515_165907,S08,G6,tv_channel_down,26,4.0,113,data\raw\S08\20260515_165907_S08_G6_T026.csv,2026-05-15T17:01:23
20260515_165907,S08,G6,tv_channel_down,27,4.0,117,data\raw\S08\20260515_165907_S08_G6_T027.csv,2026-05-15T17:01:28
20260515_165907,S08,G6,tv_channel_down,28,4.0,108,data\raw\S08\20260515_165907_S08_G6_T028.csv,2026-05-15T17:01:33
20260515_165907,S08,G6,tv_channel_down,29,4.0,113,data\raw\S08\20260515_165907_S08_G6_T029.csv,2026-05-15T17:01:38
20260515_165907,S08,G6,tv_channel_down,30,4.0,115,data\raw\S08\20260515_165907_S08_G6_T030.csv,2026-05-15T17:01:43
20260515_165907,S08,G6,tv_channel_down,31,4.0,111,data\raw\S08\20260515_165907_S08_G6_T031.csv,2026-05-15T17:01:48
20260515_165907,S08,G6,tv_channel_down,32,4.0,116,data\raw\S08\20260515_165907_S08_G6_T032.csv,2026-05-15T17:01:54
20260515_165907,S08,G6,tv_channel_down,33,4.0,116,data\raw\S08\20260515_165907_S08_G6_T033.csv,2026-05-15T17:01:59
20260515_165907,S08,G6,tv_channel_down,34,4.0,116,data\raw\S08\20260515_165907_S08_G6_T034.csv,2026-05-15T17:02:04
20260515_165907,S08,G6,tv_channel_down,35,4.0,110,data\raw\S08\20260515_165907_S08_G6_T035.csv,2026-05-15T17:02:09
20260515_165907,S08,G6,tv_channel_down,36,4.0,108,data\raw\S08\20260515_165907_S08_G6_T036.csv,2026-05-15T17:02:15
20260515_165907,S08,G6,tv_channel_down,37,4.0,119,data\raw\S08\20260515_165907_S08_G6_T037.csv,2026-05-15T17:02:20
20260515_165907,S08,G6,tv_channel_down,38,4.0,120,data\raw\S08\20260515_165907_S08_G6_T038.csv,2026-05-15T17:02:25
20260515_165907,S08,G6,tv_channel_down,39,4.0,111,data\raw\S08\20260515_165907_S08_G6_T039.csv,2026-05-15T17:02:30
20260515_165907,S08,G6,tv_channel_down,40,4.0,113,data\raw\S08\20260515_165907_S08_G6_T040.csv,2026-05-15T17:02:35
